[WARN] The "pnpm" field in package.json is no longer read by pnpm. The following keys were ignored: "pnpm.overrides", "pnpm.patchedDependencies". See https://pnpm.io/settings for the new home of each setting.

> @zcode/desktop@ build C:\Users\qianmengyys\Desktop\agent\ZCode\packages\desktop
> pnpm prepare:runtime-assets && pnpm run build:no-runtime-assets

../../apps/zcode-cli                     |  WARN  Unsupported engine: wanted: {"node":"24.14.0"} (current: {"node":"v24.11.0","pnpm":"10.33.2"})

> @zcode/desktop@ prepare:runtime-assets C:\Users\qianmengyys\Desktop\agent\ZCode\packages\desktop
> node scripts/prepare-runtime-assets.mjs

[ci][timer] prepare-runtime-assets:prepare:remote-assets start
../../apps/zcode-cli                     |  WARN  Unsupported engine: wanted: {"node":"24.14.0"} (current: {"node":"v24.11.0","pnpm":"10.33.2"})

> @zcode/desktop@ prepare:remote-assets C:\Users\qianmengyys\Desktop\agent\ZCode\packages\desktop
> node ../../scripts/prepare-prebuilds.mjs

==> Preparing mock CDN release in C:\Users\qianmengyys\Desktop\agent\ZCode\packages\desktop\mock-cdn\releases\3.14.3
  [skip] mock-cdn node/linux-arm64 already exists
  [skip] mock-cdn node/linux-x64 already exists
  [skip] mock-cdn node/darwin-arm64 already exists
  [skip] mock-cdn node/darwin-x64 already exists
==> Building server bundle
../../apps/zcode-cli                     |  WARN  Unsupported engine: wanted: {"node":"24.14.0"} (current: {"node":"v24.11.0","pnpm":"10.33.2"})

> @zcode/server@ build:remote C:\Users\qianmengyys\Desktop\agent\ZCode\packages\server
> tsx build-remote.ts

Built dist/remote/zcode-server.cjs
Built dist/companion/zcode-companion.cjs
  [ok] mock-cdn server/zcode-server.cjs
==> Copying node-pty prebuilds from @lydell/node-pty
  [skip] mock-cdn node-pty/linux-arm64 already exists
  [skip] mock-cdn node-pty/linux-x64 already exists
  [skip] mock-cdn node-pty/darwin-arm64 already exists
  [skip] mock-cdn node-pty/darwin-x64 already exists
==> Building zcode-cli bundle for remote agents
apps/zcode-cli                           |  WARN  Unsupported engine: wanted: {"node":"24.14.0"} (current: {"node":"v24.11.0","pnpm":"10.33.2"})

> @zcode/shared-types@0.1.0 build C:\Users\qianmengyys\Desktop\agent\ZCode\apps\zcode-cli\packages\shared-types
> tsc

apps/zcode-cli                           |  WARN  Unsupported engine: wanted: {"node":"24.14.0"} (current: {"node":"v24.11.0","pnpm":"10.33.2"})

> @zcode/contracts@0.1.0 build C:\Users\qianmengyys\Desktop\agent\ZCode\apps\zcode-cli\packages\contracts
> tsc

apps/zcode-cli                           |  WARN  Unsupported engine: wanted: {"node":"24.14.0"} (current: {"node":"v24.11.0","pnpm":"10.33.2"})

> @zcode/dynamic-workflow@0.1.0 build C:\Users\qianmengyys\Desktop\agent\ZCode\apps\zcode-cli\packages\dynamic-workflow
> node scripts/generate-libs.mjs && tsc

apps/zcode-cli                           |  WARN  Unsupported engine: wanted: {"node":"24.14.0"} (current: {"node":"v24.11.0","pnpm":"10.33.2"})

> @zcode/dynamic-workflow-runtime@0.1.0 build C:\Users\qianmengyys\Desktop\agent\ZCode\apps\zcode-cli\packages\dynamic-workflow-runtime
> tsc

apps/zcode-cli                           |  WARN  Unsupported engine: wanted: {"node":"24.14.0"} (current: {"node":"v24.11.0","pnpm":"10.33.2"})

> @zcode/core@0.1.0 build C:\Users\qianmengyys\Desktop\agent\ZCode\apps\zcode-cli\packages\core
> tsc

apps/zcode-cli                           |  WARN  Unsupported engine: wanted: {"node":"24.14.0"} (current: {"node":"v24.11.0","pnpm":"10.33.2"})

> @zcode/adapters@0.1.0 build C:\Users\qianmengyys\Desktop\agent\ZCode\apps\zcode-cli\packages\adapters
> tsc

apps/zcode-cli                           |  WARN  Unsupported engine: wanted: {"node":"24.14.0"} (current: {"node":"v24.11.0","pnpm":"10.33.2"})

> @zcode/i18n@0.1.0 build C:\Users\qianmengyys\Desktop\agent\ZCode\apps\zcode-cli\packages\i18n
> tsc

apps/zcode-cli                           |  WARN  Unsupported engine: wanted: {"node":"24.14.0"} (current: {"node":"v24.11.0","pnpm":"10.33.2"})

> @zcode/telemetry@0.1.0 build C:\Users\qianmengyys\Desktop\agent\ZCode\apps\zcode-cli\packages\telemetry
> tsc

apps/zcode-cli                           |  WARN  Unsupported engine: wanted: {"node":"24.14.0"} (current: {"node":"v24.11.0","pnpm":"10.33.2"})

> @zcode/bootstrap@0.1.0 build C:\Users\qianmengyys\Desktop\agent\ZCode\apps\zcode-cli\packages\bootstrap
> tsc

apps/zcode-cli                           |  WARN  Unsupported engine: wanted: {"node":"24.14.0"} (current: {"node":"v24.11.0","pnpm":"10.33.2"})

> @zcode/node-repl-host@0.6.0 build C:\Users\qianmengyys\Desktop\agent\ZCode\apps\zcode-cli\packages\node-repl-host
> tsc && node scripts/build.mjs

[node-repl-host] C:\Users\qianmengyys\Desktop\agent\ZCode\apps\zcode-cli\packages\node-repl-host\dist\mcp\server.js
apps/zcode-cli                           |  WARN  Unsupported engine: wanted: {"node":"24.14.0"} (current: {"node":"v24.11.0","pnpm":"10.33.2"})

> @zcode/browser-use-plugin@0.5.1 build C:\Users\qianmengyys\Desktop\agent\ZCode\apps\zcode-cli\packages\browser-use-plugin
> tsc && node scripts/build.mjs

(node:22056) [DEP0190] DeprecationWarning: Passing args to a child process with shell option true can lead to security vulnerabilities, as the arguments are not escaped, only concatenated.
(Use `node --trace-deprecation ...` to show where the warning was created)
apps/zcode-cli                           |  WARN  Unsupported engine: wanted: {"node":"24.14.0"} (current: {"node":"v24.11.0","pnpm":"10.33.2"})

> @zcode/cli@0.1.0 build:desktop-agent C:\Users\qianmengyys\Desktop\agent\ZCode\apps\zcode-cli\packages\cli
> node scripts/build.mjs --desktop-agent


  dist\zcode.cjs  16.0mb

Done in 2311ms
[stage:agent-bundle] staged C:\Users\qianmengyys\Desktop\agent\ZCode\packages\desktop\bundled-agents\win32-x64\glm\zcode.cjs
==> Building remote official plugin runtime: @zcode/browser-use-plugin
.                                        |  WARN  Unsupported engine: wanted: {"node":"24.14.0"} (current: {"node":"v24.11.0","pnpm":"10.33.2"})

> @zcode/browser-use-plugin@0.5.1 build C:\Users\qianmengyys\Desktop\agent\ZCode\apps\zcode-cli\packages\browser-use-plugin
> tsc && node scripts/build.mjs

==> Building remote official plugin runtime: @zcode/node-repl-host
.                                        |  WARN  Unsupported engine: wanted: {"node":"24.14.0"} (current: {"node":"v24.11.0","pnpm":"10.33.2"})

> @zcode/node-repl-host@0.6.0 build C:\Users\qianmengyys\Desktop\agent\ZCode\apps\zcode-cli\packages\node-repl-host
> tsc && node scripts/build.mjs

[node-repl-host] C:\Users\qianmengyys\Desktop\agent\ZCode\apps\zcode-cli\packages\node-repl-host\dist\mcp\server.js
  [ok] mock-cdn glm official plugin packages/browser-use-plugin
  [ok] mock-cdn glm official plugin packages/node-repl-host
(node:25704) [DEP0190] DeprecationWarning: Passing args to a child process with shell option true can lead to security vulnerabilities, as the arguments are not escaped, only concatenated.
(Use `node --trace-deprecation ...` to show where the warning was created)
  [ok] mock-cdn glm bundled skill pack packages/bundled-skills
  [ok] mock-cdn glm/linux-arm64/zcode.cjs
  [ok] mock-cdn glm official plugin packages/browser-use-plugin
  [ok] mock-cdn glm official plugin packages/node-repl-host
  [ok] mock-cdn glm bundled skill pack packages/bundled-skills
  [ok] mock-cdn glm/linux-x64/zcode.cjs
  [ok] mock-cdn glm official plugin packages/browser-use-plugin
  [ok] mock-cdn glm official plugin packages/node-repl-host
  [ok] mock-cdn glm bundled skill pack packages/bundled-skills
  [ok] mock-cdn glm/darwin-arm64/zcode.cjs
  [ok] mock-cdn glm official plugin packages/browser-use-plugin
  [ok] mock-cdn glm official plugin packages/node-repl-host
  [ok] mock-cdn glm bundled skill pack packages/bundled-skills
  [ok] mock-cdn glm/darwin-x64/zcode.cjs
==> Preparing local native search binaries for remote platforms
==> Preparing native search tools from repository archives
    platform: linux-arm64
    target:   C:\Users\qianmengyys\Desktop\agent\ZCode\packages\desktop\mock-cdn\releases\3.14.3\tools\linux-arm64
    [skip] bfs v4.1.1-2 已存在
    [skip] ugrep v7.8.4-1 已存在
    [skip] ripgrep v14.1.1-1 已存在
==> Done! native search tools (linux-arm64) -> C:\Users\qianmengyys\Desktop\agent\ZCode\packages\desktop\mock-cdn\releases\3.14.3\tools\linux-arm64
==> Preparing native search tools from repository archives
    platform: linux-x64
    target:   C:\Users\qianmengyys\Desktop\agent\ZCode\packages\desktop\mock-cdn\releases\3.14.3\tools\linux-x64
    [skip] bfs v4.1.1-2 已存在
    [skip] ugrep v7.8.4-1 已存在
    [skip] ripgrep v14.1.1-1 已存在
==> Done! native search tools (linux-x64) -> C:\Users\qianmengyys\Desktop\agent\ZCode\packages\desktop\mock-cdn\releases\3.14.3\tools\linux-x64
==> Preparing native search tools from repository archives
    platform: darwin-arm64
    target:   C:\Users\qianmengyys\Desktop\agent\ZCode\packages\desktop\mock-cdn\releases\3.14.3\tools\darwin-arm64
    [skip] ripgrep v13.0.0-10 已存在
==> Done! native search tools (darwin-arm64) -> C:\Users\qianmengyys\Desktop\agent\ZCode\packages\desktop\mock-cdn\releases\3.14.3\tools\darwin-arm64
==> Preparing native search tools from repository archives
    platform: darwin-x64
    target:   C:\Users\qianmengyys\Desktop\agent\ZCode\packages\desktop\mock-cdn\releases\3.14.3\tools\darwin-x64
    [skip] ripgrep v13.0.0-10 已存在
==> Done! native search tools (darwin-x64) -> C:\Users\qianmengyys\Desktop\agent\ZCode\packages\desktop\mock-cdn\releases\3.14.3\tools\darwin-x64
==> Packaging component artifacts and manifests
  [skip] component server-bundle linux-arm64 unchanged
  [skip] component node-runtime linux-arm64 unchanged
  [skip] component node-pty linux-arm64 unchanged
  [skip] component glm linux-arm64 unchanged
  [skip] component bfs linux-arm64 unchanged
  [skip] component ripgrep linux-arm64 unchanged
  [skip] component ugrep linux-arm64 unchanged
  [ok] mock-cdn releases/3.14.3/manifest-linux-arm64.json
  [skip] component server-bundle linux-x64 unchanged
  [skip] component node-runtime linux-x64 unchanged
  [skip] component node-pty linux-x64 unchanged
  [skip] component glm linux-x64 unchanged
  [skip] component bfs linux-x64 unchanged
  [skip] component ripgrep linux-x64 unchanged
  [skip] component ugrep linux-x64 unchanged
  [ok] mock-cdn releases/3.14.3/manifest-linux-x64.json
  [skip] component server-bundle darwin-arm64 unchanged
  [skip] component node-runtime darwin-arm64 unchanged
  [skip] component node-pty darwin-arm64 unchanged
  [skip] component glm darwin-arm64 unchanged
  [skip] component ripgrep darwin-arm64 unchanged
  [ok] mock-cdn releases/3.14.3/manifest-darwin-arm64.json
  [skip] component server-bundle darwin-x64 unchanged
  [skip] component node-runtime darwin-x64 unchanged
  [skip] component node-pty darwin-x64 unchanged
  [skip] component glm darwin-x64 unchanged
  [skip] component ripgrep darwin-x64 unchanged
  [ok] mock-cdn releases/3.14.3/manifest-darwin-x64.json
==> Done! Mock CDN release ready at C:\Users\qianmengyys\Desktop\agent\ZCode\packages\desktop\mock-cdn\releases\3.14.3
[ci][timer] prepare-runtime-assets:prepare:remote-assets end duration_ms=118165
[ci][timer] prepare-runtime-assets:pack-remote-assets-cdn start
[remote-cdn] version=3.14.3 source=C:\Users\qianmengyys\Desktop\agent\ZCode\packages\desktop\mock-cdn\releases\3.14.3
==> linux-x64: 7 个组件
  [ok] node-pty: v1.2.0-beta.10+9cadaab6a8bf (0.4 MB)
  [ok] server-bundle: v3.14.3+5035abacd5c3 (1.9 MB)
  [ok] ripgrep: v14.1.1-1+d370a00945a4 (2.3 MB)
  [ok] bfs: v4.1.1-2+29e212db4e2e (0.4 MB)
  [ok] ugrep: v7.8.4-1+d76266aa6048 (1.5 MB)
  [ok] node-runtime: v22.16.0+001ba315275b (42.0 MB)
  [ok] glm: v0.13.3+ce1860ce5cfc (4.7 MB)
  [ok] manifest-linux-x64.json

[remote-cdn] 产出: C:\Users\qianmengyys\Desktop\agent\ZCode\packages\desktop\dist-remote-cdn\zcode\electron\releases
[remote-cdn] 发布: 把 "C:\Users\qianmengyys\Desktop\agent\ZCode\packages\desktop\dist-remote-cdn" 下的内容整体上传到托管根，
           然后把 ZCODE_CDN_BASE_URL 指向该根（构建期写 .env.production，或运行时 env 覆盖）。
[remote-cdn] 本地验证: 用静态服务指向该根，例如
            python -m http.server 8899 --directory "C:\Users\qianmengyys\Desktop\agent\ZCode\packages\desktop\dist-remote-cdn"
            再以 ZCODE_CDN_BASE_URL=http://127.0.0.1:8899 启动应用。
[ci][timer] prepare-runtime-assets:pack-remote-assets-cdn end duration_ms=4296
[ci][timer] prepare-runtime-assets:prepare:agent-bundle start
../../apps/zcode-cli                     |  WARN  Unsupported engine: wanted: {"node":"24.14.0"} (current: {"node":"v24.11.0","pnpm":"10.33.2"})

> @zcode/desktop@ prepare:agent-bundle C:\Users\qianmengyys\Desktop\agent\ZCode\packages\desktop
> node scripts/prepare-agent-node-bundle.mjs

[prepare:agent-bundle] building zcode-cli app-server bundle ...
apps/zcode-cli                           |  WARN  Unsupported engine: wanted: {"node":"24.14.0"} (current: {"node":"v24.11.0","pnpm":"10.33.2"})

> @zcode/shared-types@0.1.0 build C:\Users\qianmengyys\Desktop\agent\ZCode\apps\zcode-cli\packages\shared-types
> tsc

apps/zcode-cli                           |  WARN  Unsupported engine: wanted: {"node":"24.14.0"} (current: {"node":"v24.11.0","pnpm":"10.33.2"})

> @zcode/contracts@0.1.0 build C:\Users\qianmengyys\Desktop\agent\ZCode\apps\zcode-cli\packages\contracts
> tsc

apps/zcode-cli                           |  WARN  Unsupported engine: wanted: {"node":"24.14.0"} (current: {"node":"v24.11.0","pnpm":"10.33.2"})

> @zcode/dynamic-workflow@0.1.0 build C:\Users\qianmengyys\Desktop\agent\ZCode\apps\zcode-cli\packages\dynamic-workflow
> node scripts/generate-libs.mjs && tsc

apps/zcode-cli                           |  WARN  Unsupported engine: wanted: {"node":"24.14.0"} (current: {"node":"v24.11.0","pnpm":"10.33.2"})

> @zcode/dynamic-workflow-runtime@0.1.0 build C:\Users\qianmengyys\Desktop\agent\ZCode\apps\zcode-cli\packages\dynamic-workflow-runtime
> tsc

apps/zcode-cli                           |  WARN  Unsupported engine: wanted: {"node":"24.14.0"} (current: {"node":"v24.11.0","pnpm":"10.33.2"})

> @zcode/core@0.1.0 build C:\Users\qianmengyys\Desktop\agent\ZCode\apps\zcode-cli\packages\core
> tsc

apps/zcode-cli                           |  WARN  Unsupported engine: wanted: {"node":"24.14.0"} (current: {"node":"v24.11.0","pnpm":"10.33.2"})

> @zcode/adapters@0.1.0 build C:\Users\qianmengyys\Desktop\agent\ZCode\apps\zcode-cli\packages\adapters
> tsc

apps/zcode-cli                           |  WARN  Unsupported engine: wanted: {"node":"24.14.0"} (current: {"node":"v24.11.0","pnpm":"10.33.2"})

> @zcode/i18n@0.1.0 build C:\Users\qianmengyys\Desktop\agent\ZCode\apps\zcode-cli\packages\i18n
> tsc

apps/zcode-cli                           |  WARN  Unsupported engine: wanted: {"node":"24.14.0"} (current: {"node":"v24.11.0","pnpm":"10.33.2"})

> @zcode/telemetry@0.1.0 build C:\Users\qianmengyys\Desktop\agent\ZCode\apps\zcode-cli\packages\telemetry
> tsc

apps/zcode-cli                           |  WARN  Unsupported engine: wanted: {"node":"24.14.0"} (current: {"node":"v24.11.0","pnpm":"10.33.2"})

> @zcode/bootstrap@0.1.0 build C:\Users\qianmengyys\Desktop\agent\ZCode\apps\zcode-cli\packages\bootstrap
> tsc

apps/zcode-cli                           |  WARN  Unsupported engine: wanted: {"node":"24.14.0"} (current: {"node":"v24.11.0","pnpm":"10.33.2"})

> @zcode/node-repl-host@0.6.0 build C:\Users\qianmengyys\Desktop\agent\ZCode\apps\zcode-cli\packages\node-repl-host
> tsc && node scripts/build.mjs

[node-repl-host] C:\Users\qianmengyys\Desktop\agent\ZCode\apps\zcode-cli\packages\node-repl-host\dist\mcp\server.js
apps/zcode-cli                           |  WARN  Unsupported engine: wanted: {"node":"24.14.0"} (current: {"node":"v24.11.0","pnpm":"10.33.2"})

> @zcode/browser-use-plugin@0.5.1 build C:\Users\qianmengyys\Desktop\agent\ZCode\apps\zcode-cli\packages\browser-use-plugin
> tsc && node scripts/build.mjs

(node:36968) [DEP0190] DeprecationWarning: Passing args to a child process with shell option true can lead to security vulnerabilities, as the arguments are not escaped, only concatenated.
(Use `node --trace-deprecation ...` to show where the warning was created)
apps/zcode-cli                           |  WARN  Unsupported engine: wanted: {"node":"24.14.0"} (current: {"node":"v24.11.0","pnpm":"10.33.2"})

> @zcode/cli@0.1.0 build:desktop-agent C:\Users\qianmengyys\Desktop\agent\ZCode\apps\zcode-cli\packages\cli
> node scripts/build.mjs --desktop-agent


  dist\zcode.cjs  16.0mb

Done in 1969ms
[stage:agent-bundle] staged C:\Users\qianmengyys\Desktop\agent\ZCode\packages\desktop\bundled-agents\win32-x64\glm\zcode.cjs
[prepare:agent-bundle] building @zcode/browser-use-plugin runtime ...
.                                        |  WARN  Unsupported engine: wanted: {"node":"24.14.0"} (current: {"node":"v24.11.0","pnpm":"10.33.2"})

> @zcode/browser-use-plugin@0.5.1 build C:\Users\qianmengyys\Desktop\agent\ZCode\apps\zcode-cli\packages\browser-use-plugin
> tsc && node scripts/build.mjs

[prepare:agent-bundle] building @zcode/node-repl-host runtime ...
.                                        |  WARN  Unsupported engine: wanted: {"node":"24.14.0"} (current: {"node":"v24.11.0","pnpm":"10.33.2"})

> @zcode/node-repl-host@0.6.0 build C:\Users\qianmengyys\Desktop\agent\ZCode\apps\zcode-cli\packages\node-repl-host
> tsc && node scripts/build.mjs

[node-repl-host] C:\Users\qianmengyys\Desktop\agent\ZCode\apps\zcode-cli\packages\node-repl-host\dist\mcp\server.js
[stage:agent-bundle] staged C:\Users\qianmengyys\Desktop\agent\ZCode\packages\desktop\bundled-agents\win32-x64\glm\zcode.cjs
[prepare:agent-bundle] staged official plugin packages/browser-use-plugin
[prepare:agent-bundle] staged official plugin packages/node-repl-host
(node:38892) [DEP0190] DeprecationWarning: Passing args to a child process with shell option true can lead to security vulnerabilities, as the arguments are not escaped, only concatenated.
(Use `node --trace-deprecation ...` to show where the warning was created)
[prepare:agent-bundle] staged bundled skill pack packages/bundled-skills
[ci][timer] prepare-runtime-assets:prepare:agent-bundle end duration_ms=106581
[ci][timer] prepare-runtime-assets:prepare:native-search start
../../apps/zcode-cli                     |  WARN  Unsupported engine: wanted: {"node":"24.14.0"} (current: {"node":"v24.11.0","pnpm":"10.33.2"})

> @zcode/desktop@ prepare:native-search C:\Users\qianmengyys\Desktop\agent\ZCode\packages\desktop
> node ../../scripts/prepare-native-search-tools.mjs

==> Preparing native search tools from repository archives
    platform: win32-x64
    target:   C:\Users\qianmengyys\Desktop\agent\ZCode\packages\desktop\bundled-tools\win32-x64
    [skip] ugrep v7.8.4-1 已存在
    [skip] ripgrep v14.1.1-1 已存在
==> Done! native search tools (win32-x64) -> C:\Users\qianmengyys\Desktop\agent\ZCode\packages\desktop\bundled-tools\win32-x64
[ci][timer] prepare-runtime-assets:prepare:native-search end duration_ms=828
(node:2888) [DEP0190] DeprecationWarning: Passing args to a child process with shell option true can lead to security vulnerabilities, as the arguments are not escaped, only concatenated.
(Use `node --trace-deprecation ...` to show where the warning was created)
../../apps/zcode-cli                     |  WARN  Unsupported engine: wanted: {"node":"24.14.0"} (current: {"node":"v24.11.0","pnpm":"10.33.2"})

> @zcode/desktop@ build:no-runtime-assets C:\Users\qianmengyys\Desktop\agent\ZCode\packages\desktop
> pnpm prepare:build-meta && node scripts/run-production-build.mjs

../../apps/zcode-cli                     |  WARN  Unsupported engine: wanted: {"node":"24.14.0"} (current: {"node":"v24.11.0","pnpm":"10.33.2"})

> @zcode/desktop@ prepare:build-meta C:\Users\qianmengyys\Desktop\agent\ZCode\packages\desktop
> node scripts/build-metadata.mjs

[build-meta] wrote C:\Users\qianmengyys\Desktop\agent\ZCode\packages\desktop\out\metadata\build-meta.json
[build-meta] commit=0df295ad time=2026-10-07T06:55:57.918Z
(node:27780) [DEP0190] DeprecationWarning: Passing args to a child process with shell option true can lead to security vulnerabilities, as the arguments are not escaped, only concatenated.
(Use `node --trace-deprecation ...` to show where the warning was created)
../../apps/zcode-cli                     |  WARN  Unsupported engine: wanted: {"node":"24.14.0"} (current: {"node":"v24.11.0","pnpm":"10.33.2"})
../../apps/zcode-cli                     |  WARN  Unsupported engine: wanted: {"node":"24.14.0"} (current: {"node":"v24.11.0","pnpm":"10.33.2"})
[tsup] ZCODE_ENV=production ZCODE_PRODUCT_FLAVOR=preview
[2m[[22mMAIN[2m][22m [34mCLI[39m Building entry: {"main/index":"src/main/index.ts","main/browserWebmRecorder":"src/main/browserView/electronBrowserWebmRecorder.ts","main/zcodeDataSizeWorker":"src/main/zcodeDataSizeWorker.ts","main/storageScanWorker":"src/main/storageScanWorker.ts"}
[2m[[22mMAIN[2m][22m [34mCLI[39m Using tsconfig: tsconfig.json
[2m[[22mPRELOAD[2m][22m [34mCLI[39m Building entry: {"preload/embeddedBrowserJavaScriptDialog":"src/preload/embeddedBrowserJavaScriptDialog.ts","preload/codingPlanWebview":"src/preload/codingPlanWebview.ts","preload/browserVideoRecorder":"src/preload/browserVideoRecorder.ts","preload/index":"src/preload/index.ts","preload/resourceManager":"src/preload/resourceManager.ts","preload/cuaPermissionPanel":"src/preload/cuaPermissionPanel.ts"}
[2m[[22mPRELOAD[2m][22m [34mCLI[39m Using tsconfig: tsconfig.json
[2m[[22mHOST[2m][22m [34mCLI[39m Building entry: {"host/index":"src/host/index.ts","host/tasksStorageWorker":"src/host/tasksStorageWorker.ts"}
[2m[[22mHOST[2m][22m [34mCLI[39m Using tsconfig: tsconfig.json
[2m[[22mSCHEDULER[2m][22m [34mCLI[39m Building entry: {"scheduler/index":"src/scheduler/index.ts"}
[2m[[22mSCHEDULER[2m][22m [34mCLI[39m Using tsconfig: tsconfig.json
[2m[[22mMAIN[2m][22m [34mCLI[39m tsup v8.5.1
[2m[[22mMAIN[2m][22m [34mCLI[39m Using tsup config: C:\Users\qianmengyys\Desktop\agent\ZCode\packages\desktop\tsup.config.ts
[2m[[22mPRELOAD[2m][22m [34mCLI[39m tsup v8.5.1
[2m[[22mPRELOAD[2m][22m [34mCLI[39m Using tsup config: C:\Users\qianmengyys\Desktop\agent\ZCode\packages\desktop\tsup.config.ts
[2m[[22mHOST[2m][22m [34mCLI[39m tsup v8.5.1
[2m[[22mHOST[2m][22m [34mCLI[39m Using tsup config: C:\Users\qianmengyys\Desktop\agent\ZCode\packages\desktop\tsup.config.ts
[2m[[22mSCHEDULER[2m][22m [34mCLI[39m tsup v8.5.1
[2m[[22mSCHEDULER[2m][22m [34mCLI[39m Using tsup config: C:\Users\qianmengyys\Desktop\agent\ZCode\packages\desktop\tsup.config.ts
[2m[[22mMAIN[2m][22m [34mCLI[39m Target: node22
[2m[[22mMAIN[2m][22m [34mESM[39m Build start
[2m[[22mPRELOAD[2m][22m [34mCLI[39m Target: node22
[2m[[22mPRELOAD[2m][22m [34mCJS[39m Build start
[2m[[22mHOST[2m][22m [34mCLI[39m Target: node22
[2m[[22mHOST[2m][22m [34mESM[39m Build start
[2m[[22mSCHEDULER[2m][22m [34mCLI[39m Target: node22
[2m[[22mSCHEDULER[2m][22m [34mESM[39m Build start
[36mvite v8.0.8 [32mbuilding client environment for production...[36m[39m
[2Ktransforming...[2m[[22mPRELOAD[2m][22m [32mCJS[39m [1mout\preload\browserVideoRecorder.cjs            [22m[32m140.00 B[39m
[2m[[22mPRELOAD[2m][22m [32mCJS[39m [1mout\preload\codingPlanWebview.cjs               [22m[32m671.33 KB[39m
[2m[[22mPRELOAD[2m][22m [32mCJS[39m [1mout\preload\embeddedBrowserJavaScriptDialog.cjs [22m[32m671.85 KB[39m
[2m[[22mPRELOAD[2m][22m [32mCJS[39m [1mout\preload\cuaPermissionPanel.cjs              [22m[32m669.36 KB[39m
[2m[[22mPRELOAD[2m][22m [32mCJS[39m [1mout\preload\index.cjs                           [22m[32m689.06 KB[39m
[2m[[22mPRELOAD[2m][22m [32mCJS[39m [1mout\preload\resourceManager.cjs                 [22m[32m670.27 KB[39m
[2m[[22mPRELOAD[2m][22m [32mCJS[39m ⚡️ Build success in 2571ms
[2m[[22mSCHEDULER[2m][22m [32mESM[39m [1mout\scheduler\chunk-PMB3P25V.js [22m[32m1.59 KB[39m
[2m[[22mSCHEDULER[2m][22m [32mESM[39m [1mout\scheduler\chunk-PV5YAO5U.js [22m[32m107.00 B[39m
[2m[[22mSCHEDULER[2m][22m [32mESM[39m [1mout\scheduler\index.js          [22m[32m950.77 KB[39m
[2m[[22mSCHEDULER[2m][22m [32mESM[39m ⚡️ Build success in 2964ms
[2m[[22mHOST[2m][22m [32mESM[39m [1mout\host\tasksStorageWorker.js [22m[32m616.00 B[39m
[2m[[22mHOST[2m][22m [32mESM[39m [1mout\host\chunk-PW7R6VE3.js     [22m[32m140.00 B[39m
[2m[[22mHOST[2m][22m [32mESM[39m [1mout\host\chunk-ISC6L6ZG.js     [22m[32m156.77 KB[39m
[2m[[22mHOST[2m][22m [32mESM[39m [1mout\host\chunk-6RA2JL6Y.js     [22m[32m1.38 KB[39m
[2m[[22mHOST[2m][22m [32mESM[39m [1mout\host\chunk-FV2NG3CY.js     [22m[32m202.00 B[39m
[2m[[22mHOST[2m][22m [32mESM[39m [1mout\host\chunk-JMPK2JMU.js     [22m[32m10.67 KB[39m
[2m[[22mHOST[2m][22m [32mESM[39m [1mout\host\chunk-LEZMX72P.js     [22m[32m152.00 B[39m
[2m[[22mHOST[2m][22m [32mESM[39m [1mout\host\chunk-AUM5ZBKT.js     [22m[32m107.99 KB[39m
[2m[[22mHOST[2m][22m [32mESM[39m [1mout\host\chunk-6UBBIY6V.js     [22m[32m572.00 B[39m
[2m[[22mHOST[2m][22m [32mESM[39m [1mout\host\chunk-2GAZDEFN.js     [22m[32m6.48 KB[39m
[2m[[22mHOST[2m][22m [32mESM[39m [1mout\host\chunk-F25J2BWD.js     [22m[32m11.88 KB[39m
[2m[[22mHOST[2m][22m [32mESM[39m [1mout\host\chunk-YWOMYGNY.js     [22m[32m857.00 B[39m
[2m[[22mHOST[2m][22m [32mESM[39m [1mout\host\chunk-JYLXCUWJ.js     [22m[32m97.61 KB[39m
[2m[[22mHOST[2m][22m [32mESM[39m [1mout\host\chunk-WKNU2DRX.js     [22m[32m17.86 KB[39m
[2m[[22mHOST[2m][22m [32mESM[39m [1mout\host\chunk-RGHY5GY6.js     [22m[32m899.00 B[39m
[2m[[22mHOST[2m][22m [32mESM[39m [1mout\host\chunk-WS356USK.js     [22m[32m872.00 B[39m
[2m[[22mHOST[2m][22m [32mESM[39m [1mout\host\chunk-K2X3JFWC.js     [22m[32m740.51 KB[39m
[2m[[22mHOST[2m][22m [32mESM[39m [1mout\host\index.js              [22m[32m1.30 MB[39m
[2m[[22mHOST[2m][22m [32mESM[39m ⚡️ Build success in 3081ms
[2m[[22mMAIN[2m][22m [32mESM[39m [1mout\main\chunk-4M75N7MG.js      [22m[32m97.60 KB[39m
[2m[[22mMAIN[2m][22m [32mESM[39m [1mout\main\chunk-L6DDBAX3.js      [22m[32m172.00 B[39m
[2m[[22mMAIN[2m][22m [32mESM[39m [1mout\main\chunk-Y34SWCGO.js      [22m[32m11.66 KB[39m
[2m[[22mMAIN[2m][22m [32mESM[39m [1mout\main\chunk-QK5REV54.js      [22m[32m1.86 KB[39m
[2m[[22mMAIN[2m][22m [32mESM[39m [1mout\main\zcodeDataSizeWorker.js [22m[32m319.00 B[39m
[2m[[22mMAIN[2m][22m [32mESM[39m [1mout\main\storageScanWorker.js   [22m[32m813.00 B[39m
[2m[[22mMAIN[2m][22m [32mESM[39m [1mout\main\browserWebmRecorder.js [22m[32m153.00 B[39m
[2m[[22mMAIN[2m][22m [32mESM[39m [1mout\main\chunk-7COR23U3.js      [22m[32m10.67 KB[39m
[2m[[22mMAIN[2m][22m [32mESM[39m [1mout\main\chunk-III2SDYA.js      [22m[32m140.00 B[39m
[2m[[22mMAIN[2m][22m [32mESM[39m [1mout\main\chunk-VRFMBOZS.js      [22m[32m48.64 KB[39m
[2m[[22mMAIN[2m][22m [32mESM[39m [1mout\main\chunk-P7UJQKU5.js      [22m[32m203.82 KB[39m
[2m[[22mMAIN[2m][22m [32mESM[39m [1mout\main\index.js               [22m[32m682.55 KB[39m
[2m[[22mMAIN[2m][22m [32mESM[39m [1mout\main\chunk-PRCFJKMP.js      [22m[32m11.87 KB[39m
[2m[[22mMAIN[2m][22m [32mESM[39m [1mout\main\chunk-L2VPARSU.js      [22m[32m572.00 B[39m
[2m[[22mMAIN[2m][22m [32mESM[39m [1mout\main\chunk-WNCVELBM.js      [22m[32m6.48 KB[39m
[2m[[22mMAIN[2m][22m [32mESM[39m [1mout\main\chunk-GYWQ7RQK.js      [22m[32m202.00 B[39m
[2m[[22mMAIN[2m][22m [32mESM[39m [1mout\main\chunk-WBJYXOJU.js      [22m[32m872.00 B[39m
[2m[[22mMAIN[2m][22m [32mESM[39m [1mout\main\chunk-CMOCWRPE.js      [22m[32m899.00 B[39m
[2m[[22mMAIN[2m][22m [32mESM[39m [1mout\main\chunk-PVN6NRP3.js      [22m[32m981.00 B[39m
[2m[[22mMAIN[2m][22m [32mESM[39m [1mout\main\chunk-ZF76BWKA.js      [22m[32m152.00 B[39m
[2m[[22mMAIN[2m][22m [32mESM[39m [1mout\main\chunk-RH553Y5P.js      [22m[32m15.72 KB[39m
[2m[[22mMAIN[2m][22m [32mESM[39m [1mout\main\chunk-MC4CZG37.js      [22m[32m717.17 KB[39m
[2m[[22mMAIN[2m][22m [32mESM[39m ⚡️ Build success in 3136ms
✓ 7770 modules transformed.
rendering chunks...
computing gzip size...
out/renderer/pdfjs/cmaps/CNS2-V.bcmap                                    0.09 kB
out/renderer/pdfjs/cmaps/Roman.bcmap                                     0.09 kB
out/renderer/pdfjs/cmaps/Katakana.bcmap                                  0.10 kB
out/renderer/pdfjs/cmaps/ETenms-B5-H.bcmap                               0.10 kB
out/renderer/pdfjs/cmaps/UniJIS-UCS2-HW-H.bcmap                          0.11 kB
out/renderer/pdfjs/cmaps/Hiragana.bcmap                                  0.12 kB
out/renderer/pdfjs/cmaps/Hankaku.bcmap                                   0.13 kB
out/renderer/pdfjs/cmaps/B5-V.bcmap                                      0.14 kB
out/renderer/pdfjs/cmaps/CNS1-V.bcmap                                    0.14 kB
out/renderer/pdfjs/cmaps/B5pc-V.bcmap                                    0.14 kB
out/renderer/pdfjs/cmaps/HKdla-B5-V.bcmap                                0.14 kB
out/renderer/pdfjs/cmaps/HKdlb-B5-V.bcmap                                0.14 kB
out/renderer/pdfjs/cmaps/HKgccs-B5-V.bcmap                               0.14 kB
out/renderer/pdfjs/cmaps/HKm314-B5-V.bcmap                               0.14 kB
out/renderer/pdfjs/cmaps/HKm471-B5-V.bcmap                               0.14 kB
out/renderer/pdfjs/cmaps/UniCNS-UCS2-V.bcmap                             0.15 kB
out/renderer/pdfjs/cmaps/UniCNS-UTF16-V.bcmap                            0.15 kB
out/renderer/pdfjs/cmaps/UniCNS-UTF8-V.bcmap                             0.15 kB
out/renderer/pdfjs/cmaps/ETHK-B5-V.bcmap                                 0.15 kB
out/renderer/pdfjs/cmaps/ETen-B5-V.bcmap                                 0.15 kB
out/renderer/pdfjs/cmaps/HKscs-B5-V.bcmap                                0.15 kB
out/renderer/pdfjs/cmaps/KSC-V.bcmap                                     0.16 kB
out/renderer/pdfjs/cmaps/UniCNS-UTF32-V.bcmap                            0.16 kB
out/renderer/pdfjs/cmaps/KSC-EUC-V.bcmap                                 0.16 kB
out/renderer/pdfjs/cmaps/UniKS-UTF16-V.bcmap                             0.16 kB
out/renderer/pdfjs/cmaps/KSC-Johab-V.bcmap                               0.16 kB
out/renderer/pdfjs/cmaps/KSCms-UHC-V.bcmap                               0.16 kB
out/renderer/pdfjs/cmaps/KSCpc-EUC-V.bcmap                               0.16 kB
out/renderer/pdfjs/cmaps/V.bcmap                                         0.16 kB
out/renderer/pdfjs/cmaps/UniKS-UTF32-V.bcmap                             0.16 kB
out/renderer/pdfjs/cmaps/78-V.bcmap                                      0.16 kB
out/renderer/pdfjs/cmaps/KSCms-UHC-HW-V.bcmap                            0.16 kB
out/renderer/pdfjs/cmaps/UniKS-UTF8-V.bcmap                              0.16 kB
out/renderer/pdfjs/cmaps/EUC-V.bcmap                                     0.17 kB
out/renderer/pdfjs/cmaps/RKSJ-V.bcmap                                    0.17 kB
out/renderer/pdfjs/cmaps/ETenms-B5-V.bcmap                               0.17 kB
out/renderer/pdfjs/cmaps/78-EUC-V.bcmap                                  0.17 kB
out/renderer/pdfjs/cmaps/78-RKSJ-V.bcmap                                 0.17 kB
out/renderer/pdfjs/cmaps/GB-V.bcmap                                      0.17 kB
out/renderer/pdfjs/cmaps/GBT-V.bcmap                                     0.17 kB
out/renderer/pdfjs/cmaps/UniGB-UTF16-V.bcmap                             0.17 kB
out/renderer/pdfjs/cmaps/UniKS-UCS2-V.bcmap                              0.17 kB
out/renderer/pdfjs/cmaps/GB-EUC-V.bcmap                                  0.17 kB
out/renderer/pdfjs/cmaps/WP-Symbol.bcmap                                 0.17 kB
out/renderer/pdfjs/cmaps/GBK-EUC-V.bcmap                                 0.18 kB
out/renderer/pdfjs/cmaps/GBT-EUC-V.bcmap                                 0.18 kB
out/renderer/pdfjs/cmaps/GBKp-EUC-V.bcmap                                0.18 kB
out/renderer/pdfjs/cmaps/GBpc-EUC-V.bcmap                                0.18 kB
out/renderer/pdfjs/cmaps/UniGB-UTF8-V.bcmap                              0.18 kB
out/renderer/pdfjs/cmaps/GBTpc-EUC-V.bcmap                               0.18 kB
out/renderer/pdfjs/cmaps/UniGB-UTF32-V.bcmap                             0.18 kB
out/renderer/pdfjs/cmaps/UniGB-UCS2-V.bcmap                              0.19 kB
out/renderer/pdfjs/cmaps/Ext-V.bcmap                                     0.21 kB
out/renderer/pdfjs/cmaps/Adobe-GB1-0.bcmap                               0.21 kB
out/renderer/pdfjs/cmaps/Ext-RKSJ-V.bcmap                                0.21 kB
out/renderer/pdfjs/cmaps/GBK2K-V.bcmap                                   0.21 kB
out/renderer/pdfjs/cmaps/Adobe-Japan1-0.bcmap                            0.22 kB
out/renderer/pdfjs/cmaps/Adobe-Japan1-1.bcmap                            0.22 kB
out/renderer/pdfjs/cmaps/Adobe-Japan1-2.bcmap                            0.23 kB
out/renderer/pdfjs/cmaps/Adobe-Korea1-0.bcmap                            0.24 kB
out/renderer/pdfjs/cmaps/Adobe-Japan1-3.bcmap                            0.24 kB
out/renderer/pdfjs/cmaps/Adobe-GB1-1.bcmap                               0.25 kB
out/renderer/pdfjs/cmaps/NWP-V.bcmap                                     0.25 kB
out/renderer/pdfjs/cmaps/90pv-RKSJ-V.bcmap                               0.26 kB
out/renderer/pdfjs/cmaps/Add-V.bcmap                                     0.28 kB
out/renderer/pdfjs/cmaps/Add-RKSJ-V.bcmap                                0.28 kB
out/renderer/pdfjs/cmaps/78ms-RKSJ-V.bcmap                               0.29 kB
out/renderer/pdfjs/cmaps/90ms-RKSJ-V.bcmap                               0.29 kB
out/renderer/pdfjs/cmaps/90msp-RKSJ-V.bcmap                              0.29 kB
out/renderer/pdfjs/cmaps/Adobe-CNS1-0.bcmap                              0.31 kB
out/renderer/pdfjs/cmaps/Adobe-Japan1-4.bcmap                            0.33 kB
out/renderer/pdfjs/cmaps/Adobe-CNS1-1.bcmap                              0.37 kB
out/renderer/pdfjs/cmaps/Adobe-CNS1-2.bcmap                              0.37 kB
out/renderer/pdfjs/cmaps/Adobe-Korea1-1.bcmap                            0.38 kB
out/renderer/pdfjs/cmaps/Adobe-Korea1-2.bcmap                            0.39 kB
out/renderer/pdfjs/cmaps/Adobe-CNS1-3.bcmap                              0.40 kB
out/renderer/pdfjs/cmaps/Adobe-CNS1-4.bcmap                              0.40 kB
out/renderer/pdfjs/cmaps/Adobe-CNS1-5.bcmap                              0.40 kB
out/renderer/pdfjs/cmaps/Adobe-CNS1-6.bcmap                              0.40 kB
out/renderer/pdfjs/cmaps/Adobe-Japan1-5.bcmap                            0.43 kB
out/renderer/pdfjs/cmaps/Adobe-GB1-2.bcmap                               0.46 kB
out/renderer/pdfjs/cmaps/Adobe-GB1-3.bcmap                               0.47 kB
out/renderer/pdfjs/cmaps/Adobe-Japan1-6.bcmap                            0.48 kB
out/renderer/pdfjs/cmaps/CNS2-H.bcmap                                    0.50 kB
out/renderer/pdfjs/cmaps/GB-H.bcmap                                      0.52 kB
out/renderer/pdfjs/cmaps/RKSJ-H.bcmap                                    0.53 kB
out/renderer/pdfjs/cmaps/GB-EUC-H.bcmap                                  0.54 kB
out/renderer/pdfjs/cmaps/H.bcmap                                         0.55 kB
out/renderer/pdfjs/cmaps/GBpc-EUC-H.bcmap                                0.55 kB
out/renderer/pdfjs/cmaps/EUC-H.bcmap                                     0.57 kB
out/renderer/pdfjs/cmaps/Adobe-GB1-4.bcmap                               0.60 kB
out/renderer/pdfjs/cmaps/Adobe-GB1-5.bcmap                               0.62 kB
out/renderer/pdfjs/cmaps/UniJIS-UTF16-V.bcmap                            0.64 kB
out/renderer/pdfjs/cmaps/UniJIS2004-UTF16-V.bcmap                        0.64 kB
out/renderer/pdfjs/cmaps/UniJIS-UCS2-V.bcmap                             0.66 kB
out/renderer/pdfjs/cmaps/UniJIS-UTF32-V.bcmap                            0.67 kB
out/renderer/pdfjs/cmaps/UniJIS-UTF8-V.bcmap                             0.67 kB
out/renderer/pdfjs/cmaps/UniJIS-UCS2-HW-V.bcmap                          0.68 kB
out/renderer/pdfjs/cmaps/UniJIS2004-UTF32-V.bcmap                        0.68 kB
out/renderer/pdfjs/cmaps/UniJIS2004-UTF8-V.bcmap                         0.68 kB
out/renderer/pdfjs/cmaps/UniJISX0213-UTF32-V.bcmap                       0.68 kB
out/renderer/pdfjs/cmaps/UniJISX02132004-UTF32-V.bcmap                   0.68 kB
out/renderer/pdfjs/cmaps/UniJISPro-UCS2-V.bcmap                          0.68 kB
out/renderer/pdfjs/cmaps/UniJISPro-UCS2-HW-V.bcmap                       0.70 kB
out/renderer/pdfjs/cmaps/CNS1-H.bcmap                                    0.70 kB
out/renderer/pdfjs/cmaps/90msp-RKSJ-H.bcmap                              0.71 kB
out/renderer/pdfjs/cmaps/90ms-RKSJ-H.bcmap                               0.72 kB
out/renderer/pdfjs/cmaps/UniJISPro-UTF8-V.bcmap                          0.72 kB
out/renderer/pdfjs/cmaps/83pv-RKSJ-H.bcmap                               0.90 kB
out/renderer/pdfjs/cmaps/90pv-RKSJ-H.bcmap                               0.98 kB
out/renderer/pdfjs/cmaps/B5-H.bcmap                                      1.08 kB
out/renderer/pdfjs/cmaps/B5pc-H.bcmap                                    1.09 kB
out/renderer/pdfjs/cmaps/ETen-B5-H.bcmap                                 1.12 kB
out/renderer/pdfjs/cmaps/HKm314-B5-H.bcmap                               1.77 kB
out/renderer/pdfjs/cmaps/CNS-EUC-H.bcmap                                 1.78 kB
out/renderer/pdfjs/cmaps/KSC-H.bcmap                                     1.83 kB
out/renderer/pdfjs/cmaps/KSC-EUC-H.bcmap                                 1.84 kB
out/renderer/pdfjs/cmaps/CNS-EUC-V.bcmap                                 1.92 kB
out/renderer/pdfjs/cmaps/KSCpc-EUC-H.bcmap                               2.02 kB
out/renderer/pdfjs/cmaps/HKm471-B5-H.bcmap                               2.17 kB
out/renderer/pdfjs/cmaps/HKgccs-B5-H.bcmap                               2.29 kB
out/renderer/pdfjs/cmaps/78-H.bcmap                                      2.37 kB
out/renderer/pdfjs/cmaps/78-RKSJ-H.bcmap                                 2.39 kB
out/renderer/pdfjs/cmaps/78-EUC-H.bcmap                                  2.40 kB
out/renderer/pdfjs/cmaps/Add-RKSJ-H.bcmap                                2.41 kB
out/renderer/pdfjs/cmaps/HKdlb-B5-H.bcmap                                2.41 kB
out/renderer/pdfjs/cmaps/Add-H.bcmap                                     2.41 kB
out/renderer/pdfjs/cmaps/Ext-H.bcmap                                     2.53 kB
out/renderer/pdfjs/cmaps/Ext-RKSJ-H.bcmap                                2.54 kB
out/renderer/pdfjs/cmaps/78ms-RKSJ-H.bcmap                               2.65 kB
out/renderer/pdfjs/cmaps/HKdla-B5-H.bcmap                                2.65 kB
out/renderer/assets/workspaceFileSearchFilter.worker-OQwPzeVM.js         2.65 kB
out/renderer/pdfjs/cmaps/NWP-H.bcmap                                     2.76 kB
out/renderer/pdfjs/cmaps/KSCms-UHC-H.bcmap                               2.78 kB
out/renderer/pdfjs/cmaps/KSCms-UHC-HW-H.bcmap                            2.78 kB
out/renderer/cua-permission-panel.html                                   3.87 kB │ gzip:     1.54 kB
out/renderer/assets/KaTeX_Size3-Regular-CTq5MqoE.woff                    4.42 kB
out/renderer/pdfjs/cmaps/ETHK-B5-H.bcmap                                 4.42 kB
out/renderer/pdfjs/cmaps/HKscs-B5-H.bcmap                                4.43 kB
out/renderer/assets/KaTeX_Size4-Regular-Dl5lxZxV.woff2                   4.92 kB
out/renderer/assets/model-provider-moonshot-kimi-k9BDmLI_.png            4.99 kB
out/renderer/assets/icon-discord@2x-D9OBPr5g.png                         5.18 kB
out/renderer/assets/KaTeX_Size2-Regular-Dy4dx90m.woff2                   5.20 kB
out/renderer/assets/KaTeX_Size1-Regular-mCD8mA8B.woff2                   5.46 kB
out/renderer/assets/icon-dingding@2x-CnYjVOCa.png                        5.46 kB
out/renderer/assets/KaTeX_Size4-Regular-BF-4gkZK.woff                    5.98 kB
out/renderer/assets/KaTeX_Size2-Regular-oD1tc_U0.woff                    6.18 kB
out/renderer/assets/KaTeX_Size1-Regular-C195tn64.woff                    6.49 kB
out/renderer/assets/terminal-C6Bd1jeQ.png                                6.71 kB
out/renderer/assets/KaTeX_Caligraphic-Regular-Di6jR-x-.woff2             6.90 kB
out/renderer/assets/KaTeX_Caligraphic-Bold-Dq_IR9rO.woff2                6.91 kB
out/renderer/assets/icon-wecom@2x-BZVgmBph.png                           7.18 kB
out/renderer/pdfjs/cmaps/GBT-H.bcmap                                     7.26 kB
out/renderer/pdfjs/cmaps/GBT-EUC-H.bcmap                                 7.29 kB
out/renderer/pdfjs/cmaps/GBTpc-EUC-H.bcmap                               7.29 kB
out/renderer/assets/image-search-DCThk39K.png                            7.51 kB
out/renderer/assets/KaTeX_Size3-Regular-DgpXs0kz.ttf                     7.58 kB
out/renderer/assets/KaTeX_Caligraphic-Regular-CTRA-rTL.woff              7.65 kB
out/renderer/assets/KaTeX_Caligraphic-Bold-BEiXGLvX.woff                 7.71 kB
out/renderer/assets/feishu-CCgK6olr.png                                  8.06 kB
out/renderer/assets/model-provider-zai-app-CL3KEqFX.png                  8.78 kB
out/renderer/assets/icon-weixin@2x-Bp9EqCCA.png                          9.06 kB
out/renderer/assets/spreadsheets@2x-CabATt4c.png                         9.50 kB
out/renderer/assets/spreadsheets-Dd4d3fMm.png                            9.50 kB
out/renderer/assets/KaTeX_Script-Regular-D3wIWfF6.woff2                  9.64 kB
out/renderer/assets/presentations-CuyJxtRR.png                           9.66 kB
out/renderer/assets/documents@2x-CPhkfIfU.png                            9.71 kB
out/renderer/assets/documents-DrPsuPJf.png                               9.74 kB
out/renderer/assets/pdf@2x-CMAdO9B0.png                                  9.74 kB
out/renderer/assets/icon-telegram@2x-Cax3aaF9.png                        9.75 kB
out/renderer/assets/pdf-CQM2rvTK.png                                     9.81 kB
out/renderer/assets/KaTeX_SansSerif-Regular-DDBCnlJ7.woff2              10.34 kB
out/renderer/assets/KaTeX_Size4-Regular-DWFBv043.ttf                    10.36 kB
out/renderer/assets/KaTeX_Script-Regular-D5yQViql.woff                  10.58 kB
out/renderer/assets/KaTeX_Fraktur-Regular-CTYiF6lA.woff2                11.31 kB
out/renderer/assets/KaTeX_Fraktur-Bold-CL6g_b3V.woff2                   11.34 kB
out/renderer/assets/KaTeX_Size2-Regular-B7gKUWhC.ttf                    11.50 kB
out/renderer/assets/task-notification-pop-qiQ1Ge3C.mp3                  11.81 kB
out/renderer/assets/KaTeX_SansSerif-Italic-C3H0VqGB.woff2               12.02 kB
out/renderer/assets/KaTeX_SansSerif-Bold-D1sUS0GD.woff2                 12.21 kB
out/renderer/assets/KaTeX_Size1-Regular-Dbsnue_I.ttf                    12.22 kB
out/renderer/assets/KaTeX_SansSerif-Regular-CS6fqUqJ.woff               12.31 kB
out/renderer/assets/KaTeX_Caligraphic-Regular-wX97UBjC.ttf              12.34 kB
out/renderer/assets/KaTeX_Caligraphic-Bold-ATXxdsX0.ttf                 12.36 kB
out/renderer/assets/finder-B1T_P_VR.png                                 12.67 kB
out/renderer/assets/KaTeX_Fraktur-Regular-Dxdc4cR9.woff                 13.20 kB
out/renderer/assets/KaTeX_Fraktur-Bold-BsDP51OF.woff                    13.29 kB
out/renderer/assets/KaTeX_Typewriter-Regular-CO6r4hn1.woff2             13.56 kB
out/renderer/assets/plugin-creator-Bb4PHfyz.png                         13.65 kB
out/renderer/assets/KaTeX_SansSerif-Italic-DN2j7dab.woff                14.11 kB
out/renderer/assets/KaTeX_SansSerif-Bold-DbIhKOiC.woff                  14.40 kB
out/renderer/pdfjs/cmaps/GBKp-EUC-H.bcmap                               14.68 kB
out/renderer/pdfjs/cmaps/GBK-EUC-H.bcmap                                14.69 kB
out/renderer/assets/docx-import-worker-oPk-zLr5.js                      14.85 kB
out/renderer/assets/KaTeX_Typewriter-Regular-C0xS9mPB.woff              16.02 kB
out/renderer/assets/KaTeX_Math-BoldItalic-CZnvNsCZ.woff2                16.40 kB
out/renderer/assets/KaTeX_Math-Italic-t53AETM-.woff2                    16.44 kB
out/renderer/assets/KaTeX_Script-Regular-C5JkGWo-.ttf                   16.64 kB
out/renderer/assets/KaTeX_Main-BoldItalic-DxDJ3AOS.woff2                16.78 kB
out/renderer/pdfjs/cmaps/KSC-Johab-H.bcmap                              16.79 kB
out/renderer/assets/KaTeX_Main-Italic-NWA7e6Wa.woff2                    16.98 kB
out/renderer/assets/KaTeX_Math-BoldItalic-iY-2wyZ7.woff                 18.66 kB
out/renderer/assets/KaTeX_Math-Italic-DA0__PXp.woff                     18.74 kB
out/renderer/assets/KaTeX_Main-BoldItalic-SpSLRI95.woff                 19.41 kB
out/renderer/assets/KaTeX_SansSerif-Regular-BNo7hRIc.ttf                19.43 kB
out/renderer/assets/KaTeX_Fraktur-Regular-CB_wures.ttf                  19.57 kB
out/renderer/assets/KaTeX_Fraktur-Bold-BdnERNNW.ttf                     19.58 kB
out/renderer/pdfjs/cmaps/GBK2K-H.bcmap                                  19.66 kB
out/renderer/assets/KaTeX_Main-Italic-BMLOBm91.woff                     19.67 kB
out/renderer/assets/KaTeX_SansSerif-Italic-YYjJ1zSn.ttf                 22.36 kB
out/renderer/pdfjs/cmaps/Adobe-Korea1-UCS2.bcmap                        23.29 kB
out/renderer/resource-manager.html                                      23.86 kB │ gzip:     4.07 kB
out/renderer/assets/KaTeX_SansSerif-Bold-CFMepnvq.ttf                   24.50 kB
out/renderer/assets/KaTeX_Main-Bold-Cx986IdX.woff2                      25.32 kB
out/renderer/pdfjs/cmaps/UniJIS-UCS2-H.bcmap                            25.43 kB
out/renderer/pdfjs/cmaps/UniKS-UCS2-H.bcmap                             25.78 kB
out/renderer/assets/KaTeX_Main-Regular-B22Nviop.woff2                   26.27 kB
out/renderer/pdfjs/cmaps/UniKS-UTF16-H.bcmap                            26.32 kB
out/renderer/pdfjs/cmaps/UniKS-UTF32-H.bcmap                            26.45 kB
out/renderer/index.html                                                 26.92 kB │ gzip:     5.28 kB
out/renderer/assets/KaTeX_Typewriter-Regular-D3Ib7_Hf.ttf               27.55 kB
out/renderer/pdfjs/cmaps/UniKS-UTF8-H.bcmap                             27.79 kB
out/renderer/assets/KaTeX_AMS-Regular-BQhdFMY1.woff2                    28.07 kB
out/renderer/assets/KaTeX_Main-Bold-Jm3AIy58.woff                       29.91 kB
out/renderer/assets/KaTeX_Main-Regular-Dr94JaBh.woff                    30.77 kB
out/renderer/assets/KaTeX_Math-BoldItalic-B3XSjfu4.ttf                  31.19 kB
out/renderer/assets/KaTeX_Math-Italic-flOr_0UB.ttf                      31.30 kB
out/renderer/assets/KaTeX_Main-BoldItalic-DzxPMmG6.ttf                  32.96 kB
out/renderer/assets/KaTeX_AMS-Regular-DMm9YOAa.woff                     33.51 kB
out/renderer/assets/KaTeX_Main-Italic-3WenGoN9.ttf                      33.58 kB
out/renderer/pdfjs/cmaps/Adobe-GB1-UCS2.bcmap                           33.97 kB
out/renderer/pdfjs/cmaps/UniJIS-UTF16-H.bcmap                           39.44 kB
out/renderer/pdfjs/cmaps/UniJIS2004-UTF16-H.bcmap                       39.53 kB
out/renderer/pdfjs/cmaps/UniJISX0213-UTF32-H.bcmap                      40.51 kB
out/renderer/pdfjs/cmaps/UniJIS-UTF32-H.bcmap                           40.53 kB
out/renderer/pdfjs/cmaps/UniJISX02132004-UTF32-H.bcmap                  40.60 kB
out/renderer/pdfjs/cmaps/UniJIS2004-UTF32-H.bcmap                       40.63 kB
out/renderer/pdfjs/cmaps/Adobe-Japan1-UCS2.bcmap                        40.95 kB
out/renderer/pdfjs/cmaps/Adobe-CNS1-UCS2.bcmap                          41.19 kB
out/renderer/pdfjs/cmaps/UniJIS-UTF8-H.bcmap                            41.69 kB
out/renderer/pdfjs/cmaps/UniJIS2004-UTF8-H.bcmap                        41.77 kB
out/renderer/pdfjs/cmaps/UniGB-UCS2-H.bcmap                             43.36 kB
out/renderer/pdfjs/cmaps/UniGB-UTF16-H.bcmap                            44.08 kB
out/renderer/pdfjs/cmaps/UniGB-UTF32-H.bcmap                            45.73 kB
out/renderer/pdfjs/cmaps/UniGB-UTF8-H.bcmap                             46.83 kB
out/renderer/pdfjs/cmaps/UniCNS-UCS2-H.bcmap                            48.28 kB
out/renderer/pdfjs/cmaps/UniCNS-UTF16-H.bcmap                           50.41 kB
out/renderer/assets/KaTeX_Main-Bold-waoOVXN0.ttf                        51.33 kB
out/renderer/pdfjs/cmaps/UniCNS-UTF32-H.bcmap                           52.67 kB
out/renderer/assets/KaTeX_Main-Regular-ypZvNtVU.ttf                     53.58 kB
out/renderer/pdfjs/cmaps/UniCNS-UTF8-H.bcmap                            53.62 kB
out/renderer/assets/KaTeX_AMS-Regular-DRggAlZN.ttf                      63.63 kB
out/renderer/assets/xlsx-worker-DJiDdvsD.js                            132.12 kB
out/renderer/assets/icon_512@2x-BnwZhfO-.png                           215.70 kB
out/renderer/assets/icon-glm-for-dark-gaDfAQcT.png                     223.61 kB
out/renderer/assets/icon-glm-for-light-Dsx5dwqA.png                    223.80 kB
out/renderer/assets/diffs.worker-CAavpt0L.js                           827.86 kB
out/renderer/assets/pdf.worker.min-qwK7q_zL.mjs                      1,046.21 kB
out/renderer/assets/docx_wasm_bg-HWnIvdMf.wasm                       1,119.33 kB │ gzip:   443.20 kB
out/renderer/assets/duke_sheets_wasm_bg-BCCK9PkU.wasm                4,345.44 kB │ gzip: 1,663.17 kB
out/renderer/assets/pdf-viewer-Dgb4oCkS.css                              1.49 kB │ gzip:     0.59 kB
out/renderer/assets/styles-BR8ZtGJq.css                                396.55 kB │ gzip:    63.69 kB
out/renderer/assets/mermaid-GHXKKRXX-B9YkaFEO.js                         0.07 kB │ gzip:     0.08 kB
out/renderer/assets/x-BdKhjLUf.js                                        0.07 kB │ gzip:     0.08 kB
out/renderer/assets/ban-C17pehkZ.js                                      0.07 kB │ gzip:     0.08 kB
out/renderer/assets/bot-DV3nurHG.js                                      0.07 kB │ gzip:     0.08 kB
out/renderer/assets/bug-aHPIp252.js                                      0.07 kB │ gzip:     0.08 kB
out/renderer/assets/cpu-BIjmPn_S.js                                      0.07 kB │ gzip:     0.08 kB
out/renderer/assets/eye-C8sm8F8Y.js                                      0.07 kB │ gzip:     0.08 kB
out/renderer/assets/map-ywyiRsFd.js                                      0.07 kB │ gzip:     0.08 kB
out/renderer/assets/pin-Dyj8Ozq2.js                                      0.07 kB │ gzip:     0.08 kB
out/renderer/assets/sun-CQHhdFRg.js                                      0.07 kB │ gzip:     0.08 kB
out/renderer/assets/tag-B8SFORy_.js                                      0.07 kB │ gzip:     0.08 kB
out/renderer/assets/copy-7MctZI5Y.js                                     0.07 kB │ gzip:     0.09 kB
out/renderer/assets/file-CstpXEXE.js                                     0.07 kB │ gzip:     0.09 kB
out/renderer/assets/gift-BgpXOpdc.js                                     0.07 kB │ gzip:     0.09 kB
out/renderer/assets/goal-Ck1d1QK1.js                                     0.07 kB │ gzip:     0.09 kB
out/renderer/assets/hand-owXOX5Ef.js                                     0.07 kB │ gzip:     0.09 kB
out/renderer/assets/hash-Crg60du-.js                                     0.07 kB │ gzip:     0.09 kB
out/renderer/assets/info-B3nwCOik.js                                     0.07 kB │ gzip:     0.09 kB
out/renderer/assets/list-B-1gS8Xz.js                                     0.07 kB │ gzip:     0.09 kB
out/renderer/assets/lock-_PhLw_yz.js                                     0.07 kB │ gzip:     0.09 kB
out/renderer/assets/moon-1ChWHfaB.js                                     0.07 kB │ gzip:     0.09 kB
out/renderer/assets/play-CqPYRuas.js                                     0.07 kB │ gzip:     0.09 kB
out/renderer/assets/plug-BfyhqSMz.js                                     0.07 kB │ gzip:     0.09 kB
out/renderer/assets/plus-DjTESml6.js                                     0.07 kB │ gzip:     0.09 kB
out/renderer/assets/save-BEtXH_77.js                                     0.07 kB │ gzip:     0.09 kB
out/renderer/assets/send-2TbiKUzA.js                                     0.07 kB │ gzip:     0.09 kB
out/renderer/assets/user-FX8ne4np.js                                     0.07 kB │ gzip:     0.09 kB
out/renderer/assets/brain-CLIpYfD2.js                                    0.07 kB │ gzip:     0.09 kB
out/renderer/assets/cable-CkJZE3mT.js                                    0.07 kB │ gzip:     0.09 kB
out/renderer/assets/check-Gao5g6AP.js                                    0.07 kB │ gzip:     0.09 kB
out/renderer/assets/clock-C4SxQvLv.js                                    0.07 kB │ gzip:     0.09 kB
out/renderer/assets/cloud-CalytkSs.js                                    0.07 kB │ gzip:     0.09 kB
out/renderer/assets/crown-DntBv6vR.js                                    0.07 kB │ gzip:     0.09 kB
out/renderer/assets/earth-Dl3twFW_.js                                    0.07 kB │ gzip:     0.09 kB
out/renderer/assets/files-DTtfdhNd.js                                    0.07 kB │ gzip:     0.09 kB
out/renderer/assets/gauge-E5eaouSz.js                                    0.07 kB │ gzip:     0.09 kB
out/renderer/assets/globe-CjH5gNOL.js                                    0.07 kB │ gzip:     0.09 kB
out/renderer/assets/house-DQf8hQYB.js                                    0.07 kB │ gzip:     0.09 kB
out/renderer/assets/image-CkEZXnY2.js                                    0.07 kB │ gzip:     0.09 kB
out/renderer/assets/inbox-DD8aOs-X.js                                    0.07 kB │ gzip:     0.09 kB
out/renderer/assets/minus-BzwCUKhr.js                                    0.07 kB │ gzip:     0.09 kB
out/renderer/assets/pause-BfmgY2hR.js                                    0.07 kB │ gzip:     0.09 kB
out/renderer/assets/power-MA2ksRiI.js                                    0.07 kB │ gzip:     0.09 kB
out/renderer/assets/quote-ZfNK4UQO.js                                    0.07 kB │ gzip:     0.09 kB
out/renderer/assets/reply-B7fk52LA.js                                    0.07 kB │ gzip:     0.09 kB
out/renderer/assets/route-D0UElkDP.js                                    0.07 kB │ gzip:     0.09 kB
out/renderer/assets/scale-DiTJyF6u.js                                    0.07 kB │ gzip:     0.09 kB
out/renderer/assets/share-D4KVdD6K.js                                    0.07 kB │ gzip:     0.09 kB
out/renderer/assets/store-CUXwHPkR.js                                    0.07 kB │ gzip:     0.09 kB
out/renderer/assets/table-CbnmhaDl.js                                    0.07 kB │ gzip:     0.09 kB
out/renderer/assets/users-BdRlUkrW.js                                    0.07 kB │ gzip:     0.09 kB
out/renderer/assets/video-DSkUG85K.js                                    0.07 kB │ gzip:     0.09 kB
out/renderer/assets/anchor-BYIrq6Jp.js                                   0.08 kB │ gzip:     0.09 kB
out/renderer/assets/blocks-BSpBSnrc.js                                   0.08 kB │ gzip:     0.09 kB
out/renderer/assets/circle-D6v-cr6j.js                                   0.08 kB │ gzip:     0.09 kB
out/renderer/assets/eraser-B6B_i1rG.js                                   0.08 kB │ gzip:     0.09 kB
out/renderer/assets/folder-r9RuXW4c.js                                   0.08 kB │ gzip:     0.09 kB
out/renderer/assets/import-DlXve2Sh.js                                   0.08 kB │ gzip:     0.08 kB
out/renderer/assets/loader-D7fbQyT2.js                                   0.08 kB │ gzip:     0.09 kB
out/renderer/assets/log-in-B1H9Phzj.js                                   0.08 kB │ gzip:     0.09 kB
out/renderer/assets/pencil-KBRUPpen.js                                   0.08 kB │ gzip:     0.09 kB
out/renderer/assets/redo-2-DpZUEYwL.js                                   0.08 kB │ gzip:     0.09 kB
out/renderer/assets/rocket-mZU7wreq.js                                   0.08 kB │ gzip:     0.09 kB
out/renderer/assets/search-CEWqbcO-.js                                   0.08 kB │ gzip:     0.09 kB
out/renderer/assets/server-B8Q8Mo8V.js                                   0.08 kB │ gzip:     0.09 kB
out/renderer/assets/square-D0wL8XUl.js                                   0.08 kB │ gzip:     0.09 kB
out/renderer/assets/target-UIF53Dph.js                                   0.08 kB │ gzip:     0.09 kB
out/renderer/assets/undo-2-DEe-wW6E.js                                   0.08 kB │ gzip:     0.09 kB
out/renderer/assets/unlink-Dj3bTJCl.js                                   0.08 kB │ gzip:     0.09 kB
out/renderer/assets/unplug-Dv0EfH29.js                                   0.08 kB │ gzip:     0.09 kB
out/renderer/assets/upload-CYZ4WtxU.js                                   0.08 kB │ gzip:     0.09 kB
out/renderer/assets/wrench-BxPboaZC.js                                   0.08 kB │ gzip:     0.09 kB
out/renderer/assets/archive-BgqAHSId.js                                  0.08 kB │ gzip:     0.09 kB
out/renderer/assets/astroid-DDbYVTZK.js                                  0.08 kB │ gzip:     0.09 kB
out/renderer/assets/clock-3-gSiGzgyB.js                                  0.08 kB │ gzip:     0.09 kB
out/renderer/assets/eye-off-D_BMqYdS.js                                  0.08 kB │ gzip:     0.09 kB
out/renderer/assets/feather-Bm9uUhs6.js                                  0.08 kB │ gzip:     0.09 kB
out/renderer/assets/history-Dd-h_f7U.js                                  0.08 kB │ gzip:     0.09 kB
out/renderer/assets/library-FelJlGg2.js                                  0.08 kB │ gzip:     0.09 kB
out/renderer/assets/log-out-qavot1Sz.js                                  0.08 kB │ gzip:     0.09 kB
out/renderer/assets/monitor-DdA47gV1.js                                  0.08 kB │ gzip:     0.09 kB
out/renderer/assets/music-2-CHojMgqh.js                                  0.08 kB │ gzip:     0.09 kB
out/renderer/assets/network-K1Tf12D1.js                                  0.08 kB │ gzip:     0.09 kB
out/renderer/assets/package-Csd_eTgr.js                                  0.08 kB │ gzip:     0.09 kB
out/renderer/assets/palette-a679hsXl.js                                  0.08 kB │ gzip:     0.09 kB
out/renderer/assets/qr-code-DIL7-xM_.js                                  0.08 kB │ gzip:     0.09 kB
out/renderer/assets/trash-2-Be9wavcJ.js                                  0.08 kB │ gzip:     0.09 kB
out/renderer/assets/webhook-B8dDrqDk.js                                  0.08 kB │ gzip:     0.09 kB
out/renderer/assets/zoom-in-BjbXBjoC.js                                  0.08 kB │ gzip:     0.09 kB
out/renderer/assets/activity-D4XVIN_e.js                                 0.08 kB │ gzip:     0.09 kB
out/renderer/assets/arrow-up-iMuvc7Ft.js                                 0.08 kB │ gzip:     0.09 kB
out/renderer/assets/circle-x-Cu83c9oE.js                                 0.08 kB │ gzip:     0.09 kB
out/renderer/assets/code-xml-DV4-2YRj.js                                 0.08 kB │ gzip:     0.09 kB
out/renderer/assets/database-4D3IgWAT.js                                 0.08 kB │ gzip:     0.09 kB
out/renderer/assets/download-Cn5wI0QJ.js                                 0.08 kB │ gzip:     0.09 kB
out/renderer/assets/ellipsis-Csiq7dY3.js                                 0.08 kB │ gzip:     0.09 kB
out/renderer/assets/keyboard-CoNy2kcY.js                                 0.08 kB │ gzip:     0.09 kB
out/renderer/assets/maximize-pGJKvFRN.js                                 0.08 kB │ gzip:     0.09 kB
out/renderer/assets/pen-tool-C_knE9hO.js                                 0.08 kB │ gzip:     0.09 kB
out/renderer/assets/repeat-2-cYAWv2ja.js                                 0.08 kB │ gzip:     0.09 kB
out/renderer/assets/settings-CeKGx4f1.js                                 0.08 kB │ gzip:     0.09 kB
out/renderer/assets/sparkles-CNGan0aC.js                                 0.08 kB │ gzip:     0.09 kB
out/renderer/assets/terminal-DtUiG4fM.js                                 0.08 kB │ gzip:     0.09 kB
out/renderer/assets/workflow-Duv1G4ck.js                                 0.08 kB │ gzip:     0.09 kB
out/renderer/assets/zoom-out-CwVX141W.js                                 0.08 kB │ gzip:     0.09 kB
out/renderer/assets/archive-x-2D-B4-sE.js                                0.08 kB │ gzip:     0.09 kB
out/renderer/assets/book-open-Qe93MQz8.js                                0.08 kB │ gzip:     0.09 kB
out/renderer/assets/file-diff-C5ZV8IkQ.js                                0.08 kB │ gzip:     0.09 kB
out/renderer/assets/file-down-Bf-2JwdD.js                                0.08 kB │ gzip:     0.09 kB
out/renderer/assets/file-text-8UmcQ0KA.js                                0.08 kB │ gzip:     0.09 kB
out/renderer/assets/git-graph-BT_WFykf.js                                0.08 kB │ gzip:     0.09 kB
out/renderer/assets/git-merge-Bk4v1iAh.js                                0.08 kB │ gzip:     0.09 kB
out/renderer/assets/hourglass-C6eIuUu3.js                                0.08 kB │ gzip:     0.09 kB
out/renderer/assets/image-off-Bbgiihb6.js                                0.08 kB │ gzip:     0.09 kB
out/renderer/assets/key-round-Dm2nyYei.js                                0.08 kB │ gzip:     0.09 kB
out/renderer/assets/lightbulb-DECCeLPh.js                                0.08 kB │ gzip:     0.09 kB
out/renderer/assets/list-todo-Dh0rQ2iI.js                                0.08 kB │ gzip:     0.09 kB
out/renderer/assets/list-tree-GqC_H7a3.js                                0.08 kB │ gzip:     0.09 kB
out/renderer/assets/megaphone-CJymX0C-.js                                0.08 kB │ gzip:     0.09 kB
out/renderer/assets/paperclip-Ctk2abhA.js                                0.08 kB │ gzip:     0.09 kB
out/renderer/assets/telescope-GkHc0-7O.js                                0.08 kB │ gzip:     0.09 kB
out/renderer/assets/text-wrap-H1gMJy5f.js                                0.08 kB │ gzip:     0.09 kB
out/renderer/assets/thumbs-up-L_CDW1hk.js                                0.08 kB │ gzip:     0.09 kB
out/renderer/assets/waypoints-0edZBiLE.js                                0.08 kB │ gzip:     0.09 kB
out/renderer/assets/app-window-dk-9l2Dx.js                               0.08 kB │ gzip:     0.09 kB
out/renderer/assets/arrow-down-0M1zNifW.js                               0.08 kB │ gzip:     0.09 kB
out/renderer/assets/arrow-left-D8tLDkoo.js                               0.08 kB │ gzip:     0.09 kB
out/renderer/assets/chart-line-Bxei_nWO.js                               0.08 kB │ gzip:     0.09 kB
out/renderer/assets/chevron-up-yU5_Kdcq.js                               0.08 kB │ gzip:     0.09 kB
out/renderer/assets/file-clock-BMb3zmGL.js                               0.08 kB │ gzip:     0.09 kB
out/renderer/assets/git-branch-tOkdelGY.js                               0.08 kB │ gzip:     0.09 kB
out/renderer/assets/hard-drive-Cnr0z4SC.js                               0.08 kB │ gzip:     0.09 kB
out/renderer/assets/image-plus-Dke5yq42.js                               0.08 kB │ gzip:     0.09 kB
out/renderer/assets/maximize-2-CgZRh-5v.js                               0.08 kB │ gzip:     0.09 kB
out/renderer/assets/minimize-2-D-Jtl1k_.js                               0.08 kB │ gzip:     0.09 kB
out/renderer/assets/refresh-cw-BsIbSuU8.js                               0.08 kB │ gzip:     0.09 kB
out/renderer/assets/rotate-ccw-DNEJKmdK.js                               0.08 kB │ gzip:     0.09 kB
out/renderer/assets/settings-2-BJ2TPeCi.js                               0.08 kB │ gzip:     0.09 kB
out/renderer/assets/smartphone-PkUfidzw.js                               0.08 kB │ gzip:     0.09 kB
out/renderer/assets/user-round-6UuNyRid.js                               0.08 kB │ gzip:     0.09 kB
out/renderer/assets/alarm-clock-CCbWXG2Z.js                              0.08 kB │ gzip:     0.09 kB
out/renderer/assets/arrow-right-CKqsC9Zz.js                              0.08 kB │ gzip:     0.09 kB
out/renderer/assets/circle-play-D_PMCI3i.js                              0.08 kB │ gzip:     0.09 kB
out/renderer/assets/circle-plus-DFjB94g0.js                              0.08 kB │ gzip:     0.09 kB
out/renderer/assets/circle-stop-D_Bz5vEg.js                              0.08 kB │ gzip:     0.09 kB
out/renderer/assets/clock-alert-nsyUTQIj.js                              0.08 kB │ gzip:     0.09 kB
out/renderer/assets/file-output-CAuxGvtY.js                              0.08 kB │ gzip:     0.09 kB
out/renderer/assets/file-search-CUI0Ev_y.js                              0.08 kB │ gzip:     0.09 kB
out/renderer/assets/folder-open-jR461qJE.js                              0.08 kB │ gzip:     0.09 kB
out/renderer/assets/folder-plus-Cs66aXcs.js                              0.08 kB │ gzip:     0.09 kB
out/renderer/assets/git-compare-B1ebzqkP.js                              0.08 kB │ gzip:     0.09 kB
out/renderer/assets/list-checks-B3MvzIGA.js                              0.08 kB │ gzip:     0.09 kB
out/renderer/assets/list-filter-BA-HChMB.js                              0.08 kB │ gzip:     0.09 kB
out/renderer/assets/monitor-cog-B3GLnUAJ.js                              0.08 kB │ gzip:     0.09 kB
out/renderer/assets/refresh-ccw-Yqri3Ox1.js                              0.08 kB │ gzip:     0.09 kB
out/renderer/assets/scan-search-BXL1sH6t.js                              0.08 kB │ gzip:     0.09 kB
out/renderer/assets/scroll-text-BFU1JW_4.js                              0.08 kB │ gzip:     0.09 kB
out/renderer/assets/square-code-CSls5cd9.js                              0.08 kB │ gzip:     0.09 kB
out/renderer/assets/thumbs-down-Bv9Ww8nt.js                              0.08 kB │ gzip:     0.09 kB
out/renderer/assets/chart-column-BDNCuMT7.js                             0.08 kB │ gzip:     0.09 kB
out/renderer/assets/chevron-down-CU9Otcx_.js                             0.08 kB │ gzip:     0.09 kB
out/renderer/assets/chevron-left-BAYYZ0Hl.js                             0.08 kB │ gzip:     0.09 kB
out/renderer/assets/circle-alert-r3AP5x-g.js                             0.08 kB │ gzip:     0.09 kB
out/renderer/assets/circle-check-D5S7bXQH.js                             0.08 kB │ gzip:     0.09 kB
out/renderer/assets/circle-minus-CQ77ShAN.js                             0.08 kB │ gzip:     0.09 kB
out/renderer/assets/circle-pause-B51ZOOMc.js                             0.08 kB │ gzip:     0.09 kB
out/renderer/assets/cloud-upload-BCx-b5QN.js                             0.08 kB │ gzip:     0.09 kB
out/renderer/assets/lock-keyhole-CiP84ebm.js                             0.08 kB │ gzip:     0.09 kB
out/renderer/assets/notepad-text-C6OSXmSO.js                             0.08 kB │ gzip:     0.09 kB
out/renderer/assets/package-open-DKaJ5Igs.js                             0.08 kB │ gzip:     0.09 kB
out/renderer/assets/pencil-ruler-L8r9UWz_.js                             0.08 kB │ gzip:     0.09 kB
out/renderer/assets/presentation-BUz5n8ds.js                             0.08 kB │ gzip:     0.09 kB
out/renderer/assets/shield-alert-5q-ObEOs.js                             0.08 kB │ gzip:     0.09 kB
out/renderer/assets/shield-check-z9L6ghmQ.js                             0.08 kB │ gzip:     0.09 kB
out/renderer/assets/square-slash-BDPClkoG.js                             0.08 kB │ gzip:     0.09 kB
out/renderer/assets/calendar-days-BURniKcZ.js                            0.08 kB │ gzip:     0.09 kB
out/renderer/assets/chevron-right-CfAQ3h6Z.js                            0.08 kB │ gzip:     0.09 kB
out/renderer/assets/chevrons-down-DO_uwB4t.js                            0.08 kB │ gzip:     0.09 kB
out/renderer/assets/circle-dashed-D8-TFwUM.js                            0.08 kB │ gzip:     0.09 kB
out/renderer/assets/external-link-CLQnHTdg.js                            0.08 kB │ gzip:     0.09 kB
out/renderer/assets/file-pen-line-Dnv4ZCq0.js                            0.08 kB │ gzip:     0.09 kB
out/renderer/assets/flask-conical-yHxh6DWw.js                            0.08 kB │ gzip:     0.09 kB
out/renderer/assets/grip-vertical-Dj5uHTbV.js                            0.08 kB │ gzip:     0.09 kB
out/renderer/assets/loader-circle-BTzRTzX5.js                            0.08 kB │ gzip:     0.09 kB
out/renderer/assets/octagon-alert-tXwDjxDa.js                            0.08 kB │ gzip:     0.09 kB
out/renderer/assets/previewPanePdfContent-h4zvXqqC.js                    0.08 kB │ gzip:     0.09 kB
out/renderer/assets/square-kanban-BD9CqBCk.js                            0.08 kB │ gzip:     0.09 kB
out/renderer/assets/wand-sparkles-BW9TELrX.js                            0.08 kB │ gzip:     0.09 kB
out/renderer/assets/arrow-up-right-DYprZpv2.js                           0.08 kB │ gzip:     0.10 kB
out/renderer/assets/book-open-text-MxlPIsNI.js                           0.08 kB │ gzip:     0.10 kB
out/renderer/assets/calendar-clock-BMBnTgD5.js                           0.08 kB │ gzip:     0.10 kB
out/renderer/assets/circle-slash-2-CVV7XSau.js                           0.08 kB │ gzip:     0.10 kB
out/renderer/assets/cloud-download--E2UxVLV.js                           0.08 kB │ gzip:     0.10 kB
out/renderer/assets/folder-symlink-Dy0DMx8w.js                           0.08 kB │ gzip:     0.10 kB
out/renderer/assets/graduation-cap-CwkgfHzQ.js                           0.08 kB │ gzip:     0.10 kB
out/renderer/assets/message-circle-OAs9-HFK.js                           0.08 kB │ gzip:     0.10 kB
out/renderer/assets/message-square-23dAnCp9.js                           0.08 kB │ gzip:     0.10 kB
out/renderer/assets/triangle-alert-nOZI3i7I.js                           0.08 kB │ gzip:     0.10 kB
out/renderer/assets/user-round-pen-CtkZHS6k.js                           0.08 kB │ gzip:     0.10 kB
out/renderer/assets/clipboard-check-CclpOKtI.js                          0.08 kB │ gzip:     0.10 kB
out/renderer/assets/clipboard-paste-W_hVbqjH.js                          0.08 kB │ gzip:     0.10 kB
out/renderer/assets/grip-horizontal-DYvTjDj0.js                          0.08 kB │ gzip:     0.10 kB
out/renderer/assets/messages-square-DJW5jpBn.js                          0.08 kB │ gzip:     0.10 kB
out/renderer/assets/mouse-pointer-2-CBwy7kpv.js                          0.08 kB │ gzip:     0.10 kB
out/renderer/assets/panel-left-open-DhR1VLcZ.js                          0.08 kB │ gzip:     0.10 kB
out/renderer/assets/panels-top-left-DeuJDzo8.js                          0.08 kB │ gzip:     0.10 kB
out/renderer/assets/previewPanePptxContent-Dg45sp0u.js                   0.08 kB │ gzip:     0.09 kB
out/renderer/assets/square-terminal-BG1q-ptO.js                          0.08 kB │ gzip:     0.10 kB
out/renderer/assets/arrow-right-left-sSDJWXV_.js                         0.09 kB │ gzip:     0.10 kB
out/renderer/assets/arrow-up-to-line-DtBVMlhX.js                         0.09 kB │ gzip:     0.10 kB
out/renderer/assets/circle-check-big-Deu0DINg.js                         0.09 kB │ gzip:     0.10 kB
out/renderer/assets/file-code-corner-Bf8TtMu9.js                         0.09 kB │ gzip:     0.10 kB
out/renderer/assets/panel-left-close-CXfTNjMh.js                         0.09 kB │ gzip:     0.10 kB
out/renderer/assets/panel-right-open-DWrUdjPS.js                         0.09 kB │ gzip:     0.10 kB
out/renderer/assets/trending-up-down-Bo0vBe0q.js                         0.09 kB │ gzip:     0.10 kB
out/renderer/assets/panel-right-close-BjlvGs9L.js                        0.09 kB │ gzip:     0.10 kB
out/renderer/assets/arrow-down-to-line-zid2HFpO.js                       0.09 kB │ gzip:     0.10 kB
out/renderer/assets/arrow-up-from-line-DGAcIxHq.js                       0.09 kB │ gzip:     0.10 kB
out/renderer/assets/bot-message-square-UCBaWFVK.js                       0.09 kB │ gzip:     0.10 kB
out/renderer/assets/briefcase-business-Dxq0TZ4f.js                       0.09 kB │ gzip:     0.10 kB
out/renderer/assets/clipboard-pen-line-BNKeTAq7.js                       0.09 kB │ gzip:     0.10 kB
out/renderer/assets/monitor-smartphone-B1oTkivC.js                       0.09 kB │ gzip:     0.10 kB
out/renderer/assets/sliders-horizontal-lJOaCCtH.js                       0.09 kB │ gzip:     0.10 kB
out/renderer/assets/arrow-right-to-line-BPXH-QDC.js                      0.09 kB │ gzip:     0.10 kB
out/renderer/assets/git-commit-vertical-BbPLuBLG.js                      0.09 kB │ gzip:     0.10 kB
out/renderer/assets/message-circle-plus-77XieUnB.js                      0.09 kB │ gzip:     0.10 kB
out/renderer/assets/message-square-text-CNDQGNyt.js                      0.09 kB │ gzip:     0.10 kB
out/renderer/assets/mouse-pointer-click-BJPlNLnh.js                      0.09 kB │ gzip:     0.10 kB
out/renderer/assets/arrow-left-from-line-D9VHW_Tw.js                     0.09 kB │ gzip:     0.10 kB
out/renderer/assets/circle-question-mark-Dba3eb8A.js                     0.09 kB │ gzip:     0.10 kB
out/renderer/assets/clone-CaQabod2.js                                    0.09 kB │ gzip:     0.10 kB │ map:      1.33 kB
out/renderer/assets/message-circle-check-DkUDusKW.js                     0.09 kB │ gzip:     0.10 kB
out/renderer/assets/message-circle-reply-BeiObM1b.js                     0.09 kB │ gzip:     0.10 kB
out/renderer/assets/square-mouse-pointer-C5bCB_Ad.js                     0.09 kB │ gzip:     0.10 kB
out/renderer/assets/git-commit-horizontal-DjuJPaW0.js                    0.09 kB │ gzip:     0.10 kB
out/renderer/assets/previewPaneOfficeContent-uFCGUvzi.js                 0.09 kB │ gzip:     0.09 kB
out/renderer/assets/square-arrow-right-enter-BJN5QdM4.js                 0.09 kB │ gzip:     0.11 kB
out/renderer/assets/message-circle-question-mark-DpA2vgJM.js             0.10 kB │ gzip:     0.11 kB
out/renderer/assets/array-gyBMfMMN.js                                    0.10 kB │ gzip:     0.11 kB │ map:      0.52 kB
out/renderer/assets/channel-DeLtA_Df.js                                  0.11 kB │ gzip:     0.12 kB │ map:      0.49 kB
out/renderer/assets/pie-ZZUOXDRM-C6NB7fXS.js                             0.11 kB │ gzip:     0.11 kB
out/renderer/assets/info-OMHHGYJF-BcG8VtaG.js                            0.11 kB │ gzip:     0.11 kB
out/renderer/assets/radar-PYXPWWZC-DS7mSyxj.js                           0.11 kB │ gzip:     0.12 kB
out/renderer/assets/packet-4T2RLAQJ-BTEWWR7H.js                          0.12 kB │ gzip:     0.12 kB
out/renderer/assets/treemap-W4RFUUIX-D913W8vi.js                         0.12 kB │ gzip:     0.12 kB
out/renderer/assets/wardley-RL74JXVD-uOsH-ZZF.js                         0.12 kB │ gzip:     0.12 kB
out/renderer/assets/gitGraph-7Q5UKJZL-BFtkyg1N.js                        0.12 kB │ gzip:     0.12 kB
out/renderer/assets/treeView-SZITEDCU-BbeJEXAj.js                        0.12 kB │ gzip:     0.12 kB
out/renderer/assets/architecture-YZFGNWBL-C_VstN-v.js                    0.12 kB │ gzip:     0.12 kB
out/renderer/assets/minus-JrzBsGuD.js                                    0.13 kB │ gzip:     0.14 kB │ map:      0.73 kB
out/renderer/assets/check-ttSXaESy.js                                    0.14 kB │ gzip:     0.14 kB │ map:      0.74 kB
out/renderer/assets/chevron-down-CAoVJ1Or.js                             0.14 kB │ gzip:     0.15 kB │ map:      0.77 kB
out/renderer/assets/chevron-up-B0mpgZUq.js                               0.14 kB │ gzip:     0.15 kB │ map:      0.76 kB
out/renderer/assets/chevron-left-D17tkpgw.js                             0.14 kB │ gzip:     0.15 kB │ map:      0.78 kB
out/renderer/assets/chevron-right-CECnOWCN.js                            0.14 kB │ gzip:     0.15 kB │ map:      0.78 kB
out/renderer/assets/circle-CjUbj0IC.js                                   0.14 kB │ gzip:     0.14 kB │ map:      0.77 kB
out/renderer/assets/tally-1-DQcugP72.js                                  0.14 kB │ gzip:     0.15 kB │ map:      0.74 kB
out/renderer/assets/slash-Sq5XYXRf.js                                    0.15 kB │ gzip:     0.15 kB │ map:      0.73 kB
out/renderer/assets/wifi-zero-BCebXdaq.js                                0.15 kB │ gzip:     0.16 kB │ map:      0.75 kB
out/renderer/assets/signal-zero-BjR2bcOw.js                              0.15 kB │ gzip:     0.16 kB │ map:      0.76 kB
out/renderer/assets/tiny-invariant-PKAtyi0c.js                           0.15 kB │ gzip:     0.14 kB │ map:      0.85 kB
out/renderer/assets/loader-circle-ettMopg_.js                            0.16 kB │ gzip:     0.16 kB │ map:      0.80 kB
out/renderer/assets/dot-PL2FQyvW.js                                      0.16 kB │ gzip:     0.15 kB │ map:      0.76 kB
out/renderer/assets/square-DADE40IU.js                                   0.16 kB │ gzip:     0.16 kB │ map:      0.83 kB
out/renderer/assets/circle-small-CoEOnOEM.js                             0.16 kB │ gzip:     0.16 kB │ map:      0.81 kB
out/renderer/assets/mountain-B4xyyo8M.js                                 0.16 kB │ gzip:     0.16 kB │ map:      0.76 kB
out/renderer/assets/bluetooth-B0nhBd5o.js                                0.16 kB │ gzip:     0.17 kB │ map:      0.77 kB
out/renderer/assets/plus-Dg0eJYSN.js                                     0.16 kB │ gzip:     0.16 kB │ map:      0.83 kB
out/renderer/assets/x-22-o6Mzw.js                                        0.17 kB │ gzip:     0.16 kB │ map:      0.81 kB
out/renderer/assets/ellipse-Ao1Rt8Gr.js                                  0.17 kB │ gzip:     0.16 kB │ map:      0.81 kB
out/renderer/assets/fish-symbol-Cwg_893-.js                              0.17 kB │ gzip:     0.17 kB │ map:      0.79 kB
out/renderer/assets/cloud-Dce1KpuC.js                                    0.17 kB │ gzip:     0.17 kB │ map:      0.78 kB
out/renderer/assets/arrow-up-ReTlMnNe.js                                 0.17 kB │ gzip:     0.17 kB │ map:      0.86 kB
out/renderer/assets/terminal-yec3Ga6w.js                                 0.17 kB │ gzip:     0.16 kB │ map:      0.86 kB
out/renderer/assets/navigation-BQq5HYfV.js                               0.17 kB │ gzip:     0.17 kB │ map:      0.79 kB
out/renderer/assets/chunk-QZHKN3VN-DYWYHbWd.js                           0.18 kB │ gzip:     0.14 kB │ map:      0.78 kB
out/renderer/assets/arrow-down-BqVz5Zm4.js                               0.18 kB │ gzip:     0.17 kB │ map:      0.87 kB
out/renderer/assets/arrow-left-BQuspoiL.js                               0.18 kB │ gzip:     0.17 kB │ map:      0.87 kB
out/renderer/assets/arrow-right-DmcktJty.js                              0.18 kB │ gzip:     0.17 kB │ map:      0.87 kB
out/renderer/assets/navigation-2-BLDclVTk.js                             0.18 kB │ gzip:     0.17 kB │ map:      0.80 kB
out/renderer/assets/space-XEjZU61B.js                                    0.18 kB │ gzip:     0.18 kB │ map:      0.77 kB
out/renderer/assets/arrow-up-right-CaMRjCEt.js                           0.18 kB │ gzip:     0.16 kB │ map:      0.89 kB
out/renderer/assets/clock-3-BXK16S7Y.js                                  0.18 kB │ gzip:     0.17 kB │ map:      0.88 kB
out/renderer/assets/clock-CViV_UyT.js                                    0.18 kB │ gzip:     0.17 kB │ map:      0.88 kB
out/renderer/assets/egg-CEddrL7O.js                                      0.18 kB │ gzip:     0.18 kB │ map:      0.76 kB
out/renderer/assets/tally-2-CJFTIvaO.js                                  0.18 kB │ gzip:     0.17 kB │ map:      0.84 kB
out/renderer/assets/music-2-Bw0hXUic.js                                  0.18 kB │ gzip:     0.17 kB │ map:      0.89 kB
out/renderer/assets/chevrons-down-C5WXY-FL.js                            0.18 kB │ gzip:     0.16 kB │ map:      0.89 kB
out/renderer/assets/circle-minus-CWnhRMxo.js                             0.18 kB │ gzip:     0.17 kB │ map:      0.91 kB
out/renderer/assets/thermometer-DWT7B_bD.js                              0.18 kB │ gzip:     0.18 kB │ map:      0.81 kB
out/renderer/assets/power-Drk_Mp6_.js                                    0.18 kB │ gzip:     0.17 kB │ map:      0.85 kB
out/renderer/assets/option-DywXfJfJ.js                                   0.19 kB │ gzip:     0.17 kB │ map:      0.85 kB
out/renderer/assets/rectangle-vertical-CQJ8GKso.js                       0.19 kB │ gzip:     0.18 kB │ map:      0.90 kB
out/renderer/assets/search-DVfX7D2X.js                                   0.19 kB │ gzip:     0.17 kB │ map:      0.89 kB
out/renderer/assets/signal-low-CBUF4ZTU.js                               0.19 kB │ gzip:     0.18 kB │ map:      0.86 kB
out/renderer/assets/unlink-2-DWRVEu_x.js                                 0.19 kB │ gzip:     0.18 kB │ map:      0.79 kB
out/renderer/assets/gauge-8bJqva6X.js                                    0.19 kB │ gzip:     0.18 kB │ map:      0.86 kB
out/renderer/assets/rectangle-horizontal-BaPThecT.js                     0.19 kB │ gzip:     0.18 kB │ map:      0.91 kB
out/renderer/assets/reply-zEgyYsTl.js                                    0.19 kB │ gzip:     0.17 kB │ map:      0.86 kB
out/renderer/assets/circle-slash-2-BDEzkFkR.js                           0.19 kB │ gzip:     0.17 kB │ map:      0.93 kB
out/renderer/assets/code-BqQQgwfI.js                                     0.19 kB │ gzip:     0.17 kB │ map:      0.84 kB
out/renderer/assets/move-up-D_32q0Xx.js                                  0.19 kB │ gzip:     0.17 kB │ map:      0.85 kB
out/renderer/assets/circle-check-CTMQNbZz.js                             0.19 kB │ gzip:     0.17 kB │ map:      0.92 kB
out/renderer/assets/move-left-DKs6-mm0.js                                0.19 kB │ gzip:     0.18 kB │ map:      0.86 kB
out/renderer/assets/squircle-BLD60qAO.js                                 0.19 kB │ gzip:     0.18 kB │ map:      0.80 kB
out/renderer/assets/move-up-left-D7VGqj_T.js                             0.19 kB │ gzip:     0.18 kB │ map:      0.88 kB
out/renderer/assets/arrow-up-left-Dov1_jrL.js                            0.19 kB │ gzip:     0.18 kB │ map:      0.88 kB
out/renderer/assets/ban-mAWQAjHV.js                                      0.19 kB │ gzip:     0.18 kB │ map:      0.88 kB
out/renderer/assets/chevron-last-p7fBOE9e.js                             0.19 kB │ gzip:     0.18 kB │ map:      0.88 kB
out/renderer/assets/chevron-first-B60rHoGd.js                            0.19 kB │ gzip:     0.18 kB │ map:      0.89 kB
out/renderer/assets/move-down-FX5Dj5g9.js                                0.19 kB │ gzip:     0.18 kB │ map:      0.87 kB
out/renderer/assets/move-up-right-ChRFbxhv.js                            0.19 kB │ gzip:     0.18 kB │ map:      0.88 kB
out/renderer/assets/music-3-C-qmo16z.js                                  0.19 kB │ gzip:     0.19 kB │ map:      0.88 kB
out/renderer/assets/user-round-RL9juV59.js                               0.19 kB │ gzip:     0.18 kB │ map:      0.91 kB
out/renderer/assets/arrow-down-left-BL09THu9.js                          0.19 kB │ gzip:     0.17 kB │ map:      0.90 kB
out/renderer/assets/clock-12-BGfV-GCA.js                                 0.19 kB │ gzip:     0.18 kB │ map:      0.89 kB
out/renderer/assets/clock-6-7t0V0w_i.js                                  0.19 kB │ gzip:     0.18 kB │ map:      0.88 kB
out/renderer/assets/move-down-left-CSDsIysD.js                           0.19 kB │ gzip:     0.18 kB │ map:      0.89 kB
out/renderer/assets/move-right-BZuPWtdq.js                               0.19 kB │ gzip:     0.18 kB │ map:      0.87 kB
out/renderer/assets/arrow-down-right-B9t_4ydt.js                         0.20 kB │ gzip:     0.18 kB │ map:      0.90 kB
out/renderer/assets/chart-line-DGFrgNW7.js                               0.20 kB │ gzip:     0.18 kB │ map:      0.89 kB
out/renderer/assets/clock-9-DnyYamfU.js                                  0.20 kB │ gzip:     0.18 kB │ map:      0.88 kB
out/renderer/assets/move-down-right-Dp58TBpS.js                          0.20 kB │ gzip:     0.18 kB │ map:      0.90 kB
out/renderer/assets/clock-1-D4vzpjAP.js                                  0.20 kB │ gzip:     0.18 kB │ map:      0.89 kB
out/renderer/assets/clock-2-B_xOhNjP.js                                  0.20 kB │ gzip:     0.18 kB │ map:      0.89 kB
out/renderer/assets/clock-4-C6xnCXWR.js                                  0.20 kB │ gzip:     0.18 kB │ map:      0.89 kB
out/renderer/assets/clock-5-DB0LuNWt.js                                  0.20 kB │ gzip:     0.18 kB │ map:      0.89 kB
out/renderer/assets/chevrons-up-xjLOVq-b.js                              0.20 kB │ gzip:     0.17 kB │ map:      0.88 kB
out/renderer/assets/clock-7-BCz9IUh2.js                                  0.20 kB │ gzip:     0.18 kB │ map:      0.89 kB
out/renderer/assets/clock-8-BjU6kJ_y.js                                  0.20 kB │ gzip:     0.18 kB │ map:      0.89 kB
out/renderer/assets/infinity-BQjY3S7e.js                                 0.20 kB │ gzip:     0.18 kB │ map:      0.82 kB
out/renderer/assets/chevrons-right-BXrR3Okz.js                           0.20 kB │ gzip:     0.17 kB │ map:      0.90 kB
out/renderer/assets/clock-10-DRTTk1dX.js                                 0.20 kB │ gzip:     0.18 kB │ map:      0.89 kB
out/renderer/assets/clock-11-B84M-3Tz.js                                 0.20 kB │ gzip:     0.19 kB │ map:      0.89 kB
out/renderer/assets/blend-7g0aYdK-.js                                    0.20 kB │ gzip:     0.17 kB │ map:      0.91 kB
out/renderer/assets/chevrons-down-up-Bv5K1FIE.js                         0.20 kB │ gzip:     0.18 kB │ map:      0.91 kB
out/renderer/assets/chevrons-left-CqjkLwFl.js                            0.20 kB │ gzip:     0.17 kB │ map:      0.90 kB
out/renderer/assets/chevrons-up-down-DfmWzX2t.js                         0.20 kB │ gzip:     0.18 kB │ map:      0.91 kB
out/renderer/assets/play-Dp0vvPGJ.js                                     0.20 kB │ gzip:     0.18 kB │ map:      0.84 kB
out/renderer/assets/trending-up-D-uxWY21.js                              0.20 kB │ gzip:     0.19 kB │ map:      0.88 kB
out/renderer/assets/disc-2jKGZht9.js                                     0.20 kB │ gzip:     0.17 kB │ map:      0.91 kB
out/renderer/assets/wifi-low-BTiq2Q3E.js                                 0.20 kB │ gzip:     0.19 kB │ map:      0.87 kB
out/renderer/assets/bold-BClE7U5B.js                                     0.20 kB │ gzip:     0.18 kB │ map:      0.81 kB
out/renderer/assets/chevrons-left-right-9CzwlWRR.js                      0.20 kB │ gzip:     0.18 kB │ map:      0.93 kB
out/renderer/assets/trending-down-C0MQkgAC.js                            0.20 kB │ gzip:     0.19 kB │ map:      0.90 kB
out/renderer/assets/check-check-DNAoQ775.js                              0.21 kB │ gzip:     0.19 kB │ map:      0.89 kB
out/renderer/assets/chevrons-right-left-DTZxMcgQ.js                      0.21 kB │ gzip:     0.19 kB │ map:      0.93 kB
out/renderer/assets/circle-check-big-CuUIBAa4.js                         0.21 kB │ gzip:     0.19 kB │ map:      0.93 kB
out/renderer/assets/forward-BKnXhXLN.js                                  0.21 kB │ gzip:     0.19 kB │ map:      0.87 kB
out/renderer/assets/iteration-cw-5H7jTda9.js                             0.21 kB │ gzip:     0.19 kB │ map:      0.90 kB
out/renderer/assets/russian-ruble-C7rA7wFm.js                            0.21 kB │ gzip:     0.18 kB │ map:      0.90 kB
out/renderer/assets/src-2FP7IUE6-CgZd843-.js                             0.21 kB │ gzip:     0.17 kB
out/renderer/assets/triangle-BNJBwLAz.js                                 0.21 kB │ gzip:     0.19 kB │ map:      0.83 kB
out/renderer/assets/list-filter-DyzhWBx8.js                              0.21 kB │ gzip:     0.18 kB │ map:      0.96 kB
out/renderer/assets/chunk-4BX2VUAB-DA7fs5aN.js                           0.21 kB │ gzip:     0.15 kB │ map:      0.80 kB
out/renderer/assets/eclipse-DK6R0oYE.js                                  0.21 kB │ gzip:     0.19 kB │ map:      0.90 kB
out/renderer/assets/user-B5HiXFV-.js                                     0.21 kB │ gzip:     0.19 kB │ map:      0.90 kB
out/renderer/assets/circle-dot-BkjmAjCz.js                               0.21 kB │ gzip:     0.17 kB │ map:      0.94 kB
out/renderer/assets/command-EhJsvcdy.js                                  0.21 kB │ gzip:     0.18 kB │ map:      0.83 kB
out/renderer/assets/iteration-ccw-BabLuEC1.js                            0.21 kB │ gzip:     0.19 kB │ map:      0.91 kB
out/renderer/assets/mouse-DpxN5ggA.js                                    0.21 kB │ gzip:     0.20 kB │ map:      0.92 kB
out/renderer/assets/smartphone-DNMswOrR.js                               0.21 kB │ gzip:     0.19 kB │ map:      0.97 kB
out/renderer/assets/circle-chevron-up-t1aYoldc.js                        0.21 kB │ gzip:     0.19 kB │ map:      0.95 kB
out/renderer/assets/chunk-55IACEB6-4UOy7D8w.js                           0.21 kB │ gzip:     0.19 kB │ map:      0.98 kB
out/renderer/assets/circle-stop-qR3SCo83.js                              0.21 kB │ gzip:     0.18 kB │ map:      0.99 kB
out/renderer/assets/corner-right-up-CQMxWAOl.js                          0.21 kB │ gzip:     0.19 kB │ map:      0.92 kB
out/renderer/assets/rows-2-COOMmwYr.js                                   0.21 kB │ gzip:     0.20 kB │ map:      0.92 kB
out/renderer/assets/zodiac-taurus-CFxU12Pw.js                            0.21 kB │ gzip:     0.20 kB │ map:      0.93 kB
out/renderer/assets/corner-down-left-D8NtCFAA.js                         0.21 kB │ gzip:     0.19 kB │ map:      0.92 kB
out/renderer/assets/corner-left-up-CjflxB_k.js                           0.21 kB │ gzip:     0.19 kB │ map:      0.91 kB
out/renderer/assets/corner-up-left-9E9rlsr5.js                           0.21 kB │ gzip:     0.19 kB │ map:      0.91 kB
out/renderer/assets/crop-BvbKZbbx.js                                     0.21 kB │ gzip:     0.19 kB │ map:      0.86 kB
out/renderer/assets/rotate-ccw-CJtGRUYR.js                               0.21 kB │ gzip:     0.19 kB │ map:      0.90 kB
out/renderer/assets/tv-Cg_NEPCG.js                                       0.21 kB │ gzip:     0.20 kB │ map:      0.91 kB
out/renderer/assets/circle-chevron-down-DXKnXhU8.js                      0.21 kB │ gzip:     0.19 kB │ map:      0.96 kB
out/renderer/assets/circle-chevron-left-ButY4Nxb.js                      0.21 kB │ gzip:     0.19 kB │ map:      0.96 kB
out/renderer/assets/circle-chevron-right-CLX7WG5f.js                     0.21 kB │ gzip:     0.19 kB │ map:      0.97 kB
out/renderer/assets/contrast-Cl94DfuY.js                                 0.21 kB │ gzip:     0.19 kB │ map:      0.91 kB
out/renderer/assets/panel-top-CwHzX2w2.js                                0.21 kB │ gzip:     0.20 kB │ map:      0.94 kB
out/renderer/assets/undo-Bj0PgNhG.js                                     0.21 kB │ gzip:     0.19 kB │ map:      0.86 kB
out/renderer/assets/columns-2-DVXCYyjs.js                                0.21 kB │ gzip:     0.20 kB │ map:      0.94 kB
out/renderer/assets/corner-down-right-CMVmD59U.js                        0.21 kB │ gzip:     0.19 kB │ map:      0.93 kB
out/renderer/assets/corner-right-down-DozF_xuM.js                        0.21 kB │ gzip:     0.19 kB │ map:      0.93 kB
out/renderer/assets/corner-up-right-Cln1cPqX.js                          0.21 kB │ gzip:     0.19 kB │ map:      0.92 kB
out/renderer/assets/panel-left-BPvXbNWr.js                               0.21 kB │ gzip:     0.20 kB │ map:      0.95 kB
out/renderer/assets/parentheses-DJBg3iwI.js                              0.21 kB │ gzip:     0.19 kB │ map:      0.90 kB
out/renderer/assets/corner-left-down-CCELwBTz.js                         0.21 kB │ gzip:     0.19 kB │ map:      0.93 kB
out/renderer/assets/equal-BXQfPpkI.js                                    0.21 kB │ gzip:     0.18 kB │ map:      0.95 kB
out/renderer/assets/flag-triangle-left-BGiSzlM4.js                       0.21 kB │ gzip:     0.20 kB │ map:      0.89 kB
out/renderer/assets/flag-triangle-right-B4B84IXP.js                      0.21 kB │ gzip:     0.20 kB │ map:      0.89 kB
out/renderer/assets/redo-BXLB2nV2.js                                     0.21 kB │ gzip:     0.19 kB │ map:      0.86 kB
out/renderer/assets/tv-minimal-D2sprnHo.js                               0.21 kB │ gzip:     0.20 kB │ map:      0.95 kB
out/renderer/assets/copyleft-B-pbZPnD.js                                 0.22 kB │ gzip:     0.20 kB │ map:      0.91 kB
out/renderer/assets/info-BE2rikv9.js                                     0.22 kB │ gzip:     0.18 kB │ map:      0.97 kB
out/renderer/assets/menu-CSvKTlb5.js                                     0.22 kB │ gzip:     0.17 kB │ map:      0.93 kB
out/renderer/assets/panel-right-ExO5oaiV.js                              0.22 kB │ gzip:     0.20 kB │ map:      0.95 kB
out/renderer/assets/square-minus-C3VZK8_9.js                             0.22 kB │ gzip:     0.20 kB │ map:      0.96 kB
out/renderer/assets/circle-slash-9RZRNVTT.js                             0.22 kB │ gzip:     0.19 kB │ map:      0.97 kB
out/renderer/assets/diff-CnfX8IWX.js                                     0.22 kB │ gzip:     0.18 kB │ map:      0.93 kB
out/renderer/assets/kanban-BY-SIHIj.js                                   0.22 kB │ gzip:     0.18 kB │ map:      0.94 kB
out/renderer/assets/panel-bottom-cpjOZXuH.js                             0.22 kB │ gzip:     0.20 kB │ map:      0.96 kB
out/renderer/assets/triangle-right-D_Veta5g.js                           0.22 kB │ gzip:     0.20 kB │ map:      0.89 kB
out/renderer/assets/copyright-D-fSq7ER.js                                0.22 kB │ gzip:     0.20 kB │ map:      0.92 kB
out/renderer/assets/line-dot-right-horizontal-CKoL5okp.js                0.22 kB │ gzip:     0.20 kB │ map:      1.00 kB
out/renderer/assets/lock-DPlcYXAs.js                                     0.22 kB │ gzip:     0.20 kB │ map:      0.95 kB
out/renderer/assets/tally-3-B-V2fR6h.js                                  0.22 kB │ gzip:     0.18 kB │ map:      0.94 kB
out/renderer/assets/underline-DsuFMCvJ.js                                0.22 kB │ gzip:     0.20 kB │ map:      0.93 kB
out/renderer/assets/arrow-up-to-line-BPyjeMwI.js                         0.22 kB │ gzip:     0.18 kB │ map:      1.00 kB
out/renderer/assets/battery-BihuDRS_.js                                  0.22 kB │ gzip:     0.20 kB │ map:      0.94 kB
out/renderer/assets/circle-parking-Bicm-Csy.js                           0.22 kB │ gzip:     0.20 kB │ map:      0.95 kB
out/renderer/assets/circle-plus-ivIXNvba.js                              0.22 kB │ gzip:     0.18 kB │ map:      1.00 kB
out/renderer/assets/circle-x-ZdHg4veg.js                                 0.22 kB │ gzip:     0.18 kB │ map:      0.99 kB
out/renderer/assets/cylinder-BjV23Gz_.js                                 0.22 kB │ gzip:     0.20 kB │ map:      0.93 kB
out/renderer/assets/heading-qt9rDp7x.js                                  0.22 kB │ gzip:     0.18 kB │ map:      0.94 kB
out/renderer/assets/redo-2-Bl0Buebd.js                                   0.22 kB │ gzip:     0.19 kB │ map:      0.89 kB
out/renderer/assets/square-slash-BzhuGgn2.js                             0.22 kB │ gzip:     0.20 kB │ map:      1.02 kB
out/renderer/assets/code-xml-h9i0hVlp.js                                 0.22 kB │ gzip:     0.18 kB │ map:      0.97 kB
out/renderer/assets/dice-1-D9iQAOqS.js                                   0.22 kB │ gzip:     0.20 kB │ map:      0.95 kB
out/renderer/assets/undo-2-z8YXydPC.js                                   0.22 kB │ gzip:     0.18 kB │ map:      0.89 kB
out/renderer/assets/arrow-down-to-line-AE6wnX-E.js                       0.22 kB │ gzip:     0.19 kB │ map:      1.01 kB
out/renderer/assets/arrow-up-from-line-DSWkt7lx.js                       0.22 kB │ gzip:     0.18 kB │ map:      1.01 kB
out/renderer/assets/book-gAzMTRwO.js                                     0.22 kB │ gzip:     0.19 kB │ map:      0.84 kB
out/renderer/assets/arrow-left-from-line-eJkgsb4f.js                     0.22 kB │ gzip:     0.19 kB │ map:      1.02 kB
out/renderer/assets/square-check-Dh7l9e6J.js                             0.22 kB │ gzip:     0.20 kB │ map:      0.97 kB
out/renderer/assets/arrow-right-to-line-BAr405bO.js                      0.22 kB │ gzip:     0.19 kB │ map:      1.02 kB
out/renderer/assets/pause-DlvvdRCu.js                                    0.22 kB │ gzip:     0.17 kB │ map:      1.00 kB
out/renderer/assets/line-squiggle-DrY_dYw2.js                            0.22 kB │ gzip:     0.21 kB │ map:      0.89 kB
out/renderer/assets/at-sign-Bd4na0Pg.js                                  0.23 kB │ gzip:     0.21 kB │ map:      0.92 kB
out/renderer/assets/flame-C_AL5k0G.js                                    0.23 kB │ gzip:     0.20 kB │ map:      0.85 kB
out/renderer/assets/slice-83-vSURj.js                                    0.23 kB │ gzip:     0.20 kB │ map:      0.85 kB
out/renderer/assets/square-dot-DsyEpeRw.js                               0.23 kB │ gzip:     0.20 kB │ map:      0.99 kB
out/renderer/assets/swiss-franc-BXM5EeDS.js                              0.23 kB │ gzip:     0.20 kB │ map:      0.97 kB
out/renderer/assets/text-align-end-Dj3-gqBk.js                           0.23 kB │ gzip:     0.19 kB │ map:      0.98 kB
out/renderer/assets/toggle-left-Bo4T-jl5.js                              0.23 kB │ gzip:     0.21 kB │ map:      0.99 kB
out/renderer/assets/torus-CLrWqumZ.js                                    0.23 kB │ gzip:     0.18 kB │ map:      0.96 kB
out/renderer/assets/x-line-top-43pXjtqG.js                               0.23 kB │ gzip:     0.19 kB │ map:      0.96 kB
out/renderer/assets/baseline-CUt1lSoj.js                                 0.23 kB │ gzip:     0.19 kB │ map:      0.96 kB
out/renderer/assets/git-commit-vertical-DZs4eg01.js                      0.23 kB │ gzip:     0.19 kB │ map:      1.05 kB
out/renderer/assets/square-chevron-up-BOz09t8H.js                        0.23 kB │ gzip:     0.21 kB │ map:      1.00 kB
out/renderer/assets/venus-CvJOqmw6.js                                    0.23 kB │ gzip:     0.20 kB │ map:      0.97 kB
out/renderer/assets/zodiac-aries-DDDILS8S.js                             0.23 kB │ gzip:     0.20 kB │ map:      0.92 kB
out/renderer/assets/rotate-cw-CMhI-0AU.js                                0.23 kB │ gzip:     0.21 kB │ map:      0.90 kB
out/renderer/assets/signal-medium-4oTLE79N.js                            0.23 kB │ gzip:     0.19 kB │ map:      0.98 kB
out/renderer/assets/square-radical-B8dPBrK0.js                           0.23 kB │ gzip:     0.21 kB │ map:      0.98 kB
out/renderer/assets/text-align-start-6BYFGlyb.js                         0.23 kB │ gzip:     0.19 kB │ map:      1.00 kB
out/renderer/assets/toggle-right-BY6PXTc5.js                             0.23 kB │ gzip:     0.20 kB │ map:      1.00 kB
out/renderer/assets/moon-COiQ-oOm.js                                     0.23 kB │ gzip:     0.21 kB │ map:      0.86 kB
out/renderer/assets/text-align-center-Ctl_Ef5G.js                        0.23 kB │ gzip:     0.19 kB │ map:      1.00 kB
out/renderer/assets/check-line-Bg4sJL7V.js                               0.23 kB │ gzip:     0.19 kB │ map:      0.97 kB
out/renderer/assets/square-chevron-down-ChbxPLfB.js                      0.23 kB │ gzip:     0.21 kB │ map:      1.01 kB
out/renderer/assets/square-chevron-left-wiAOanMV.js                      0.23 kB │ gzip:     0.21 kB │ map:      1.01 kB
out/renderer/assets/square-chevron-right--9JfGe9c.js                     0.23 kB │ gzip:     0.21 kB │ map:      1.01 kB
out/renderer/assets/text-align-justify-BfubBk6X.js                       0.23 kB │ gzip:     0.18 kB │ map:      1.01 kB
out/renderer/assets/chart-no-axes-gantt-Cgn5zSpZ.js                      0.23 kB │ gzip:     0.20 kB │ map:      1.01 kB
out/renderer/assets/move-diagonal-Ul4Rs2Zy.js                            0.23 kB │ gzip:     0.20 kB │ map:      0.99 kB
out/renderer/assets/chart-no-axes-column-DjLrvRkH.js                     0.23 kB │ gzip:     0.19 kB │ map:      1.02 kB
out/renderer/assets/radical-DoZiMBHW.js                                  0.23 kB │ gzip:     0.21 kB │ map:      0.87 kB
out/renderer/assets/credit-card-BZhJydty.js                              0.23 kB │ gzip:     0.21 kB │ map:      1.01 kB
out/renderer/assets/move-diagonal-2-CLJdJE-z.js                          0.23 kB │ gzip:     0.19 kB │ map:      1.00 kB
out/renderer/assets/zodiac-sagittarius-H1K3z37A.js                       0.23 kB │ gzip:     0.20 kB │ map:      1.01 kB
out/renderer/assets/arrow-left-to-line-G1b0PF14.js                       0.23 kB │ gzip:     0.20 kB │ map:      1.01 kB
out/renderer/assets/move-vertical-DjXQYjHT.js                            0.23 kB │ gzip:     0.19 kB │ map:      0.99 kB
out/renderer/assets/square-sigma-UI_DpEGE.js                             0.23 kB │ gzip:     0.22 kB │ map:      0.98 kB
out/renderer/assets/cone-BxAM0RcI.js                                     0.24 kB │ gzip:     0.21 kB │ map:      0.93 kB
out/renderer/assets/mars-CM1yux_w.js                                     0.24 kB │ gzip:     0.21 kB │ map:      0.98 kB
out/renderer/assets/rectangle-circle-BqxqfrTB.js                         0.24 kB │ gzip:     0.21 kB │ map:      0.97 kB
out/renderer/assets/spell-check-BmztrBTJ.js                              0.24 kB │ gzip:     0.20 kB │ map:      0.98 kB
out/renderer/assets/square-parking-QxPVJ77I.js                           0.24 kB │ gzip:     0.22 kB │ map:      0.99 kB
out/renderer/assets/arrow-down-from-line-B_fhRKRA.js                     0.24 kB │ gzip:     0.20 kB │ map:      1.03 kB
out/renderer/assets/circle-equal-BRtaK0cC.js                             0.24 kB │ gzip:     0.19 kB │ map:      1.01 kB
out/renderer/assets/e2eStoreBridgeBootstrap-B1CxXT8e.js                  0.24 kB │ gzip:     0.17 kB │ map:      1.43 kB
out/renderer/assets/lock-open-TNnFOFLj.js                                0.24 kB │ gzip:     0.21 kB │ map:      0.98 kB
out/renderer/assets/move-horizontal-DlNjrKCj.js                          0.24 kB │ gzip:     0.20 kB │ map:      1.01 kB
out/renderer/assets/square-activity-BHeOLsJR.js                          0.24 kB │ gzip:     0.21 kB │ map:      1.00 kB
out/renderer/assets/ellipsis-B47s49FE.js                                 0.24 kB │ gzip:     0.17 kB │ map:      1.07 kB
out/renderer/assets/target-Cf3odBpe.js                                   0.24 kB │ gzip:     0.17 kB │ map:      1.06 kB
out/renderer/assets/arrow-right-from-line-C6MgsGdf.js                    0.24 kB │ gzip:     0.20 kB │ map:      1.03 kB
out/renderer/assets/droplet-CyaHE3gT.js                                  0.24 kB │ gzip:     0.21 kB │ map:      0.87 kB
out/renderer/assets/ratio-DiqisVYh.js                                    0.24 kB │ gzip:     0.19 kB │ map:      1.00 kB
out/renderer/assets/ungroup-C2qoeImD.js                                  0.24 kB │ gzip:     0.19 kB │ map:      1.01 kB
out/renderer/assets/asterisk-BH89zm5m.js                                 0.24 kB │ gzip:     0.20 kB │ map:      0.97 kB
out/renderer/assets/folder-Dv7KhNF9.js                                   0.24 kB │ gzip:     0.20 kB │ map:      0.88 kB
out/renderer/assets/git-merge-LzraGv0q.js                                0.24 kB │ gzip:     0.19 kB │ map:      1.05 kB
out/renderer/assets/mail-x8dzz77W.js                                     0.24 kB │ gzip:     0.22 kB │ map:      0.95 kB
out/renderer/assets/panels-top-left-CYO5ZegK.js                          0.24 kB │ gzip:     0.20 kB │ map:      1.07 kB
out/renderer/assets/pill-BrxFhDD5.js                                     0.24 kB │ gzip:     0.20 kB │ map:      0.91 kB
out/renderer/assets/tablet-B8rc2t81.js                                   0.24 kB │ gzip:     0.21 kB │ map:      1.01 kB
out/renderer/assets/appUsageChartPalette-DxKoAbb0.js                     0.24 kB │ gzip:     0.13 kB │ map:      0.81 kB
out/renderer/assets/git-branch-DCQAaCfo.js                               0.24 kB │ gzip:     0.20 kB │ map:      1.05 kB
out/renderer/assets/separator-vertical-B_TJpRXu.js                       0.24 kB │ gzip:     0.20 kB │ map:      1.02 kB
out/renderer/assets/share-CsQgnAv8.js                                    0.24 kB │ gzip:     0.19 kB │ map:      0.97 kB
out/renderer/assets/captions-DOlUsvDS.js                                 0.24 kB │ gzip:     0.21 kB │ map:      0.98 kB
out/renderer/assets/library-Cfxf6-ih.js                                  0.24 kB │ gzip:     0.19 kB │ map:      1.04 kB
out/renderer/assets/log-out-BdMs48t8.js                                  0.24 kB │ gzip:     0.19 kB │ map:      0.98 kB
out/renderer/assets/pilcrow-CxT7ri5y.js                                  0.24 kB │ gzip:     0.20 kB │ map:      0.97 kB
out/renderer/assets/sigma-BPSQLvxh.js                                    0.24 kB │ gzip:     0.21 kB │ map:      0.87 kB
out/renderer/assets/upload-BMt2oNoh.js                                   0.24 kB │ gzip:     0.20 kB │ map:      0.98 kB
out/renderer/assets/flask-round-D2oC5Uy0.js                              0.24 kB │ gzip:     0.21 kB │ map:      0.99 kB
out/renderer/assets/log-in-qYgN_acW.js                                   0.24 kB │ gzip:     0.19 kB │ map:      0.98 kB
out/renderer/assets/separator-horizontal-C0DZEY1L.js                     0.24 kB │ gzip:     0.21 kB │ map:      1.04 kB
out/renderer/assets/square-stop-B01BSvVd.js                              0.24 kB │ gzip:     0.20 kB │ map:      1.04 kB
out/renderer/assets/table-2-BFUSUB8c.js                                  0.24 kB │ gzip:     0.20 kB │ map:      0.88 kB
out/renderer/assets/album-CcsdnX8q.js                                    0.24 kB │ gzip:     0.21 kB │ map:      0.97 kB
out/renderer/assets/chart-no-axes-column-decreasing-CosEH4w4.js          0.24 kB │ gzip:     0.20 kB │ map:      1.08 kB
out/renderer/assets/chart-no-axes-column-increasing-_EdkuqBp.js          0.24 kB │ gzip:     0.21 kB │ map:      1.08 kB
out/renderer/assets/chart-spline-DNKISvgb.js                             0.24 kB │ gzip:     0.21 kB │ map:      0.93 kB
out/renderer/assets/disc-2-Wqr52_kc.js                                   0.24 kB │ gzip:     0.19 kB │ map:      1.02 kB
out/renderer/assets/download-MpBzpCFc.js                                 0.24 kB │ gzip:     0.20 kB │ map:      0.99 kB
out/renderer/assets/laptop-minimal-nNyVtxis.js                           0.24 kB │ gzip:     0.21 kB │ map:      1.05 kB
out/renderer/assets/square-square-D5-4jEUu.js                            0.24 kB │ gzip:     0.19 kB │ map:      1.05 kB
out/renderer/assets/turkish-lira-vG57nAF6.js                             0.24 kB │ gzip:     0.21 kB │ map:      1.00 kB
out/renderer/assets/arrow-up-from-dot-D4mXrt5a.js                        0.24 kB │ gzip:     0.21 kB │ map:      1.05 kB
out/renderer/assets/dock-BnG7UX3j.js                                     0.24 kB │ gzip:     0.21 kB │ map:      1.01 kB
out/renderer/assets/message-square-CvCUUIpu.js                           0.24 kB │ gzip:     0.21 kB │ map:      0.93 kB
out/renderer/assets/paperclip-Dlph5V0a.js                                0.24 kB │ gzip:     0.21 kB │ map:      0.90 kB
out/renderer/assets/activity-Db4dBnhS.js                                 0.25 kB │ gzip:     0.21 kB │ map:      0.90 kB
out/renderer/assets/arrow-down-to-dot-D-vqreHh.js                        0.25 kB │ gzip:     0.21 kB │ map:      1.05 kB
out/renderer/assets/circle-arrow-down-BuzQ9Dyg.js                        0.25 kB │ gzip:     0.20 kB │ map:      1.05 kB
out/renderer/assets/circle-arrow-up-BRd2AOFi.js                          0.25 kB │ gzip:     0.20 kB │ map:      1.04 kB
out/renderer/assets/dollar-sign-Cm7UrTPT.js                              0.25 kB │ gzip:     0.21 kB │ map:      0.97 kB
out/renderer/assets/music-BSrDySXU.js                                    0.25 kB │ gzip:     0.20 kB │ map:      1.02 kB
out/renderer/assets/panel-left-open-BToBoq18.js                          0.25 kB │ gzip:     0.21 kB │ map:      1.08 kB
out/renderer/assets/presentation-u_G8C60K.js                             0.25 kB │ gzip:     0.20 kB │ map:      1.02 kB
out/renderer/assets/audio-waveform-BrqmiA4b.js                           0.25 kB │ gzip:     0.19 kB │ map:      0.92 kB
out/renderer/assets/brackets-8noEpXDc.js                                 0.25 kB │ gzip:     0.20 kB │ map:      0.92 kB
out/renderer/assets/briefcase-0gB03uPa.js                                0.25 kB │ gzip:     0.22 kB │ map:      0.98 kB
out/renderer/assets/circle-arrow-left-lmmlvXEF.js                        0.25 kB │ gzip:     0.20 kB │ map:      1.05 kB
out/renderer/assets/cloud-lightning-BOP9wpmX.js                          0.25 kB │ gzip:     0.22 kB │ map:      0.95 kB
out/renderer/assets/rows-3-DC5fkEaT.js                                   0.25 kB │ gzip:     0.21 kB │ map:      1.02 kB
out/renderer/assets/search-check-4mTVqgw0.js                             0.25 kB │ gzip:     0.21 kB │ map:      1.03 kB
out/renderer/assets/search-slash-Cbb876u1.js                             0.25 kB │ gzip:     0.21 kB │ map:      1.03 kB
out/renderer/assets/type-D73pEoji.js                                     0.25 kB │ gzip:     0.20 kB │ map:      0.96 kB
out/renderer/assets/circle-arrow-right-B1ap6rrT.js                       0.25 kB │ gzip:     0.21 kB │ map:      1.06 kB
out/renderer/assets/copy-Icy4Yt41.js                                     0.25 kB │ gzip:     0.21 kB │ map:      0.98 kB
out/renderer/assets/highlighter-DFpjDJBJ.js                              0.25 kB │ gzip:     0.21 kB │ map:      0.93 kB
out/renderer/assets/panel-left-close-ByOVyV7S.js                         0.25 kB │ gzip:     0.21 kB │ map:      1.09 kB
out/renderer/assets/panel-right-close-CQnwL4HI.js                        0.25 kB │ gzip:     0.21 kB │ map:      1.09 kB
out/renderer/assets/square-code-D37a6Ios.js                              0.25 kB │ gzip:     0.21 kB │ map:      1.07 kB
out/renderer/assets/utils-CabGnTpZ.js                                    0.25 kB │ gzip:     0.18 kB │ map:      1.01 kB
out/renderer/assets/grid-2x2-ClSLxgwg.js                                 0.25 kB │ gzip:     0.21 kB │ map:      1.03 kB
out/renderer/assets/history-CdTSCdov.js                                  0.25 kB │ gzip:     0.20 kB │ map:      0.99 kB
out/renderer/assets/japanese-yen-C1VrKrWi.js                             0.25 kB │ gzip:     0.21 kB │ map:      1.00 kB
out/renderer/assets/panel-right-open-CWfJVelN.js                         0.25 kB │ gzip:     0.21 kB │ map:      1.09 kB
out/renderer/assets/smartphone-charging-SfPo00NA.js                      0.25 kB │ gzip:     0.22 kB │ map:      1.04 kB
out/renderer/assets/stretch-vertical-DwnqaC-f.js                         0.25 kB │ gzip:     0.19 kB │ map:      1.07 kB
out/renderer/assets/columns-3-DRfdZ4Mv.js                                0.25 kB │ gzip:     0.21 kB │ map:      1.04 kB
out/renderer/assets/maximize-2-CJNLyvGA.js                               0.25 kB │ gzip:     0.19 kB │ map:      1.06 kB
out/renderer/assets/reply-all-rznln4bo.js                                0.25 kB │ gzip:     0.20 kB │ map:      0.99 kB
out/renderer/assets/zodiac-ophiuchus-DOuyQOa4.js                         0.25 kB │ gzip:     0.21 kB │ map:      0.96 kB
out/renderer/assets/beaker-BqV2zvBq.js                                   0.25 kB │ gzip:     0.20 kB │ map:      0.97 kB
out/renderer/assets/cloud-check-Bj9K3QJq.js                              0.25 kB │ gzip:     0.22 kB │ map:      0.94 kB
out/renderer/assets/globe-check-Cfj08Rt0.js                              0.25 kB │ gzip:     0.21 kB │ map:      0.95 kB
out/renderer/assets/rss-Ae1jdjXr.js                                      0.25 kB │ gzip:     0.21 kB │ map:      0.99 kB
out/renderer/assets/square-plus-CJu-1LrI.js                              0.25 kB │ gzip:     0.21 kB │ map:      1.05 kB
out/renderer/assets/stretch-horizontal-DUNBWdzY.js                       0.25 kB │ gzip:     0.19 kB │ map:      1.08 kB
out/renderer/assets/touchpad-8uYC9sp-.js                                 0.25 kB │ gzip:     0.21 kB │ map:      1.04 kB
out/renderer/assets/minimize-2-CBcg3qYG.js                               0.25 kB │ gzip:     0.19 kB │ map:      1.07 kB
out/renderer/assets/undo-dot-fsHLDs6B.js                                 0.25 kB │ gzip:     0.22 kB │ map:      1.01 kB
out/renderer/assets/bluetooth-off-1yBooAXB.js                            0.25 kB │ gzip:     0.21 kB │ map:      1.01 kB
out/renderer/assets/circle-arrow-out-up-left-C4j7vMcy.js                 0.25 kB │ gzip:     0.21 kB │ map:      1.06 kB
out/renderer/assets/lens-concave-DvN4xWYb.js                             0.25 kB │ gzip:     0.20 kB │ map:      0.91 kB
out/renderer/assets/merge-_xcZTPtA.js                                    0.25 kB │ gzip:     0.21 kB │ map:      0.97 kB
out/renderer/assets/message-circle-BK8uH4SO.js                           0.25 kB │ gzip:     0.22 kB │ map:      0.94 kB
out/renderer/assets/spline-CoGtTqtv.js                                   0.25 kB │ gzip:     0.21 kB │ map:      1.03 kB
out/renderer/assets/airplay-BWxeuVDw.js                                  0.25 kB │ gzip:     0.21 kB │ map:      0.95 kB
out/renderer/assets/battery-low-DeYy361K.js                              0.25 kB │ gzip:     0.21 kB │ map:      1.05 kB
out/renderer/assets/globe-kekZ79VY.js                                    0.25 kB │ gzip:     0.20 kB │ map:      1.01 kB
out/renderer/assets/square-equal-NAY3g5hn.js                             0.25 kB │ gzip:     0.21 kB │ map:      1.06 kB
out/renderer/assets/square-terminal-Bq3n8VT-.js                          0.25 kB │ gzip:     0.21 kB │ map:      1.11 kB
out/renderer/assets/zodiac-pisces-DXCujL76.js                            0.25 kB │ gzip:     0.20 kB │ map:      1.01 kB
out/renderer/assets/database-JwnGwaq0.js                                 0.25 kB │ gzip:     0.21 kB │ map:      1.05 kB
out/renderer/assets/square-round-corner-Bc4IfM4y.js                      0.25 kB │ gzip:     0.21 kB │ map:      0.98 kB
out/renderer/assets/tally-4-CqVQkJ7q.js                                  0.25 kB │ gzip:     0.18 kB │ map:      1.04 kB
out/renderer/assets/square-check-big-DOD_wX9J.js                         0.26 kB │ gzip:     0.22 kB │ map:      0.98 kB
out/renderer/assets/user-round-minus-BeV0BBfN.js                         0.26 kB │ gzip:     0.22 kB │ map:      1.05 kB
out/renderer/assets/bookmark-Cl8IFmYm.js                                 0.26 kB │ gzip:     0.22 kB │ map:      0.90 kB
out/renderer/assets/circle-arrow-out-up-right-56ZRTHRY.js                0.26 kB │ gzip:     0.21 kB │ map:      1.07 kB
out/renderer/assets/circle-power-CF8dNtla.js                             0.26 kB │ gzip:     0.22 kB │ map:      1.04 kB
out/renderer/assets/clock-check-Bk_w2mS4.js                              0.26 kB │ gzip:     0.21 kB │ map:      1.00 kB
out/renderer/assets/dice-2-CVudBIv8.js                                   0.26 kB │ gzip:     0.21 kB │ map:      1.04 kB
out/renderer/assets/gallery-vertical-BC91B8P6.js                         0.26 kB │ gzip:     0.22 kB │ map:      1.08 kB
out/renderer/assets/omega-BXdM42tm.js                                    0.26 kB │ gzip:     0.22 kB │ map:      0.88 kB
out/renderer/assets/section-BCa4wzBO.js                                  0.26 kB │ gzip:     0.20 kB │ map:      0.92 kB
out/renderer/assets/vote-B7uoZ-EY.js                                     0.26 kB │ gzip:     0.22 kB │ map:      0.97 kB
out/renderer/assets/wallet-minimal-BXC1dG3y.js                           0.26 kB │ gzip:     0.21 kB │ map:      0.99 kB
out/renderer/assets/circle-pause-DnVEI18T.js                             0.26 kB │ gzip:     0.19 kB │ map:      1.13 kB
out/renderer/assets/divide-Bw5zoUXD.js                                   0.26 kB │ gzip:     0.21 kB │ map:      1.08 kB
out/renderer/assets/gallery-horizontal-CLLzY_R4.js                       0.26 kB │ gzip:     0.22 kB │ map:      1.09 kB
out/renderer/assets/rainbow-BymBn_fX.js                                  0.26 kB │ gzip:     0.20 kB │ map:      0.99 kB
out/renderer/assets/square-x-1q15BGCW.js                                 0.26 kB │ gzip:     0.22 kB │ map:      1.06 kB
out/renderer/assets/text-quote-CkSQqUan.js                               0.26 kB │ gzip:     0.20 kB │ map:      1.06 kB
out/renderer/assets/zodiac-leo-DzSkaAqh.js                               0.26 kB │ gzip:     0.23 kB │ map:      0.98 kB
out/renderer/assets/circle-arrow-out-down-left-B2h5Tq3a.js               0.26 kB │ gzip:     0.22 kB │ map:      1.08 kB
out/renderer/assets/club-BFU_vQQJ.js                                     0.26 kB │ gzip:     0.21 kB │ map:      0.94 kB
out/renderer/assets/door-closed-BXzZ3_fd.js                              0.26 kB │ gzip:     0.21 kB │ map:      1.00 kB
out/renderer/assets/hdmi-port-CMI4QFXX.js                                0.26 kB │ gzip:     0.21 kB │ map:      0.96 kB
out/renderer/assets/hexagon-voKNCapm.js                                  0.26 kB │ gzip:     0.20 kB │ map:      0.89 kB
out/renderer/assets/panels-left-bottom-n8EMQR2G.js                       0.26 kB │ gzip:     0.22 kB │ map:      1.09 kB
out/renderer/assets/philippine-peso-pfi5yxEj.js                          0.26 kB │ gzip:     0.21 kB │ map:      1.03 kB
out/renderer/assets/wifi-high-C17rozTZ.js                                0.26 kB │ gzip:     0.21 kB │ map:      1.00 kB
out/renderer/assets/arrow-right-left-DrJzBW2J.js                         0.26 kB │ gzip:     0.20 kB │ map:      1.11 kB
out/renderer/assets/circle-question-mark-Cr6fBxWE.js                     0.26 kB │ gzip:     0.22 kB │ map:      1.09 kB
out/renderer/assets/ear-CrBO3OQ0.js                                      0.26 kB │ gzip:     0.21 kB │ map:      0.91 kB
out/renderer/assets/equal-approximately-Bresr8NE.js                      0.26 kB │ gzip:     0.19 kB │ map:      0.99 kB
out/renderer/assets/gallery-vertical-end-CjCa5aMB.js                     0.26 kB │ gzip:     0.22 kB │ map:      1.10 kB
out/renderer/assets/goal-CCaVlxYe.js                                     0.26 kB │ gzip:     0.22 kB │ map:      0.99 kB
out/renderer/assets/list-minus-C-70EL23.js                               0.26 kB │ gzip:     0.20 kB │ map:      1.06 kB
out/renderer/assets/video-BsjgDz0s.js                                    0.26 kB │ gzip:     0.23 kB │ map:      1.02 kB
out/renderer/assets/zoom-out-n1LBBxz1.js                                 0.26 kB │ gzip:     0.20 kB │ map:      1.11 kB
out/renderer/assets/heading-1-DittsQwK.js                                0.26 kB │ gzip:     0.20 kB │ map:      1.06 kB
out/renderer/assets/mountain-snow-CXyF1vIw.js                            0.26 kB │ gzip:     0.23 kB │ map:      0.97 kB
out/renderer/assets/panel-top-close-DG8FMOBD.js                          0.26 kB │ gzip:     0.22 kB │ map:      1.08 kB
out/renderer/assets/panel-top-open-DnIohuUy.js                           0.26 kB │ gzip:     0.22 kB │ map:      1.08 kB
out/renderer/assets/panels-right-bottom-D3qTZmol.js                      0.26 kB │ gzip:     0.22 kB │ map:      1.10 kB
out/renderer/assets/user-round-check-DbkFHt2i.js                         0.26 kB │ gzip:     0.23 kB │ map:      1.06 kB
out/renderer/assets/voicemail-FhvZ9bzx.js                                0.26 kB │ gzip:     0.20 kB │ map:      1.09 kB
out/renderer/assets/circle-alert-BbS0aMIC.js                             0.26 kB │ gzip:     0.19 kB │ map:      1.14 kB
out/renderer/assets/ellipsis-vertical-ClYaJxPv.js                        0.26 kB │ gzip:     0.19 kB │ map:      1.12 kB
out/renderer/assets/mic-BjNBdJeH.js                                      0.26 kB │ gzip:     0.22 kB │ map:      1.02 kB
out/renderer/assets/mirror-rectangular-B-FrCCka.js                       0.26 kB │ gzip:     0.22 kB │ map:      1.10 kB
out/renderer/assets/pen-DpjgA0Lu.js                                      0.26 kB │ gzip:     0.22 kB │ map:      0.88 kB
out/renderer/assets/book-minus-C1pMCGan.js                               0.26 kB │ gzip:     0.22 kB │ map:      0.97 kB
out/renderer/assets/chart-column-D7Wy7kWg.js                             0.26 kB │ gzip:     0.20 kB │ map:      1.09 kB
out/renderer/assets/circle-arrow-out-down-right-C5_697-e.js              0.26 kB │ gzip:     0.21 kB │ map:      1.09 kB
out/renderer/assets/cloud-upload-DEsDO5RQ.js                             0.26 kB │ gzip:     0.22 kB │ map:      1.03 kB
out/renderer/assets/external-link-BBLuTIHj.js                            0.26 kB │ gzip:     0.21 kB │ map:      1.03 kB
out/renderer/assets/gallery-horizontal-end-0uXJQAMx.js                   0.26 kB │ gzip:     0.23 kB │ map:      1.12 kB
out/renderer/assets/mouse-pointer-2-C-iNdPLy.js                          0.26 kB │ gzip:     0.22 kB │ map:      0.95 kB
out/renderer/assets/pi-Ci0kq7K1.js                                       0.26 kB │ gzip:     0.22 kB │ map:      1.01 kB
out/renderer/assets/signal-high-Bcez3Nr0.js                              0.26 kB │ gzip:     0.20 kB │ map:      1.07 kB
out/renderer/assets/square-arrow-down-Zip8aFmz.js                        0.26 kB │ gzip:     0.22 kB │ map:      1.09 kB
out/renderer/assets/square-arrow-up-DqwN6YS8.js                          0.26 kB │ gzip:     0.22 kB │ map:      1.08 kB
out/renderer/assets/annoyed-BRYQKGeq.js                                  0.26 kB │ gzip:     0.20 kB │ map:      1.08 kB
out/renderer/assets/circle-gauge-C7qr4S_F.js                             0.26 kB │ gzip:     0.22 kB │ map:      1.04 kB
out/renderer/assets/headphones-EIULl5G7.js                               0.26 kB │ gzip:     0.20 kB │ map:      0.91 kB
out/renderer/assets/panel-bottom-open-CwrmRNbr.js                        0.26 kB │ gzip:     0.22 kB │ map:      1.10 kB
out/renderer/assets/settings-2-BSoUEsA1.js                               0.26 kB │ gzip:     0.20 kB │ map:      1.13 kB
out/renderer/assets/skip-back--DMpfizR.js                                0.26 kB │ gzip:     0.23 kB │ map:      0.97 kB
out/renderer/assets/skip-forward-BOusvoqV.js                             0.26 kB │ gzip:     0.22 kB │ map:      0.98 kB
out/renderer/assets/square-arrow-left-BvLOtST0.js                        0.26 kB │ gzip:     0.22 kB │ map:      1.10 kB
out/renderer/assets/square-arrow-up-right-DHWRDcoL.js                    0.26 kB │ gzip:     0.22 kB │ map:      1.11 kB
out/renderer/assets/zodiac-libra-BVvqj7YW.js                             0.26 kB │ gzip:     0.23 kB │ map:      0.98 kB
out/renderer/assets/archive-DY-d_XF2.js                                  0.26 kB │ gzip:     0.22 kB │ map:      1.06 kB
out/renderer/assets/disc-album-CWz8VMpM.js                               0.26 kB │ gzip:     0.22 kB │ map:      1.09 kB
out/renderer/assets/list-check-Bxsc4OKU.js                               0.26 kB │ gzip:     0.21 kB │ map:      1.07 kB
out/renderer/assets/panel-bottom-close-Cazxl4ei.js                       0.26 kB │ gzip:     0.22 kB │ map:      1.10 kB
out/renderer/assets/shell-sB1ArtS-.js                                    0.26 kB │ gzip:     0.21 kB │ map:      0.89 kB
out/renderer/assets/square-arrow-right-B3Fmifll.js                       0.26 kB │ gzip:     0.22 kB │ map:      1.10 kB
out/renderer/assets/square-arrow-up-left-DyJnwB6C.js                     0.26 kB │ gzip:     0.22 kB │ map:      1.11 kB
out/renderer/assets/step-back-w8ZfZmqH.js                                0.26 kB │ gzip:     0.23 kB │ map:      0.97 kB
out/renderer/assets/step-forward-DZb5Pgi7.js                             0.26 kB │ gzip:     0.22 kB │ map:      0.99 kB
out/renderer/assets/timer-CVMAO71K.js                                    0.26 kB │ gzip:     0.20 kB │ map:      1.09 kB
out/renderer/assets/ampersand-Cgy_rOVn.js                                0.27 kB │ gzip:     0.22 kB │ map:      0.97 kB
out/renderer/assets/bed-_6Qzia9U.js                                      0.27 kB │ gzip:     0.21 kB │ map:      1.03 kB
out/renderer/assets/git-commit-horizontal-BQdpZGQk.js                    0.27 kB │ gzip:     0.20 kB │ map:      1.19 kB
out/renderer/assets/route-BXRjv6Yb.js                                    0.27 kB │ gzip:     0.21 kB │ map:      1.05 kB
out/renderer/assets/square-arrow-down-right-5iHSgqrj.js                  0.27 kB │ gzip:     0.22 kB │ map:      1.12 kB
out/renderer/assets/align-vertical-space-around-Cqrc_Dqi.js              0.27 kB │ gzip:     0.22 kB │ map:      1.14 kB
out/renderer/assets/cloudy-CZug-YVJ.js                                   0.27 kB │ gzip:     0.23 kB │ map:      0.93 kB
out/renderer/assets/laptop-minimal-check-BIVCgVRC.js                     0.27 kB │ gzip:     0.23 kB │ map:      1.11 kB
out/renderer/assets/lock-keyhole-JOU2B7Iq.js                             0.27 kB │ gzip:     0.23 kB │ map:      1.12 kB
out/renderer/assets/redo-dot-1AoJpyI_.js                                 0.27 kB │ gzip:     0.22 kB │ map:      1.02 kB
out/renderer/assets/square-arrow-down-left-B0LJur9B.js                   0.27 kB │ gzip:     0.23 kB │ map:      1.12 kB
out/renderer/assets/text-wrap-CZZkYbLa.js                                0.27 kB │ gzip:     0.20 kB │ map:      1.08 kB
out/renderer/assets/circle-play-D-2ZpDa8.js                              0.27 kB │ gzip:     0.22 kB │ map:      1.03 kB
out/renderer/assets/eye-BkCGSRrz.js                                      0.27 kB │ gzip:     0.21 kB │ map:      0.99 kB
out/renderer/assets/popsicle-DDDp8ypM.js                                 0.27 kB │ gzip:     0.23 kB │ map:      0.97 kB
out/renderer/assets/proportions-DbsX-Vb4.js                              0.27 kB │ gzip:     0.22 kB │ map:      1.07 kB
out/renderer/assets/table-CdbcIED8.js                                    0.27 kB │ gzip:     0.21 kB │ map:      1.12 kB
out/renderer/assets/align-horizontal-space-around-BfFudDZU.js            0.27 kB │ gzip:     0.23 kB │ map:      1.16 kB
out/renderer/assets/link-2-C2QDYbTW.js                                   0.27 kB │ gzip:     0.22 kB │ map:      1.03 kB
out/renderer/assets/percent-CbvB3a6J.js                                  0.27 kB │ gzip:     0.21 kB │ map:      1.09 kB
out/renderer/assets/app-window-6vB5Sit-.js                               0.27 kB │ gzip:     0.21 kB │ map:      1.14 kB
out/renderer/assets/book-check-BGfwNTnP.js                               0.27 kB │ gzip:     0.22 kB │ map:      0.98 kB
out/renderer/assets/chunk-426QAEUC-bxusCAZq.js                           0.27 kB │ gzip:     0.22 kB │ map:      1.07 kB
out/renderer/assets/cloud-fog-C2n70Qcm.js                                0.27 kB │ gzip:     0.22 kB │ map:      1.00 kB
out/renderer/assets/move-3d-D7fss3vV.js                                  0.27 kB │ gzip:     0.21 kB │ map:      1.06 kB
out/renderer/assets/user-check-DyF1MiK3.js                               0.27 kB │ gzip:     0.22 kB │ map:      1.04 kB
out/renderer/assets/anchor-BLsX0K8_.js                                   0.27 kB │ gzip:     0.22 kB │ map:      1.10 kB
out/renderer/assets/diamond-DyVw-QSz.js                                  0.27 kB │ gzip:     0.20 kB │ map:      0.91 kB
out/renderer/assets/italic-BZ5U8hlS.js                                   0.27 kB │ gzip:     0.20 kB │ map:      1.12 kB
out/renderer/assets/lasso-BOxxAas_.js                                    0.27 kB │ gzip:     0.23 kB │ map:      1.02 kB
out/renderer/assets/monitor-DFlbVGQ8.js                                  0.27 kB │ gzip:     0.21 kB │ map:      1.15 kB
out/renderer/assets/arrow-down-up-B-eOFa1n.js                            0.27 kB │ gzip:     0.21 kB │ map:      1.09 kB
out/renderer/assets/arrow-up-down-C2q5g163.js                            0.27 kB │ gzip:     0.21 kB │ map:      1.09 kB
out/renderer/assets/banknote-D1oO4fAQ.js                                 0.27 kB │ gzip:     0.23 kB │ map:      1.09 kB
out/renderer/assets/bluetooth-searching-BnDFBVxo.js                      0.27 kB │ gzip:     0.23 kB │ map:      1.06 kB
out/renderer/assets/chart-bar-DIyNH4kA.js                                0.27 kB │ gzip:     0.21 kB │ map:      1.07 kB
out/renderer/assets/vibrate-CRU-B2BQ.js                                  0.27 kB │ gzip:     0.22 kB │ map:      1.06 kB
out/renderer/assets/cloud-download-ej_nYd1q.js                           0.27 kB │ gzip:     0.22 kB │ map:      1.05 kB
out/renderer/assets/equal-not-BrPklEuZ.js                                0.27 kB │ gzip:     0.20 kB │ map:      1.13 kB
out/renderer/assets/square-kanban-BrY4_e4j.js                            0.27 kB │ gzip:     0.22 kB │ map:      1.16 kB
out/renderer/assets/square-power-B0htQj-T.js                             0.27 kB │ gzip:     0.23 kB │ map:      1.08 kB
out/renderer/assets/wind-CwjDN77k.js                                     0.27 kB │ gzip:     0.21 kB │ map:      0.99 kB
out/renderer/assets/book-marked-1nZAJJM5.js                              0.27 kB │ gzip:     0.23 kB │ map:      0.99 kB
out/renderer/assets/clock-alert-BB3AXvob.js                              0.27 kB │ gzip:     0.21 kB │ map:      1.10 kB
out/renderer/assets/import-B0HG2S6K.js                                   0.27 kB │ gzip:     0.20 kB │ map:      1.04 kB
out/renderer/assets/non-binary-CX1kgARk.js                               0.27 kB │ gzip:     0.22 kB │ map:      1.10 kB
out/renderer/assets/picture-in-picture-2-CDiH_Urk.js                     0.27 kB │ gzip:     0.23 kB │ map:      1.06 kB
out/renderer/assets/strikethrough-CmbBWmKP.js                            0.27 kB │ gzip:     0.23 kB │ map:      1.08 kB
out/renderer/assets/arrow-left-right-DNfHXHFL.js                         0.27 kB │ gzip:     0.22 kB │ map:      1.11 kB
out/renderer/assets/chart-gantt-J_wuflcG.js                              0.27 kB │ gzip:     0.21 kB │ map:      1.08 kB
out/renderer/assets/circle-dollar-sign-B0fHGkfa.js                       0.27 kB │ gzip:     0.22 kB │ map:      1.08 kB
out/renderer/assets/cloud-alert-NsG50_RA.js                              0.27 kB │ gzip:     0.23 kB │ map:      1.02 kB
out/renderer/assets/mouse-left-sHuUR895.js                               0.27 kB │ gzip:     0.23 kB │ map:      1.04 kB
out/renderer/assets/circle-off-CNkXCekb.js                               0.28 kB │ gzip:     0.22 kB │ map:      1.02 kB
out/renderer/assets/donut-DqmJOvKH.js                                    0.28 kB │ gzip:     0.23 kB │ map:      0.99 kB
out/renderer/assets/list-indent-decrease-DF-sW6NB.js                     0.28 kB │ gzip:     0.20 kB │ map:      1.13 kB
out/renderer/assets/list-indent-increase-dnniQa_d.js                     0.28 kB │ gzip:     0.20 kB │ map:      1.13 kB
out/renderer/assets/tent-CISe_7Sw.js                                     0.28 kB │ gzip:     0.20 kB │ map:      1.05 kB
out/renderer/assets/test-tube-DFkyk-rO.js                                0.28 kB │ gzip:     0.22 kB │ map:      1.01 kB
out/renderer/assets/grid-2x2-check-BnvFCT8T.js                           0.28 kB │ gzip:     0.22 kB │ map:      1.01 kB
out/renderer/assets/pentagon-BWSqV5iT.js                                 0.28 kB │ gzip:     0.22 kB │ map:      0.92 kB
out/renderer/assets/trending-up-down-BrV67zu4.js                         0.28 kB │ gzip:     0.21 kB │ map:      1.13 kB
out/renderer/assets/triangle-alert-COAMzYYY.js                           0.28 kB │ gzip:     0.22 kB │ map:      1.09 kB
out/renderer/assets/workflow-DothxLhf.js                                 0.28 kB │ gzip:     0.21 kB │ map:      1.14 kB
out/renderer/assets/blocks-DpFYFHY4.js                                   0.28 kB │ gzip:     0.22 kB │ map:      1.04 kB
out/renderer/assets/compass-6dI-8VhN.js                                  0.28 kB │ gzip:     0.23 kB │ map:      1.00 kB
out/renderer/assets/lens-convex-ClzUdgnO.js                              0.28 kB │ gzip:     0.22 kB │ map:      0.93 kB
out/renderer/assets/sword-BaNyprKf.js                                    0.28 kB │ gzip:     0.22 kB │ map:      1.06 kB
out/renderer/assets/circle-percent-BsvUqjHs.js                           0.28 kB │ gzip:     0.22 kB │ map:      1.13 kB
out/renderer/assets/lollipop-C9T2BRHN.js                                 0.28 kB │ gzip:     0.23 kB │ map:      1.04 kB
out/renderer/assets/mouse-right-CWlvfF8Z.js                              0.28 kB │ gzip:     0.24 kB │ map:      1.05 kB
out/renderer/assets/trash-DKHxFLar.js                                    0.28 kB │ gzip:     0.21 kB │ map:      1.00 kB
out/renderer/assets/webcam-C24daZQT.js                                   0.28 kB │ gzip:     0.21 kB │ map:      1.12 kB
out/renderer/assets/circle-user-round-BuLclsRI.js                        0.28 kB │ gzip:     0.23 kB │ map:      1.11 kB
out/renderer/assets/mars-stroke-CUTVWE6q.js                              0.28 kB │ gzip:     0.23 kB │ map:      1.11 kB
out/renderer/assets/search-alert-DrIZg4Ra.js                             0.28 kB │ gzip:     0.22 kB │ map:      1.12 kB
out/renderer/assets/squares-unite-MYyKkaak.js                            0.28 kB │ gzip:     0.21 kB │ map:      0.94 kB
out/renderer/assets/ticket-minus-Cs-tXJ5I.js                             0.28 kB │ gzip:     0.22 kB │ map:      1.00 kB
out/renderer/assets/users-round-_rE1SSsG.js                              0.28 kB │ gzip:     0.24 kB │ map:      1.05 kB
out/renderer/assets/flag-CoZ_7cw2.js                                     0.28 kB │ gzip:     0.23 kB │ map:      0.90 kB
out/renderer/assets/globe-x-Dk6siBL5.js                                  0.28 kB │ gzip:     0.22 kB │ map:      1.02 kB
out/renderer/assets/image-BOBvdpn1.js                                    0.28 kB │ gzip:     0.23 kB │ map:      1.11 kB
out/renderer/assets/pound-sterling-BdxenBPa.js                           0.28 kB │ gzip:     0.22 kB │ map:      1.11 kB
out/renderer/assets/circle-ellipsis-CEPiL8GT.js                          0.28 kB │ gzip:     0.21 kB │ map:      1.14 kB
out/renderer/assets/file-BcTZY7ux.js                                     0.28 kB │ gzip:     0.22 kB │ map:      0.98 kB
out/renderer/assets/fishing-rod-Cg-zAzGp.js                              0.28 kB │ gzip:     0.23 kB │ map:      1.05 kB
out/renderer/assets/text-cursor-DTjRPthx.js                              0.28 kB │ gzip:     0.21 kB │ map:      1.03 kB
out/renderer/assets/chart-bar-decreasing-BUF8Q_QW.js                     0.28 kB │ gzip:     0.22 kB │ map:      1.14 kB
out/renderer/assets/chart-bar-increasing-DzRntQG2.js                     0.28 kB │ gzip:     0.22 kB │ map:      1.14 kB
out/renderer/assets/clipboard-p1ktcvsB.js                                0.28 kB │ gzip:     0.23 kB │ map:      1.06 kB
out/renderer/assets/funnel-BsaWXI_m.js                                   0.28 kB │ gzip:     0.23 kB │ map:      0.91 kB
out/renderer/assets/georgian-lari-D0TEwZb1.js                            0.28 kB │ gzip:     0.22 kB │ map:      1.10 kB
out/renderer/assets/link-CCyMY1a6.js                                     0.28 kB │ gzip:     0.22 kB │ map:      0.93 kB
out/renderer/assets/square-m-tZWVuCIm.js                                 0.28 kB │ gzip:     0.24 kB │ map:      1.04 kB
out/renderer/assets/square-user-round--1MU9ofs.js                        0.28 kB │ gzip:     0.24 kB │ map:      1.14 kB
out/renderer/assets/user-minus-0SW-i7Gl.js                               0.28 kB │ gzip:     0.23 kB │ map:      1.09 kB
out/renderer/assets/waves-vertical-OPMgkNI3.js                           0.28 kB │ gzip:     0.19 kB │ map:      1.05 kB
out/renderer/assets/calendar-BYdU3eNP.js                                 0.28 kB │ gzip:     0.22 kB │ map:      1.13 kB
out/renderer/assets/person-standing-DUxZap8-.js                          0.28 kB │ gzip:     0.23 kB │ map:      1.14 kB
out/renderer/assets/search-x-CSv0NHa6.js                                 0.28 kB │ gzip:     0.22 kB │ map:      1.11 kB
out/renderer/assets/bluetooth-connected-C1xrAL4v.js                      0.28 kB │ gzip:     0.23 kB │ map:      1.16 kB
out/renderer/assets/grid-3x2-C3nNG65C.js                                 0.28 kB │ gzip:     0.22 kB │ map:      1.13 kB
out/renderer/assets/heart-CXZxx2DU.js                                    0.28 kB │ gzip:     0.24 kB │ map:      0.91 kB
out/renderer/assets/pc-case-LLpkAQy6.js                                  0.28 kB │ gzip:     0.22 kB │ map:      1.13 kB
out/renderer/assets/pyramid-DEvgE-4q.js                                  0.28 kB │ gzip:     0.23 kB │ map:      0.98 kB
out/renderer/assets/rectangle-goggles-CHXigocD.js                        0.28 kB │ gzip:     0.23 kB │ map:      0.97 kB
out/renderer/assets/repeat-2-BYG35k_b.js                                 0.28 kB │ gzip:     0.21 kB │ map:      1.10 kB
out/renderer/assets/waves-horizontal-CbOL-t8a.js                         0.28 kB │ gzip:     0.20 kB │ map:      1.06 kB
out/renderer/assets/zodiac-capricorn-ChYRu5KJ.js                         0.28 kB │ gzip:     0.23 kB │ map:      1.09 kB
out/renderer/assets/heading-2-fxeH7dti.js                                0.29 kB │ gzip:     0.22 kB │ map:      1.08 kB
out/renderer/assets/map-pin-BA0WhaAU.js                                  0.29 kB │ gzip:     0.24 kB │ map:      1.01 kB
out/renderer/assets/martini-C7lZRBZE.js                                  0.29 kB │ gzip:     0.22 kB │ map:      1.04 kB
out/renderer/assets/music-4-C7d79bXb.js                                  0.29 kB │ gzip:     0.22 kB │ map:      1.13 kB
out/renderer/assets/refrigerator-BToru457.js                             0.29 kB │ gzip:     0.22 kB │ map:      1.05 kB
out/renderer/assets/split-DpqsNcWG.js                                    0.29 kB │ gzip:     0.22 kB │ map:      1.06 kB
out/renderer/assets/square-arrow-out-up-left-D9vl7PdT.js                 0.29 kB │ gzip:     0.22 kB │ map:      1.09 kB
out/renderer/assets/ticket-check-sHklAsB9.js                             0.29 kB │ gzip:     0.22 kB │ map:      1.01 kB
out/renderer/assets/ticket-slash-CCXtAiDS.js                             0.29 kB │ gzip:     0.22 kB │ map:      1.01 kB
out/renderer/assets/align-end-vertical-B7reEJWo.js                       0.29 kB │ gzip:     0.22 kB │ map:      1.18 kB
out/renderer/assets/circle-user-BnJNEjw4.js                              0.29 kB │ gzip:     0.22 kB │ map:      1.09 kB
out/renderer/assets/euro-DoTbegPG.js                                     0.29 kB │ gzip:     0.23 kB │ map:      1.03 kB
out/renderer/assets/map-pin-minus-inside-BPfINbmX.js                     0.29 kB │ gzip:     0.24 kB │ map:      1.05 kB
out/renderer/assets/weight-CmlQp_xk.js                                   0.29 kB │ gzip:     0.24 kB │ map:      1.01 kB
out/renderer/assets/align-start-vertical-C478M55y.js                     0.29 kB │ gzip:     0.22 kB │ map:      1.19 kB
out/renderer/assets/bed-single-CVJcVYpw.js                               0.29 kB │ gzip:     0.22 kB │ map:      1.03 kB
out/renderer/assets/handbag-DJ8zNG4S.js                                  0.29 kB │ gzip:     0.23 kB │ map:      0.99 kB
out/renderer/assets/pencil-DOdmTde2.js                                   0.29 kB │ gzip:     0.23 kB │ map:      0.99 kB
out/renderer/assets/rows-4-CWoscjVr.js                                   0.29 kB │ gzip:     0.22 kB │ map:      1.12 kB
out/renderer/assets/square-arrow-out-up-right-BDe-b1Sl.js                0.29 kB │ gzip:     0.23 kB │ map:      1.10 kB
out/renderer/assets/utensils-C5yFDpwt.js                                 0.29 kB │ gzip:     0.23 kB │ map:      1.02 kB
out/renderer/assets/align-end-horizontal-BhOts6vN.js                     0.29 kB │ gzip:     0.23 kB │ map:      1.19 kB
out/renderer/assets/chart-column-decreasing-CGO3oAMQ.js                  0.29 kB │ gzip:     0.22 kB │ map:      1.16 kB
out/renderer/assets/chart-column-increasing-DzD9uqON.js                  0.29 kB │ gzip:     0.22 kB │ map:      1.16 kB
out/renderer/assets/ghost-CrDw3wCD.js                                    0.29 kB │ gzip:     0.22 kB │ map:      1.04 kB
out/renderer/assets/lock-keyhole-open-B4StTZXO.js                        0.29 kB │ gzip:     0.24 kB │ map:      1.15 kB
out/renderer/assets/navigation-off-CmVdpSko.js                           0.29 kB │ gzip:     0.24 kB │ map:      1.10 kB
out/renderer/assets/square-menu-B9Q7TUuF.js                              0.29 kB │ gzip:     0.22 kB │ map:      1.15 kB
out/renderer/assets/tree-deciduous-D2Buv1d3.js                           0.29 kB │ gzip:     0.24 kB │ map:      1.02 kB
out/renderer/assets/vegan-DIc6hHdL.js                                    0.29 kB │ gzip:     0.23 kB │ map:      1.01 kB
out/renderer/assets/zap-CZWWnpvK.js                                      0.29 kB │ gzip:     0.23 kB │ map:      0.90 kB
out/renderer/assets/align-start-horizontal-DeCzCnL1.js                   0.29 kB │ gzip:     0.22 kB │ map:      1.20 kB
out/renderer/assets/closed-caption-DNIWEz8b.js                           0.29 kB │ gzip:     0.23 kB │ map:      1.11 kB
out/renderer/assets/navigation-2-off-CQdZjwa_.js                         0.29 kB │ gzip:     0.24 kB │ map:      1.10 kB
out/renderer/assets/square-arrow-out-down-left-CZxZjOAw.js               0.29 kB │ gzip:     0.23 kB │ map:      1.11 kB
out/renderer/assets/square-pause-5uYvRnoP.js                             0.29 kB │ gzip:     0.22 kB │ map:      1.18 kB
out/renderer/assets/test-tube-diagonal-80T0KcY8.js                       0.29 kB │ gzip:     0.23 kB │ map:      1.09 kB
out/renderer/assets/book-open-TrUr8jxQ.js                                0.29 kB │ gzip:     0.21 kB │ map:      1.01 kB
out/renderer/assets/columns-4-UUgjR4AV.js                                0.29 kB │ gzip:     0.22 kB │ map:      1.14 kB
out/renderer/assets/key-C13Xn6Kq.js                                      0.29 kB │ gzip:     0.24 kB │ map:      1.03 kB
out/renderer/assets/list-checks-CKUgOySy.js                              0.29 kB │ gzip:     0.19 kB │ map:      1.18 kB
out/renderer/assets/tablets-aiKsU9eL.js                                  0.29 kB │ gzip:     0.22 kB │ map:      1.14 kB
out/renderer/assets/barcode-Ct4fwbww.js                                  0.29 kB │ gzip:     0.19 kB │ map:      1.14 kB
out/renderer/assets/case-lower-DH_k46aJ.js                               0.29 kB │ gzip:     0.22 kB │ map:      1.15 kB
out/renderer/assets/leaf-C6A8xOut.js                                     0.29 kB │ gzip:     0.25 kB │ map:      0.98 kB
out/renderer/assets/user-round-plus-CBNKdIfY.js                          0.29 kB │ gzip:     0.23 kB │ map:      1.15 kB
out/renderer/assets/user-round-x-DL0ls5O8.js                             0.29 kB │ gzip:     0.23 kB │ map:      1.13 kB
out/renderer/assets/house-DUG593fe.js                                    0.29 kB │ gzip:     0.22 kB │ map:      1.00 kB
out/renderer/assets/map-pin-check-inside-BmdCIpP-.js                     0.29 kB │ gzip:     0.24 kB │ map:      1.05 kB
out/renderer/assets/radio-receiver-eNQ_oisA.js                           0.29 kB │ gzip:     0.23 kB │ map:      1.17 kB
out/renderer/assets/square-arrow-right-enter-DXX6YGDO.js                 0.29 kB │ gzip:     0.22 kB │ map:      1.15 kB
out/renderer/assets/square-dashed-bottom-chUbpIuR.js                     0.29 kB │ gzip:     0.22 kB │ map:      1.10 kB
out/renderer/assets/tornado-Dr6S9vN7.js                                  0.29 kB │ gzip:     0.21 kB │ map:      1.14 kB
out/renderer/assets/eraser-C-UEiLl9.js                                   0.29 kB │ gzip:     0.23 kB │ map:      1.00 kB
out/renderer/assets/square-arrow-out-down-right-zngLHPKa.js              0.29 kB │ gzip:     0.23 kB │ map:      1.12 kB
out/renderer/assets/square-chart-gantt-BOg9EXc4.js                       0.29 kB │ gzip:     0.23 kB │ map:      1.19 kB
out/renderer/assets/square-library-rKuXCTrA.js                           0.29 kB │ gzip:     0.23 kB │ map:      1.17 kB
out/renderer/assets/table-properties-C5WHzoIg.js                         0.29 kB │ gzip:     0.23 kB │ map:      1.18 kB
out/renderer/assets/tally-5-CRzKRp_3.js                                  0.29 kB │ gzip:     0.20 kB │ map:      1.14 kB
out/renderer/assets/app-window-mac-bSED1ksz.js                           0.29 kB │ gzip:     0.22 kB │ map:      1.17 kB
out/renderer/assets/axis-3d-Db-hBvwn.js                                  0.29 kB │ gzip:     0.23 kB │ map:      1.09 kB
out/renderer/assets/badge-DiI5LQD6.js                                    0.29 kB │ gzip:     0.21 kB │ map:      0.92 kB
out/renderer/assets/battery-medium-C2g7YPjn.js                           0.29 kB │ gzip:     0.22 kB │ map:      1.17 kB
out/renderer/assets/between-vertical-end-CNztEORl.js                     0.29 kB │ gzip:     0.22 kB │ map:      1.20 kB
out/renderer/assets/list-plus-CgkMD6Sd.js                                0.29 kB │ gzip:     0.21 kB │ map:      1.15 kB
out/renderer/assets/signal-DJbA2kcn.js                                   0.29 kB │ gzip:     0.21 kB │ map:      1.14 kB
out/renderer/assets/table-cells-split-8Oo-IhJ0.js                        0.29 kB │ gzip:     0.23 kB │ map:      1.19 kB
out/renderer/assets/align-vertical-justify-end-Bg8Bvosi.js               0.30 kB │ gzip:     0.23 kB │ map:      1.22 kB
out/renderer/assets/dice-3-s9FFONy_.js                                   0.30 kB │ gzip:     0.23 kB │ map:      1.15 kB
out/renderer/assets/ice-cream-cone-BgP3w3Sz.js                           0.30 kB │ gzip:     0.23 kB │ map:      1.06 kB
out/renderer/assets/monitor-check-C3UqZck3.js                            0.30 kB │ gzip:     0.24 kB │ map:      1.17 kB
out/renderer/assets/scroll-ClPgHLsz.js                                   0.30 kB │ gzip:     0.23 kB │ map:      0.99 kB
out/renderer/assets/square-percent-CcvmTX44.js                           0.30 kB │ gzip:     0.23 kB │ map:      1.17 kB
out/renderer/assets/square-user-BHtoqxHD.js                              0.30 kB │ gzip:     0.24 kB │ map:      1.12 kB
out/renderer/assets/timer-reset-CD1AcGQ9.js                              0.30 kB │ gzip:     0.23 kB │ map:      1.10 kB
out/renderer/assets/align-vertical-justify-start-CL_86tQl.js             0.30 kB │ gzip:     0.23 kB │ map:      1.24 kB
out/renderer/assets/balloon-DQyOPsal.js                                  0.30 kB │ gzip:     0.22 kB │ map:      1.03 kB
out/renderer/assets/between-vertical-start-4ymYYNwy.js                   0.30 kB │ gzip:     0.23 kB │ map:      1.21 kB
out/renderer/assets/book-text-DotgRDTS.js                                0.30 kB │ gzip:     0.23 kB │ map:      1.06 kB
out/renderer/assets/circle-pound-sterling-zZMhc9yZ.js                    0.30 kB │ gzip:     0.23 kB │ map:      1.18 kB
out/renderer/assets/folder-minus-fpCXsYG2.js                             0.30 kB │ gzip:     0.23 kB │ map:      1.02 kB
out/renderer/assets/git-compare-CVcKl-Bf.js                              0.30 kB │ gzip:     0.22 kB │ map:      1.18 kB
out/renderer/assets/rotate-cw-square-DmWUakkb.js                         0.30 kB │ gzip:     0.23 kB │ map:      1.07 kB
out/renderer/assets/signpost-big-CJSY62_l.js                             0.30 kB │ gzip:     0.23 kB │ map:      1.11 kB
out/renderer/assets/align-horizontal-justify-end-BYeNAxhj.js             0.30 kB │ gzip:     0.23 kB │ map:      1.24 kB
out/renderer/assets/between-horizontal-end-B_eYZfhY.js                   0.30 kB │ gzip:     0.23 kB │ map:      1.21 kB
out/renderer/assets/between-horizontal-start-i5gIvxXM.js                 0.30 kB │ gzip:     0.23 kB │ map:      1.22 kB
out/renderer/assets/book-plus-C9b0PL4E.js                                0.30 kB │ gzip:     0.23 kB │ map:      1.06 kB
out/renderer/assets/chart-bar-big-BvEhM04E.js                            0.30 kB │ gzip:     0.23 kB │ map:      1.16 kB
out/renderer/assets/inbox-DbsorBnl.js                                    0.30 kB │ gzip:     0.23 kB │ map:      1.00 kB
out/renderer/assets/lightbulb-BNNKABga.js                                0.30 kB │ gzip:     0.23 kB │ map:      1.08 kB
out/renderer/assets/plug-Ccif64k2.js                                     0.30 kB │ gzip:     0.21 kB │ map:      1.10 kB
out/renderer/assets/align-horizontal-justify-start-1AWK-Uhl.js           0.30 kB │ gzip:     0.23 kB │ map:      1.25 kB
out/renderer/assets/align-vertical-justify-center-CA2F_QPK.js            0.30 kB │ gzip:     0.23 kB │ map:      1.24 kB
out/renderer/assets/folder-closed-CGPgzOqk.js                            0.30 kB │ gzip:     0.23 kB │ map:      1.03 kB
out/renderer/assets/list-filter-plus-Cn9Dt6Ru.js                         0.30 kB │ gzip:     0.22 kB │ map:      1.19 kB
out/renderer/assets/repeat-CEfhU6t_.js                                   0.30 kB │ gzip:     0.22 kB │ map:      1.09 kB
out/renderer/assets/rotate-ccw-square-DJo42mfL.js                        0.30 kB │ gzip:     0.23 kB │ map:      1.08 kB
out/renderer/assets/search-code-DQGH6_m-.js                              0.30 kB │ gzip:     0.24 kB │ map:      1.14 kB
out/renderer/assets/shield-BjFQNUU1.js                                   0.30 kB │ gzip:     0.24 kB │ map:      0.93 kB
out/renderer/assets/square-asterisk-dkPmzaom.js                          0.30 kB │ gzip:     0.23 kB │ map:      1.18 kB
out/renderer/assets/square-play-Du88YHnU.js                              0.30 kB │ gzip:     0.24 kB │ map:      1.07 kB
out/renderer/assets/bookmark-minus-NUngK_3Q.js                           0.30 kB │ gzip:     0.24 kB │ map:      1.03 kB
out/renderer/assets/chart-column-big-CGhMCryK.js                         0.30 kB │ gzip:     0.23 kB │ map:      1.18 kB
out/renderer/assets/chart-pie-Bwsrce_O.js                                0.30 kB │ gzip:     0.24 kB │ map:      1.01 kB
out/renderer/assets/clock-plus-DCKSQdJG.js                               0.30 kB │ gzip:     0.23 kB │ map:      1.10 kB
out/renderer/assets/git-branch-minus-Dl4mcAqM.js                         0.30 kB │ gzip:     0.23 kB │ map:      1.19 kB
out/renderer/assets/speaker-BNHFc31w.js                                  0.30 kB │ gzip:     0.23 kB │ map:      1.17 kB
out/renderer/assets/align-horizontal-justify-center-DZOZZtz_.js          0.30 kB │ gzip:     0.23 kB │ map:      1.26 kB
out/renderer/assets/award-dMbuAn8d.js                                    0.30 kB │ gzip:     0.24 kB │ map:      1.02 kB
out/renderer/assets/message-circle-check-Dw-q-d-s.js                     0.30 kB │ gzip:     0.24 kB │ map:      1.08 kB
out/renderer/assets/path-njSA4jsC.js                                     0.30 kB │ gzip:     0.22 kB │ map:      1.03 kB
out/renderer/assets/square-function-AN8kp7uQ.js                          0.30 kB │ gzip:     0.24 kB │ map:      1.14 kB
out/renderer/assets/square-pi-cCsUFGGZ.js                                0.30 kB │ gzip:     0.23 kB │ map:      1.15 kB
out/renderer/assets/umbrella-DTTitOrY.js                                 0.30 kB │ gzip:     0.23 kB │ map:      1.07 kB
out/renderer/assets/book-alert-DHHBC-Ig.js                               0.30 kB │ gzip:     0.23 kB │ map:      1.07 kB
out/renderer/assets/book-x-BhKNM_h9.js                                   0.30 kB │ gzip:     0.23 kB │ map:      1.05 kB
out/renderer/assets/list-x-B6hEqMJ8.js                                   0.30 kB │ gzip:     0.21 kB │ map:      1.15 kB
out/renderer/assets/message-square-dot-CPh_uP8B.js                       0.30 kB │ gzip:     0.25 kB │ map:      1.08 kB
out/renderer/assets/rectangle-ellipsis-DL_tHUNb.js                       0.30 kB │ gzip:     0.22 kB │ map:      1.20 kB
out/renderer/assets/send-DZHSO9PD.js                                     0.30 kB │ gzip:     0.24 kB │ map:      1.00 kB
out/renderer/assets/book-up-D16Y_i5H.js                                  0.30 kB │ gzip:     0.24 kB │ map:      1.06 kB
out/renderer/assets/folder-check-Cb3-gKbc.js                             0.30 kB │ gzip:     0.23 kB │ map:      1.03 kB
out/renderer/assets/bolt-CfrhveQ9.js                                     0.30 kB │ gzip:     0.23 kB │ map:      1.01 kB
out/renderer/assets/clock-arrow-down-CnO2m_K5.js                         0.30 kB │ gzip:     0.23 kB │ map:      1.14 kB
out/renderer/assets/folder-open-lF8zB78D.js                              0.30 kB │ gzip:     0.23 kB │ map:      0.97 kB
out/renderer/assets/pen-line-UsgcJvpv.js                                 0.30 kB │ gzip:     0.24 kB │ map:      1.00 kB
out/renderer/assets/a-arrow-up-ChQa_kwH.js                               0.30 kB │ gzip:     0.24 kB │ map:      1.11 kB
out/renderer/assets/astroid-BjCDcwKI.js                                  0.30 kB │ gzip:     0.20 kB │ map:      0.95 kB
out/renderer/assets/bomb-n75oaMho.js                                     0.30 kB │ gzip:     0.24 kB │ map:      1.08 kB
out/renderer/assets/book-a-Bw047PMP.js                                   0.30 kB │ gzip:     0.24 kB │ map:      1.06 kB
out/renderer/assets/book-down-BOhSaVOl.js                                0.30 kB │ gzip:     0.24 kB │ map:      1.07 kB
out/renderer/assets/bookmark-check-p7EOSXhV.js                           0.30 kB │ gzip:     0.24 kB │ map:      1.04 kB
out/renderer/assets/mail-minus-BeSio3im.js                               0.30 kB │ gzip:     0.24 kB │ map:      1.05 kB
out/renderer/assets/maximize-CwPut1Zj.js                                 0.30 kB │ gzip:     0.21 kB │ map:      1.12 kB
out/renderer/assets/scale-3d-AKvA_B6_.js                                 0.30 kB │ gzip:     0.23 kB │ map:      1.15 kB
out/renderer/assets/volume-Cz68TWTs.js                                   0.30 kB │ gzip:     0.24 kB │ map:      0.93 kB
out/renderer/assets/zodiac-gemini-DLP3zVqW.js                            0.30 kB │ gzip:     0.22 kB │ map:      1.13 kB
out/renderer/assets/braces-DVQlzqJZ.js                                   0.31 kB │ gzip:     0.23 kB │ map:      1.01 kB
out/renderer/assets/decimals-arrow-left-NA-ZPuYj.js                      0.31 kB │ gzip:     0.24 kB │ map:      1.21 kB
out/renderer/assets/lamp-floor-C44_aBRL.js                               0.31 kB │ gzip:     0.24 kB │ map:      1.08 kB
out/renderer/assets/math-DuE8_3_O.js                                     0.31 kB │ gzip:     0.20 kB │ map:      1.01 kB
out/renderer/assets/message-square-check-CJyZqqdp.js                     0.31 kB │ gzip:     0.24 kB │ map:      1.07 kB
out/renderer/assets/power-off-D_50JCD1.js                                0.31 kB │ gzip:     0.24 kB │ map:      1.10 kB
out/renderer/assets/user-search-B3iyFpNx.js                              0.31 kB │ gzip:     0.24 kB │ map:      1.17 kB
out/renderer/assets/a-arrow-down-gDJ_Wk9f.js                             0.31 kB │ gzip:     0.24 kB │ map:      1.12 kB
out/renderer/assets/cloud-rain-BZ93VEZ4.js                               0.31 kB │ gzip:     0.23 kB │ map:      1.11 kB
out/renderer/assets/list-music-DhcNqbwi.js                               0.31 kB │ gzip:     0.23 kB │ map:      1.20 kB
out/renderer/assets/sticky-note-DW3lR6gZ.js                              0.31 kB │ gzip:     0.23 kB │ map:      1.02 kB
out/renderer/assets/wifi-DBarQ8_V.js                                     0.31 kB │ gzip:     0.23 kB │ map:      1.08 kB
out/renderer/assets/clock-arrow-up-GqcfSgyC.js                           0.31 kB │ gzip:     0.24 kB │ map:      1.13 kB
out/renderer/assets/grid-2x2-plus-DfHv1MTE.js                            0.31 kB │ gzip:     0.23 kB │ map:      1.09 kB
out/renderer/assets/grid-2x2-x-ocZFLi_H.js                               0.31 kB │ gzip:     0.23 kB │ map:      1.08 kB
out/renderer/assets/hash-CuL0flLe.js                                     0.31 kB │ gzip:     0.20 kB │ map:      1.26 kB
out/renderer/assets/list-tree-D4X31cIQ.js                                0.31 kB │ gzip:     0.21 kB │ map:      1.18 kB
out/renderer/assets/rewind-wKu_bVuw.js                                   0.31 kB │ gzip:     0.21 kB │ map:      1.00 kB
out/renderer/assets/wind-arrow-down-DVYAWygm.js                          0.31 kB │ gzip:     0.23 kB │ map:      1.14 kB
out/renderer/assets/drumstick-CDXErM9H.js                                0.31 kB │ gzip:     0.25 kB │ map:      1.03 kB
out/renderer/assets/form-Wvqc3wyC.js                                     0.31 kB │ gzip:     0.22 kB │ map:      1.19 kB
out/renderer/assets/plug-2-BfHjP0jj.js                                   0.31 kB │ gzip:     0.23 kB │ map:      1.15 kB
out/renderer/assets/square-split-vertical-D6uCvJd_.js                    0.31 kB │ gzip:     0.25 kB │ map:      1.15 kB
out/renderer/assets/tablet-smartphone-oU9UFVeV.js                        0.31 kB │ gzip:     0.25 kB │ map:      1.14 kB
out/renderer/assets/archive-x-BQt-ptij.js                                0.31 kB │ gzip:     0.23 kB │ map:      1.18 kB
out/renderer/assets/arrow-big-down-D3wLJ0pC.js                           0.31 kB │ gzip:     0.23 kB │ map:      0.98 kB
out/renderer/assets/arrow-big-up-gDoD7xTW.js                             0.31 kB │ gzip:     0.23 kB │ map:      0.97 kB
out/renderer/assets/folder-bookmark-CnDuV8sj.js                          0.31 kB │ gzip:     0.24 kB │ map:      1.05 kB
out/renderer/assets/folder-symlink-TGhCSnk0.js                           0.31 kB │ gzip:     0.23 kB │ map:      1.06 kB
out/renderer/assets/heading-4-Cud_s96R.js                                0.31 kB │ gzip:     0.22 kB │ map:      1.17 kB
out/renderer/assets/wine-8TTg7FWj.js                                     0.31 kB │ gzip:     0.23 kB │ map:      1.10 kB
out/renderer/assets/arrow-up-narrow-wide-D1jOJ5j0.js                     0.31 kB │ gzip:     0.22 kB │ map:      1.22 kB
out/renderer/assets/arrow-up-wide-narrow-DWSyeRrS.js                     0.31 kB │ gzip:     0.22 kB │ map:      1.22 kB
out/renderer/assets/feather-D111lWVW.js                                  0.31 kB │ gzip:     0.24 kB │ map:      1.08 kB
out/renderer/assets/folder-dot-Bw8vinU5.js                               0.31 kB │ gzip:     0.25 kB │ map:      1.05 kB
out/renderer/assets/mail-check-BLSEfF19.js                               0.31 kB │ gzip:     0.24 kB │ map:      1.05 kB
out/renderer/assets/square-split-horizontal-BusH_Pml.js                  0.31 kB │ gzip:     0.26 kB │ map:      1.16 kB
out/renderer/assets/arrow-down-narrow-wide-Dk8Uqe0C.js                   0.31 kB │ gzip:     0.22 kB │ map:      1.23 kB
out/renderer/assets/arrow-down-wide-narrow-CQXzo_Dv.js                   0.31 kB │ gzip:     0.22 kB │ map:      1.23 kB
out/renderer/assets/coins-CoLUKc3N.js                                    0.31 kB │ gzip:     0.24 kB │ map:      1.12 kB
out/renderer/assets/copy-check-BPGFhFKH.js                               0.31 kB │ gzip:     0.25 kB │ map:      1.12 kB
out/renderer/assets/diamond-minus-DfhtI1Vi.js                            0.31 kB │ gzip:     0.23 kB │ map:      1.04 kB
out/renderer/assets/fast-forward-CDbUiNJh.js                             0.31 kB │ gzip:     0.21 kB │ map:      1.03 kB
out/renderer/assets/glass-water-BsPTnRRL.js                              0.31 kB │ gzip:     0.24 kB │ map:      1.03 kB
out/renderer/assets/ligature-BhCAoJkk.js                                 0.31 kB │ gzip:     0.22 kB │ map:      1.17 kB
out/renderer/assets/list-collapse-1p2Euid1.js                            0.31 kB │ gzip:     0.21 kB │ map:      1.19 kB
out/renderer/assets/list-todo-BESL5xZr.js                                0.31 kB │ gzip:     0.23 kB │ map:      1.24 kB
out/renderer/assets/remove-formatting-uMuLoNch.js                        0.31 kB │ gzip:     0.23 kB │ map:      1.21 kB
out/renderer/assets/satellite-dish-CLPK9FLk.js                           0.31 kB │ gzip:     0.23 kB │ map:      1.14 kB
out/renderer/assets/send-horizontal-_fv_IP3D.js                          0.31 kB │ gzip:     0.24 kB │ map:      1.05 kB
out/renderer/assets/layout-template-GponuB-i.js                          0.31 kB │ gzip:     0.21 kB │ map:      1.25 kB
out/renderer/assets/rotate-3d-Dviflpgj.js                                0.31 kB │ gzip:     0.24 kB │ map:      1.05 kB
out/renderer/assets/scaling-C_EpzE3Q.js                                  0.31 kB │ gzip:     0.23 kB │ map:      1.10 kB
out/renderer/assets/shirt-CgAnBikj.js                                    0.31 kB │ gzip:     0.25 kB │ map:      0.94 kB
out/renderer/assets/user-round-search-CHTTS74v.js                        0.31 kB │ gzip:     0.24 kB │ map:      1.21 kB
out/renderer/assets/wallet-CTWWAmoT.js                                   0.31 kB │ gzip:     0.23 kB │ map:      1.01 kB
out/renderer/assets/arrows-up-from-line-cJQ-otRg.js                      0.31 kB │ gzip:     0.22 kB │ map:      1.22 kB
out/renderer/assets/computer-Yb-4buEd.js                                 0.31 kB │ gzip:     0.23 kB │ map:      1.22 kB
out/renderer/assets/fishing-hook-uY3md7nc.js                             0.31 kB │ gzip:     0.26 kB │ map:      1.13 kB
out/renderer/assets/flask-conical-BApERtVW.js                            0.31 kB │ gzip:     0.24 kB │ map:      1.12 kB
out/renderer/assets/layout-panel-left-Cp6sbbxP.js                        0.31 kB │ gzip:     0.21 kB │ map:      1.26 kB
out/renderer/assets/layout-panel-top-L1LfVsQo.js                         0.31 kB │ gzip:     0.21 kB │ map:      1.25 kB
out/renderer/assets/list-BBEF91sG.js                                     0.31 kB │ gzip:     0.19 kB │ map:      1.22 kB
out/renderer/assets/text-search-DevT1tXI.js                              0.31 kB │ gzip:     0.23 kB │ map:      1.21 kB
out/renderer/assets/thumbs-up-vYZ4ghqG.js                                0.31 kB │ gzip:     0.24 kB │ map:      1.03 kB
out/renderer/assets/towel-rack-DK_MiCkY.js                               0.31 kB │ gzip:     0.24 kB │ map:      1.09 kB
out/renderer/assets/toy-brick-C6J9eqCF.js                                0.31 kB │ gzip:     0.24 kB │ map:      1.11 kB
out/renderer/assets/zoom-in-BUvfkM40.js                                  0.31 kB │ gzip:     0.22 kB │ map:      1.27 kB
out/renderer/assets/bike-BFhSHhe9.js                                     0.31 kB │ gzip:     0.23 kB │ map:      1.17 kB
out/renderer/assets/disc-3-5Uxp_P_d.js                                   0.31 kB │ gzip:     0.23 kB │ map:      1.15 kB
out/renderer/assets/list-chevrons-down-up-CIRYDLMe.js                    0.31 kB │ gzip:     0.22 kB │ map:      1.23 kB
out/renderer/assets/list-chevrons-up-down-D-htGmRZ.js                    0.31 kB │ gzip:     0.22 kB │ map:      1.23 kB
out/renderer/assets/shrub-qO8J0D_x.js                                    0.31 kB │ gzip:     0.25 kB │ map:      1.04 kB
out/renderer/assets/tangent-BuQaF9g0.js                                  0.31 kB │ gzip:     0.24 kB │ map:      1.16 kB
out/renderer/assets/thumbs-down-CSSwrd0Q.js                              0.31 kB │ gzip:     0.24 kB │ map:      1.04 kB
out/renderer/assets/ticket-plus-BHsCKYIy.js                              0.31 kB │ gzip:     0.23 kB │ map:      1.09 kB
out/renderer/assets/wrench-7h6MJN8A.js                                   0.31 kB │ gzip:     0.24 kB │ map:      0.96 kB
out/renderer/assets/clipboard-check-CKiLUusX.js                          0.32 kB │ gzip:     0.24 kB │ map:      1.20 kB
out/renderer/assets/git-pull-request-P79STcMu.js                         0.32 kB │ gzip:     0.24 kB │ map:      1.25 kB
out/renderer/assets/list-end-CIqA56-M.js                                 0.32 kB │ gzip:     0.23 kB │ map:      1.17 kB
out/renderer/assets/mail-open-lZFwMqDk.js                                0.32 kB │ gzip:     0.24 kB │ map:      1.02 kB
out/renderer/assets/pill-bottle-DBsCp9mU.js                              0.32 kB │ gzip:     0.25 kB │ map:      1.12 kB
out/renderer/assets/scan-vgH-uRCz.js                                     0.32 kB │ gzip:     0.22 kB │ map:      1.10 kB
out/renderer/assets/square-pilcrow-kzHGkNmC.js                           0.32 kB │ gzip:     0.24 kB │ map:      1.20 kB
out/renderer/assets/arrow-big-right-C3Imtmjj.js                          0.32 kB │ gzip:     0.24 kB │ map:      0.99 kB
out/renderer/assets/bell-0D5G9r49.js                                     0.32 kB │ gzip:     0.25 kB │ map:      1.00 kB
out/renderer/assets/list-start-CY1FI8NN.js                               0.32 kB │ gzip:     0.23 kB │ map:      1.18 kB
out/renderer/assets/monitor-stop-pVcu95Cx.js                             0.32 kB │ gzip:     0.24 kB │ map:      1.24 kB
out/renderer/assets/square-arrow-right-exit-DhpKK_h0.js                  0.32 kB │ gzip:     0.24 kB │ map:      1.15 kB
out/renderer/assets/arrow-big-left-BgnJ-bk4.js                           0.32 kB │ gzip:     0.24 kB │ map:      0.99 kB
out/renderer/assets/egg-off-BnzMgLXb.js                                  0.32 kB │ gzip:     0.25 kB │ map:      1.04 kB
out/renderer/assets/folder-plus-C7CFBY3E.js                              0.32 kB │ gzip:     0.23 kB │ map:      1.11 kB
out/renderer/assets/heading-6-CVnRyxac.js                                0.32 kB │ gzip:     0.23 kB │ map:      1.20 kB
out/renderer/assets/indian-rupee-dXNibyyA.js                             0.32 kB │ gzip:     0.23 kB │ map:      1.19 kB
out/renderer/assets/radius-CuiZnqXi.js                                   0.32 kB │ gzip:     0.24 kB │ map:      1.16 kB
out/renderer/assets/users-CDQeLv5b.js                                    0.32 kB │ gzip:     0.23 kB │ map:      1.14 kB
out/renderer/assets/case-sensitive-CD6ehlQ3.js                           0.32 kB │ gzip:     0.26 kB │ map:      1.17 kB
out/renderer/assets/cloud-rain-wind-DZ0OnUui.js                          0.32 kB │ gzip:     0.24 kB │ map:      1.15 kB
out/renderer/assets/shopping-cart-Ce78ZFAP.js                            0.32 kB │ gzip:     0.25 kB │ map:      1.16 kB
out/renderer/assets/variable-CyFPCdrG.js                                 0.32 kB │ gzip:     0.23 kB │ map:      1.20 kB
out/renderer/assets/venus-and-mars-Bcm7Up1_.js                           0.32 kB │ gzip:     0.24 kB │ map:      1.23 kB
out/renderer/assets/minimize-DENL8XSt.js                                 0.32 kB │ gzip:     0.23 kB │ map:      1.12 kB
out/renderer/assets/pilcrow-left-BTJDH5ig.js                             0.32 kB │ gzip:     0.23 kB │ map:      1.20 kB
out/renderer/assets/smile-Co4dnLZU.js                                    0.32 kB │ gzip:     0.23 kB │ map:      1.21 kB
out/renderer/assets/turntable-DmodMzU_.js                                0.32 kB │ gzip:     0.25 kB │ map:      1.20 kB
out/renderer/assets/link-2-off-D-piv11C.js                               0.32 kB │ gzip:     0.24 kB │ map:      1.21 kB
out/renderer/assets/meh-CR3ES7Wz.js                                      0.32 kB │ gzip:     0.22 kB │ map:      1.24 kB
out/renderer/assets/mirror-round-wGix8JaD.js                             0.32 kB │ gzip:     0.24 kB │ map:      1.23 kB
out/renderer/assets/moon-star-BWUgfaz0.js                                0.32 kB │ gzip:     0.25 kB │ map:      1.09 kB
out/renderer/assets/pilcrow-right-Db_JklET.js                            0.32 kB │ gzip:     0.23 kB │ map:      1.20 kB
out/renderer/assets/book-user-CrMIn3UU.js                                0.32 kB │ gzip:     0.25 kB │ map:      1.12 kB
out/renderer/assets/frown-BbCUPi_P.js                                    0.32 kB │ gzip:     0.24 kB │ map:      1.21 kB
out/renderer/assets/grid-3x3-C1aAOibU.js                                 0.32 kB │ gzip:     0.23 kB │ map:      1.23 kB
out/renderer/assets/map-pin-plus-inside-V8-RxDVn.js                      0.32 kB │ gzip:     0.25 kB │ map:      1.14 kB
out/renderer/assets/frame-FzkjMgSD.js                                    0.32 kB │ gzip:     0.21 kB │ map:      1.27 kB
out/renderer/assets/ticket-x-C6Mb99yu.js                                 0.32 kB │ gzip:     0.23 kB │ map:      1.09 kB
out/renderer/assets/bed-double-DRyg8yhC.js                               0.32 kB │ gzip:     0.23 kB │ map:      1.13 kB
out/renderer/assets/egg-fried-CbtS3jL3.js                                0.32 kB │ gzip:     0.26 kB │ map:      1.06 kB
out/renderer/assets/monitor-cloud-dfW72NiM.js                            0.32 kB │ gzip:     0.25 kB │ map:      1.20 kB
out/renderer/assets/calendar-1-C1wj1Dkd.js                               0.32 kB │ gzip:     0.23 kB │ map:      1.24 kB
out/renderer/assets/clipboard-minus-B4wgMkgV.js                          0.32 kB │ gzip:     0.25 kB │ map:      1.19 kB
out/renderer/assets/copy-minus-BbOCnOVc.js                               0.32 kB │ gzip:     0.26 kB │ map:      1.18 kB
out/renderer/assets/copy-slash-6hjUdM18.js                               0.32 kB │ gzip:     0.26 kB │ map:      1.18 kB
out/renderer/assets/headset-DGp1jCJ9.js                                  0.32 kB │ gzip:     0.23 kB │ map:      1.02 kB
out/renderer/assets/rocking-chair-B8J_ZXOK.js                            0.32 kB │ gzip:     0.24 kB │ map:      1.15 kB
out/renderer/assets/panel-top-dashed-BXRCu6cH.js                         0.33 kB │ gzip:     0.24 kB │ map:      1.27 kB
out/renderer/assets/spade-CNtzoZVk.js                                    0.33 kB │ gzip:     0.26 kB │ map:      1.01 kB
out/renderer/assets/bone-unRIf7QP.js                                     0.33 kB │ gzip:     0.24 kB │ map:      0.95 kB
out/renderer/assets/cloud-off-BhMxwMgO.js                                0.33 kB │ gzip:     0.25 kB │ map:      1.06 kB
out/renderer/assets/flame-kindling-EuXkf861.js                           0.33 kB │ gzip:     0.26 kB │ map:      1.12 kB
out/renderer/assets/monitor-dot-DYs8wOyq.js                              0.33 kB │ gzip:     0.25 kB │ map:      1.18 kB
out/renderer/assets/panel-left-dashed-CnlIRkVD.js                        0.33 kB │ gzip:     0.23 kB │ map:      1.28 kB
out/renderer/assets/battery-full-C5YRWm55.js                             0.33 kB │ gzip:     0.23 kB │ map:      1.26 kB
out/renderer/assets/bean-C_btpehQ.js                                     0.33 kB │ gzip:     0.26 kB │ map:      1.01 kB
out/renderer/assets/monitor-pause-CqgGCsVz.js                            0.33 kB │ gzip:     0.24 kB │ map:      1.26 kB
out/renderer/assets/video-off-CsEmp0yY.js                                0.33 kB │ gzip:     0.25 kB │ map:      1.08 kB
out/renderer/assets/calendar-minus-2-CtcK8e1V.js                         0.33 kB │ gzip:     0.24 kB │ map:      1.28 kB
out/renderer/assets/chevrons-left-right-ellipsis-C7pOqFi3.js             0.33 kB │ gzip:     0.23 kB │ map:      1.28 kB
out/renderer/assets/circle-divide-C0121P40.js                            0.33 kB │ gzip:     0.22 kB │ map:      1.30 kB
out/renderer/assets/line-style-CVGN-HGm.js                               0.33 kB │ gzip:     0.22 kB │ map:      1.25 kB
out/renderer/assets/message-square-share-Mg0EAUjs.js                     0.33 kB │ gzip:     0.25 kB │ map:      1.15 kB
out/renderer/assets/subscript-avJojMV_.js                                0.33 kB │ gzip:     0.26 kB │ map:      1.10 kB
out/renderer/assets/bookmark-off-D1TVQkf-.js                             0.33 kB │ gzip:     0.26 kB │ map:      1.11 kB
out/renderer/assets/bubbles-A2t3BV35.js                                  0.33 kB │ gzip:     0.24 kB │ map:      1.20 kB
out/renderer/assets/delete-B1apYRh7.js                                   0.33 kB │ gzip:     0.24 kB │ map:      1.08 kB
out/renderer/assets/git-merge-conflict-I5cQvHEl.js                       0.33 kB │ gzip:     0.24 kB │ map:      1.26 kB
out/renderer/assets/map-pin-x-inside-MlhFd2Qk.js                         0.33 kB │ gzip:     0.25 kB │ map:      1.13 kB
out/renderer/assets/message-circle-plus-BKpOx1Cs.js                      0.33 kB │ gzip:     0.25 kB │ map:      1.16 kB
out/renderer/assets/monitor-up-CnsjkNIb.js                               0.33 kB │ gzip:     0.25 kB │ map:      1.25 kB
out/renderer/assets/parasol-C7jKZbX8.js                                  0.33 kB │ gzip:     0.26 kB │ map:      1.09 kB
out/renderer/assets/coffee-Blr2LUCB.js                                   0.33 kB │ gzip:     0.23 kB │ map:      1.15 kB
out/renderer/assets/lamp-ceiling-Bpt8M0Kf.js                             0.33 kB │ gzip:     0.25 kB │ map:      1.12 kB
out/renderer/assets/laptop-BgAGQtDf.js                                   0.33 kB │ gzip:     0.25 kB │ map:      1.02 kB
out/renderer/assets/mails-CWfqKe-z.js                                    0.33 kB │ gzip:     0.26 kB │ map:      1.11 kB
out/renderer/assets/paint-roller-D1fRSicO.js                             0.33 kB │ gzip:     0.25 kB │ map:      1.19 kB
out/renderer/assets/shrink-CAw15ZTE.js                                   0.33 kB │ gzip:     0.24 kB │ map:      1.12 kB
out/renderer/assets/zodiac-cancer-BQ3u5vWF.js                            0.33 kB │ gzip:     0.24 kB │ map:      1.21 kB
out/renderer/assets/ampersands-0wBi2DZ_.js                               0.33 kB │ gzip:     0.22 kB │ map:      1.08 kB
out/renderer/assets/arrow-up-a-z-Cs4FHsZE.js                             0.33 kB │ gzip:     0.24 kB │ map:      1.21 kB
out/renderer/assets/audio-lines-DSRJafda.js                              0.33 kB │ gzip:     0.22 kB │ map:      1.26 kB
out/renderer/assets/calendar-check-BYUavPFS.js                           0.33 kB │ gzip:     0.24 kB │ map:      1.27 kB
out/renderer/assets/gallery-thumbnails-DOfVe-WQ.js                       0.33 kB │ gzip:     0.24 kB │ map:      1.29 kB
out/renderer/assets/mouse-off-CnQyOA5u.js                                0.33 kB │ gzip:     0.24 kB │ map:      1.13 kB
out/renderer/assets/panel-right-dashed-k5kJZvs4.js                       0.33 kB │ gzip:     0.24 kB │ map:      1.29 kB
out/renderer/assets/shield-check-CcUYthn9.js                             0.33 kB │ gzip:     0.25 kB │ map:      1.07 kB
out/renderer/assets/table-cells-merge-lHylYZ6e.js                        0.33 kB │ gzip:     0.24 kB │ map:      1.29 kB
out/renderer/assets/arrow-up-z-a-BMKyUkFg.js                             0.33 kB │ gzip:     0.24 kB │ map:      1.21 kB
out/renderer/assets/case-upper-BMF2O9G6.js                               0.33 kB │ gzip:     0.25 kB │ map:      1.11 kB
out/renderer/assets/dice-4-Cez32x9W.js                                   0.33 kB │ gzip:     0.23 kB │ map:      1.24 kB
out/renderer/assets/joystick-DmREqXuM.js                                 0.33 kB │ gzip:     0.25 kB │ map:      1.19 kB
out/renderer/assets/monitor-down-Bt6fsWfE.js                             0.33 kB │ gzip:     0.25 kB │ map:      1.26 kB
out/renderer/assets/mouse-pointer-C_SNDFk-.js                            0.33 kB │ gzip:     0.26 kB │ map:      1.06 kB
out/renderer/assets/panel-bottom-dashed-41X2gD7O.js                      0.33 kB │ gzip:     0.24 kB │ map:      1.30 kB
out/renderer/assets/plane-D-FxZ5Y1.js                                    0.33 kB │ gzip:     0.27 kB │ map:      0.96 kB
out/renderer/assets/refresh-ccw-CkVIbwok.js                              0.33 kB │ gzip:     0.23 kB │ map:      1.16 kB
out/renderer/assets/refresh-cw--chMU-Jv.js                               0.33 kB │ gzip:     0.23 kB │ map:      1.15 kB
out/renderer/assets/user-x-BN8Kv7Tg.js                                   0.33 kB │ gzip:     0.25 kB │ map:      1.23 kB
out/renderer/assets/align-vertical-space-between-D3whyCgY.js             0.33 kB │ gzip:     0.24 kB │ map:      1.33 kB
out/renderer/assets/arrow-up-0-1-CfSyw0IY.js                             0.33 kB │ gzip:     0.25 kB │ map:      1.26 kB
out/renderer/assets/arrow-up-1-0-C4HGSJYK.js                             0.33 kB │ gzip:     0.25 kB │ map:      1.26 kB
out/renderer/assets/book-audio-X-7GrxHJ.js                               0.33 kB │ gzip:     0.24 kB │ map:      1.17 kB
out/renderer/assets/git-pull-request-create-Cp4yGH21.js                  0.33 kB │ gzip:     0.25 kB │ map:      1.29 kB
out/renderer/assets/arrow-down-a-z-ir65BX5u.js                           0.33 kB │ gzip:     0.24 kB │ map:      1.22 kB
out/renderer/assets/bookmark-plus-Clzfwqn0.js                            0.33 kB │ gzip:     0.25 kB │ map:      1.12 kB
out/renderer/assets/chef-hat-Qf01zIT_.js                                 0.33 kB │ gzip:     0.26 kB │ map:      1.03 kB
out/renderer/assets/cross-DGTtqW2R.js                                    0.33 kB │ gzip:     0.22 kB │ map:      0.96 kB
out/renderer/assets/laugh-bRnkDAbO.js                                    0.33 kB │ gzip:     0.25 kB │ map:      1.23 kB
out/renderer/assets/monitor-x-DrziEeaw.js                                0.33 kB │ gzip:     0.25 kB │ map:      1.25 kB
out/renderer/assets/user-lock-Sp68Xu1O.js                                0.33 kB │ gzip:     0.26 kB │ map:      1.22 kB
out/renderer/assets/align-horizontal-space-between-BhgA3ymj.js           0.34 kB │ gzip:     0.24 kB │ map:      1.35 kB
out/renderer/assets/align-vertical-distribute-end-BSVFDUHB.js            0.34 kB │ gzip:     0.24 kB │ map:      1.34 kB
out/renderer/assets/arrow-down-z-a-Dcjrp6SO.js                           0.34 kB │ gzip:     0.24 kB │ map:      1.22 kB
out/renderer/assets/brush-UGC5eFJN.js                                    0.34 kB │ gzip:     0.26 kB │ map:      1.07 kB
out/renderer/assets/folder-clock-BK9SQRfu.js                             0.34 kB │ gzip:     0.25 kB │ map:      1.15 kB
out/renderer/assets/inspection-panel-oZg_y0YZ.js                         0.34 kB │ gzip:     0.23 kB │ map:      1.29 kB
out/renderer/assets/sprout-DgIoCgA9.js                                   0.34 kB │ gzip:     0.24 kB │ map:      1.09 kB
out/renderer/assets/text-initial-B7dqjs1b.js                             0.34 kB │ gzip:     0.24 kB │ map:      1.21 kB
out/renderer/assets/tree-pine-CFYYnEQk.js                                0.34 kB │ gzip:     0.24 kB │ map:      1.04 kB
out/renderer/assets/align-vertical-distribute-start-WzaEPJWh.js          0.34 kB │ gzip:     0.24 kB │ map:      1.36 kB
out/renderer/assets/arrow-down-0-1-7yEXpTLi.js                           0.34 kB │ gzip:     0.25 kB │ map:      1.28 kB
out/renderer/assets/arrow-down-1-0-IiVrOmgc.js                           0.34 kB │ gzip:     0.25 kB │ map:      1.27 kB
out/renderer/assets/box-CtHpLP3y.js                                      0.34 kB │ gzip:     0.24 kB │ map:      1.08 kB
out/renderer/assets/briefcase-business-P3Tnce1L.js                       0.34 kB │ gzip:     0.25 kB │ map:      1.25 kB
out/renderer/assets/concierge-bell-C3I4NoWl.js                           0.34 kB │ gzip:     0.24 kB │ map:      1.18 kB
out/renderer/assets/folder-up-BANr8IyS.js                                0.34 kB │ gzip:     0.25 kB │ map:      1.11 kB
out/renderer/assets/message-square-plus-BU-SESiu.js                      0.34 kB │ gzip:     0.25 kB │ map:      1.15 kB
out/renderer/assets/regex-DNWk09dt.js                                    0.34 kB │ gzip:     0.23 kB │ map:      1.13 kB
out/renderer/assets/user-plus-CxwLv3XG.js                                0.34 kB │ gzip:     0.25 kB │ map:      1.25 kB
out/renderer/assets/align-horizontal-distribute-end-CxGkrJTz.js          0.34 kB │ gzip:     0.24 kB │ map:      1.36 kB
out/renderer/assets/cloud-backup-R-6YzE5G.js                             0.34 kB │ gzip:     0.26 kB │ map:      1.12 kB
out/renderer/assets/file-exclamation-point-DqD4q2vY.js                   0.34 kB │ gzip:     0.25 kB │ map:      1.17 kB
out/renderer/assets/file-minus-corner-DNbZLKsB.js                        0.34 kB │ gzip:     0.25 kB │ map:      1.15 kB
out/renderer/assets/message-square-off-Cx4OlcUf.js                       0.34 kB │ gzip:     0.26 kB │ map:      1.15 kB
out/renderer/assets/monitor-smartphone-D5o2Eejt.js                       0.34 kB │ gzip:     0.25 kB │ map:      1.26 kB
out/renderer/assets/scissors-CsEOP0CL.js                                 0.34 kB │ gzip:     0.24 kB │ map:      1.25 kB
out/renderer/assets/tag-CAVAjNVY.js                                      0.34 kB │ gzip:     0.25 kB │ map:      1.07 kB
out/renderer/assets/align-horizontal-distribute-start-DbmI8snI.js        0.34 kB │ gzip:     0.24 kB │ map:      1.37 kB
out/renderer/assets/book-type-CxOTXCAt.js                                0.34 kB │ gzip:     0.25 kB │ map:      1.17 kB
out/renderer/assets/file-minus-f2MSYYk1.js                               0.34 kB │ gzip:     0.25 kB │ map:      1.11 kB
out/renderer/assets/hard-drive-upload-FbslcK1I.js                        0.34 kB │ gzip:     0.25 kB │ map:      1.29 kB
out/renderer/assets/save-BAvyC9Uf.js                                     0.34 kB │ gzip:     0.23 kB │ map:      1.10 kB
out/renderer/assets/zodiac-scorpio-B6_SntOO.js                           0.34 kB │ gzip:     0.25 kB │ map:      1.17 kB
out/renderer/assets/bot-BKzXh51S.js                                      0.34 kB │ gzip:     0.24 kB │ map:      1.30 kB
out/renderer/assets/folder-down-CmMb7o33.js                              0.34 kB │ gzip:     0.25 kB │ map:      1.12 kB
out/renderer/assets/hard-drive-download-CHw5Jk_x.js                      0.34 kB │ gzip:     0.25 kB │ map:      1.31 kB
out/renderer/assets/heart-minus-Clw65dc5.js                              0.34 kB │ gzip:     0.27 kB │ map:      1.05 kB
out/renderer/assets/repeat-1-BMBpaGeQ.js                                 0.34 kB │ gzip:     0.24 kB │ map:      1.20 kB
out/renderer/assets/road-DhGo1qv5.js                                     0.34 kB │ gzip:     0.24 kB │ map:      1.15 kB
out/renderer/assets/trash-2-C8_GSNLd.js                                  0.34 kB │ gzip:     0.22 kB │ map:      1.21 kB
out/renderer/assets/antenna-mq7sy-G_.js                                  0.34 kB │ gzip:     0.22 kB │ map:      1.25 kB
out/renderer/assets/apple-BwFOoCA9.js                                    0.34 kB │ gzip:     0.25 kB │ map:      1.03 kB
out/renderer/assets/flag-off-BT2FG7TQ.js                                 0.34 kB │ gzip:     0.26 kB │ map:      1.13 kB
out/renderer/assets/folder-input-gf9PH2Gh.js                             0.34 kB │ gzip:     0.25 kB │ map:      1.13 kB
out/renderer/assets/ice-cream-bowl-BpZMZAmA.js                           0.34 kB │ gzip:     0.25 kB │ map:      1.14 kB
out/renderer/assets/mail-plus-Dfg02_tj.js                                0.34 kB │ gzip:     0.25 kB │ map:      1.14 kB
out/renderer/assets/saudi-riyal-8pe6iZaF.js                              0.34 kB │ gzip:     0.25 kB │ map:      1.15 kB
out/renderer/assets/shield-half-C0o-kbXE.js                              0.34 kB │ gzip:     0.27 kB │ map:      1.06 kB
out/renderer/assets/shield-minus-P4PnB8K4.js                             0.34 kB │ gzip:     0.27 kB │ map:      1.06 kB
out/renderer/assets/sticky-note-minus-BHAF_MWg.js                        0.34 kB │ gzip:     0.25 kB │ map:      1.15 kB
out/renderer/assets/book-image-BwheCZGk.js                               0.34 kB │ gzip:     0.26 kB │ map:      1.14 kB
out/renderer/assets/bookmark-x-DAXL_yPi.js                               0.34 kB │ gzip:     0.25 kB │ map:      1.12 kB
out/renderer/assets/bring-to-front-CUQMM7Wn.js                           0.34 kB │ gzip:     0.24 kB │ map:      1.16 kB
out/renderer/assets/chart-area-BJ3Z4avS.js                               0.34 kB │ gzip:     0.25 kB │ map:      1.05 kB
out/renderer/assets/file-check-corner-Dar5FdH7.js                        0.34 kB │ gzip:     0.26 kB │ map:      1.15 kB
out/renderer/assets/folder-search-Dlf2y9V2.js                            0.34 kB │ gzip:     0.26 kB │ map:      1.16 kB
out/renderer/assets/folder-x-DniUrQWc.js                                 0.34 kB │ gzip:     0.25 kB │ map:      1.11 kB
out/renderer/assets/mail-x-CmRE8g8f.js                                   0.34 kB │ gzip:     0.25 kB │ map:      1.13 kB
out/renderer/assets/milestone-DeVuWlXs.js                                0.34 kB │ gzip:     0.25 kB │ map:      1.11 kB
out/renderer/assets/user-round-key-Dhgc115U.js                           0.34 kB │ gzip:     0.25 kB │ map:      1.28 kB
out/renderer/assets/badge-check-BZvizI5Z.js                              0.34 kB │ gzip:     0.24 kB │ map:      1.06 kB
out/renderer/assets/folder-output-C7l5BEql.js                            0.34 kB │ gzip:     0.24 kB │ map:      1.13 kB
out/renderer/assets/gavel-Ct6QxIzK.js                                    0.34 kB │ gzip:     0.24 kB │ map:      1.19 kB
out/renderer/assets/languages-CkIm5u0b.js                                0.34 kB │ gzip:     0.24 kB │ map:      1.27 kB
out/renderer/assets/message-square-warning-_rf9Tjcq.js                   0.34 kB │ gzip:     0.26 kB │ map:      1.18 kB
out/renderer/assets/banana-BSwrWpee.js                                   0.34 kB │ gzip:     0.27 kB │ map:      1.04 kB
out/renderer/assets/file-diff-MYjy5C4U.js                                0.34 kB │ gzip:     0.24 kB │ map:      1.19 kB
out/renderer/assets/git-pull-request-draft-D9THBi4N.js                   0.34 kB │ gzip:     0.25 kB │ map:      1.36 kB
out/renderer/assets/graduation-cap-D-TQbzSr.js                           0.34 kB │ gzip:     0.25 kB │ map:      1.16 kB
out/renderer/assets/scale-CCR_onX5.js                                    0.34 kB │ gzip:     0.23 kB │ map:      1.20 kB
out/renderer/assets/shapes-6q2dHnZR.js                                   0.34 kB │ gzip:     0.27 kB │ map:      1.18 kB
out/renderer/assets/signature-cezLH6o3.js                                0.34 kB │ gzip:     0.27 kB │ map:      1.05 kB
out/renderer/assets/toilet-D3TfJLWe.js                                   0.34 kB │ gzip:     0.25 kB │ map:      1.04 kB
out/renderer/assets/videotape-BTMeZ-87.js                                0.34 kB │ gzip:     0.24 kB │ map:      1.31 kB
out/renderer/assets/cast-D5tkESit.js                                     0.34 kB │ gzip:     0.25 kB │ map:      1.16 kB
out/renderer/assets/file-check-mFosqo4A.js                               0.34 kB │ gzip:     0.25 kB │ map:      1.12 kB
out/renderer/assets/message-circle-x-BtKpebG_.js                         0.34 kB │ gzip:     0.26 kB │ map:      1.15 kB
out/renderer/assets/message-square-x-AQhSJa9f.js                         0.34 kB │ gzip:     0.25 kB │ map:      1.15 kB
out/renderer/assets/pencil-line-FZ7eyj9e.js                              0.34 kB │ gzip:     0.26 kB │ map:      1.12 kB
out/renderer/assets/sticky-note-check-qJK7yWQc.js                        0.34 kB │ gzip:     0.26 kB │ map:      1.16 kB
out/renderer/assets/table-of-contents-B-kUPjki.js                        0.34 kB │ gzip:     0.22 kB │ map:      1.30 kB
out/renderer/assets/book-search-B53V0rC7.js                              0.35 kB │ gzip:     0.26 kB │ map:      1.18 kB
out/renderer/assets/hard-hat-N5CAw7cX.js                                 0.35 kB │ gzip:     0.25 kB │ map:      1.20 kB
out/renderer/assets/list-video-Co5ifSuU.js                               0.35 kB │ gzip:     0.24 kB │ map:      1.18 kB
out/renderer/assets/printer-sA9lVdwI.js                                  0.35 kB │ gzip:     0.25 kB │ map:      1.16 kB
out/renderer/assets/star-half-BeRdkxMC.js                                0.35 kB │ gzip:     0.26 kB │ map:      0.99 kB
out/renderer/assets/chunk-FMBD7UC4-lZFo2Vsu.js                           0.35 kB │ gzip:     0.26 kB │ map:      0.74 kB
out/renderer/assets/diamond-plus-DVeHFee1.js                             0.35 kB │ gzip:     0.24 kB │ map:      1.13 kB
out/renderer/assets/fuel-BnmEp93o.js                                     0.35 kB │ gzip:     0.24 kB │ map:      1.14 kB
out/renderer/assets/move-Bzu516XJ.js                                     0.35 kB │ gzip:     0.23 kB │ map:      1.25 kB
out/renderer/assets/square-pen-CSIOcGdu.js                               0.35 kB │ gzip:     0.26 kB │ map:      1.06 kB
out/renderer/assets/book-copy-g6dNew4_.js                                0.35 kB │ gzip:     0.25 kB │ map:      1.12 kB
out/renderer/assets/cloud-moon-DZXzxPFH.js                               0.35 kB │ gzip:     0.27 kB │ map:      1.06 kB
out/renderer/assets/cup-soda-SqXludCj.js                                 0.35 kB │ gzip:     0.25 kB │ map:      1.14 kB
out/renderer/assets/folders-D7cqdaZu.js                                  0.35 kB │ gzip:     0.25 kB │ map:      1.06 kB
out/renderer/assets/git-pull-request-arrow-TQlphccj.js                   0.35 kB │ gzip:     0.25 kB │ map:      1.33 kB
out/renderer/assets/heart-x-cE8nHW3s.js                                  0.35 kB │ gzip:     0.26 kB │ map:      1.11 kB
out/renderer/assets/send-to-back-BB3LWhGS.js                             0.35 kB │ gzip:     0.24 kB │ map:      1.27 kB
out/renderer/assets/square-stack-CoB3b8n7.js                             0.35 kB │ gzip:     0.25 kB │ map:      1.16 kB
out/renderer/assets/stamp-DsV8WuDE.js                                    0.35 kB │ gzip:     0.25 kB │ map:      1.10 kB
out/renderer/assets/superscript-BJDv_3cM.js                              0.35 kB │ gzip:     0.27 kB │ map:      1.13 kB
out/renderer/assets/ticket-CkcPqDWE.js                                   0.35 kB │ gzip:     0.23 kB │ map:      1.16 kB
out/renderer/assets/calendar-minus-DWMRVu1c.js                           0.35 kB │ gzip:     0.24 kB │ map:      1.24 kB
out/renderer/assets/folder-root-u_ypIs2J.js                              0.35 kB │ gzip:     0.26 kB │ map:      1.15 kB
out/renderer/assets/hand-helping-CWvqb8-o.js                             0.35 kB │ gzip:     0.27 kB │ map:      1.13 kB
out/renderer/assets/microwave-DjfKLkG1.js                                0.35 kB │ gzip:     0.24 kB │ map:      1.32 kB
out/renderer/assets/phone-DbIMaSfJ.js                                    0.35 kB │ gzip:     0.25 kB │ map:      0.97 kB
out/renderer/assets/spell-check-2-C4sjYY4B.js                            0.35 kB │ gzip:     0.23 kB │ map:      1.14 kB
out/renderer/assets/a-large-small-DZEGZnYy.js                            0.35 kB │ gzip:     0.26 kB │ map:      1.17 kB
out/renderer/assets/eye-closed-DUUzrxND.js                               0.35 kB │ gzip:     0.24 kB │ map:      1.22 kB
out/renderer/assets/funnel-plus-DXZVhBCS.js                              0.35 kB │ gzip:     0.26 kB │ map:      1.13 kB
out/renderer/assets/id-card-DFOG9AeG.js                                  0.35 kB │ gzip:     0.26 kB │ map:      1.28 kB
out/renderer/assets/message-square-code-dpxlR_EX.js                      0.35 kB │ gzip:     0.26 kB │ map:      1.17 kB
out/renderer/assets/rotate-ccw-key-DUSMJJ8M.js                           0.35 kB │ gzip:     0.26 kB │ map:      1.26 kB
out/renderer/assets/screen-share-BQGj8KEW.js                             0.35 kB │ gzip:     0.24 kB │ map:      1.22 kB
out/renderer/assets/server-hmxZqCHl.js                                   0.35 kB │ gzip:     0.22 kB │ map:      1.37 kB
out/renderer/assets/whole-word-Bay_g9vq.js                               0.35 kB │ gzip:     0.25 kB │ map:      1.27 kB
out/renderer/assets/mail-warning-Be1kGoAZ.js                             0.35 kB │ gzip:     0.26 kB │ map:      1.17 kB
out/renderer/assets/message-circle-warning-BixDXQTN.js                   0.35 kB │ gzip:     0.27 kB │ map:      1.18 kB
out/renderer/assets/square-mouse-pointer-B892fnEz.js                     0.35 kB │ gzip:     0.26 kB │ map:      1.13 kB
out/renderer/assets/tv-minimal-play-CtkR3CGM.js                          0.35 kB │ gzip:     0.27 kB │ map:      1.20 kB
out/renderer/assets/alarm-clock-D5-fz4Yj.js                              0.35 kB │ gzip:     0.24 kB │ map:      1.33 kB
out/renderer/assets/flip-horizontal-2-DvQlQsa2.js                        0.35 kB │ gzip:     0.23 kB │ map:      1.32 kB
out/renderer/assets/squares-exclude-dYvttIjb.js                          0.35 kB │ gzip:     0.24 kB │ map:      1.12 kB
out/renderer/assets/user-key-D3Glaxx6.js                                 0.35 kB │ gzip:     0.25 kB │ map:      1.26 kB
out/renderer/assets/contact-round-lowhAXSG.js                            0.35 kB │ gzip:     0.26 kB │ map:      1.32 kB
out/renderer/assets/heading-5-BcmdI6jK.js                                0.35 kB │ gzip:     0.25 kB │ map:      1.23 kB
out/renderer/assets/library-big-5KMy6Le-.js                              0.35 kB │ gzip:     0.28 kB │ map:      1.19 kB
out/renderer/assets/sailboat-CHl07gQZ.js                                 0.35 kB │ gzip:     0.25 kB │ map:      1.13 kB
out/renderer/assets/square-divide-CZmO_TXh.js                            0.35 kB │ gzip:     0.24 kB │ map:      1.37 kB
out/renderer/assets/zodiac-virgo-flBs0wes.js                             0.35 kB │ gzip:     0.24 kB │ map:      1.17 kB
out/renderer/assets/battery-charging-rAXgCH0U.js                         0.35 kB │ gzip:     0.25 kB │ map:      1.19 kB
out/renderer/assets/book-heart-CyknSHWB.js                               0.35 kB │ gzip:     0.27 kB │ map:      1.10 kB
out/renderer/assets/fan-DOOaGFjO.js                                      0.35 kB │ gzip:     0.24 kB │ map:      1.03 kB
out/renderer/assets/message-circle-reply-DE8I_NgS.js                     0.35 kB │ gzip:     0.26 kB │ map:      1.20 kB
out/renderer/assets/screen-share-off-D-A4ZTCc.js                         0.35 kB │ gzip:     0.24 kB │ map:      1.25 kB
out/renderer/assets/bell-minus-D9e2aJfs.js                               0.35 kB │ gzip:     0.27 kB │ map:      1.13 kB
out/renderer/assets/calendar-check-2-DgP1bn2M.js                         0.35 kB │ gzip:     0.24 kB │ map:      1.25 kB
out/renderer/assets/nfc-oNSnJT2N.js                                      0.35 kB │ gzip:     0.25 kB │ map:      1.13 kB
out/renderer/assets/volume-1-BVv95W0Z.js                                 0.35 kB │ gzip:     0.26 kB │ map:      1.06 kB
out/renderer/assets/wallet-cards-CC8q34Lx.js                             0.35 kB │ gzip:     0.27 kB │ map:      1.20 kB
out/renderer/assets/badge-minus-BmLy3d6Q.js                              0.36 kB │ gzip:     0.25 kB │ map:      1.11 kB
out/renderer/assets/map-pin-minus-Kzg8aC23.js                            0.36 kB │ gzip:     0.28 kB │ map:      1.17 kB
out/renderer/assets/notebook-D2OYxVji.js                                 0.36 kB │ gzip:     0.24 kB │ map:      1.33 kB
out/renderer/assets/shield-ban-lyMUqijX.js                               0.36 kB │ gzip:     0.27 kB │ map:      1.07 kB
out/renderer/assets/tickets-DKpst7Ye.js                                  0.36 kB │ gzip:     0.26 kB │ map:      1.26 kB
out/renderer/assets/arrow-big-down-dash-BGIPRPcU.js                      0.36 kB │ gzip:     0.26 kB │ map:      1.11 kB
out/renderer/assets/arrow-big-left-dash-BpW5zsKm.js                      0.36 kB │ gzip:     0.26 kB │ map:      1.11 kB
out/renderer/assets/arrow-big-right-dash-BRhm2B15.js                     0.36 kB │ gzip:     0.25 kB │ map:      1.12 kB
out/renderer/assets/flip-vertical-2-C76DQTDT.js                          0.36 kB │ gzip:     0.23 kB │ map:      1.31 kB
out/renderer/assets/folder-code-Cn_jtHYR.js                              0.36 kB │ gzip:     0.25 kB │ map:      1.14 kB
out/renderer/assets/funnel-x-DYyeYjmp.js                                 0.36 kB │ gzip:     0.26 kB │ map:      1.12 kB
out/renderer/assets/git-fork-CpD44yV8.js                                 0.36 kB │ gzip:     0.25 kB │ map:      1.29 kB
out/renderer/assets/arrow-big-up-dash-X8MLp2g3.js                        0.36 kB │ gzip:     0.26 kB │ map:      1.10 kB
out/renderer/assets/bath-DISlBosu.js                                     0.36 kB │ gzip:     0.24 kB │ map:      1.23 kB
out/renderer/assets/megaphone-BLuIavY2.js                                0.36 kB │ gzip:     0.25 kB │ map:      1.14 kB
out/renderer/assets/message-circle-code-wyyAGexB.js                      0.36 kB │ gzip:     0.27 kB │ map:      1.18 kB
out/renderer/assets/message-square-text-DiZpsKbU.js                      0.36 kB │ gzip:     0.25 kB │ map:      1.25 kB
out/renderer/assets/pin-ugBOckjT.js                                      0.36 kB │ gzip:     0.24 kB │ map:      1.05 kB
out/renderer/assets/scan-line-D0KznVZE.js                                0.36 kB │ gzip:     0.24 kB │ map:      1.22 kB
out/renderer/assets/creative-commons-CJOGy9XV.js                         0.36 kB │ gzip:     0.23 kB │ map:      1.19 kB
out/renderer/assets/scooter-CoP106zR.js                                  0.36 kB │ gzip:     0.27 kB │ map:      1.22 kB
out/renderer/assets/file-chart-line-CH_WJDRd.js                          0.36 kB │ gzip:     0.26 kB │ map:      1.16 kB
out/renderer/assets/git-graph-Zhx2zpaP.js                                0.36 kB │ gzip:     0.24 kB │ map:      1.38 kB
out/renderer/assets/heart-pulse-Wk-_Hm3H.js                              0.36 kB │ gzip:     0.28 kB │ map:      1.08 kB
out/renderer/assets/layers-2-CS3rKTe7.js                                 0.36 kB │ gzip:     0.25 kB │ map:      1.09 kB
out/renderer/assets/ticket-percent-jbOiJbxP.js                           0.36 kB │ gzip:     0.25 kB │ map:      1.22 kB
out/renderer/assets/gem-2eANIe8R.js                                      0.36 kB │ gzip:     0.26 kB │ map:      1.10 kB
out/renderer/assets/gift-CmJMT2g0.js                                     0.36 kB │ gzip:     0.26 kB │ map:      1.22 kB
out/renderer/assets/heading-3-SOKa23r0.js                                0.36 kB │ gzip:     0.25 kB │ map:      1.22 kB
out/renderer/assets/pin-off-66w3B7Gi.js                                  0.36 kB │ gzip:     0.26 kB │ map:      1.18 kB
out/renderer/assets/scroll-text-BUUJd_qo.js                              0.36 kB │ gzip:     0.24 kB │ map:      1.22 kB
out/renderer/assets/user-round-pen-C0Y4Uv7m.js                           0.36 kB │ gzip:     0.27 kB │ map:      1.20 kB
out/renderer/assets/book-open-check-C1ygGvUh.js                          0.36 kB │ gzip:     0.25 kB │ map:      1.16 kB
out/renderer/assets/clipboard-plus-CnP5Q4la.js                           0.36 kB │ gzip:     0.26 kB │ map:      1.29 kB
out/renderer/assets/clipboard-x-wOUpouTJ.js                              0.36 kB │ gzip:     0.26 kB │ map:      1.27 kB
out/renderer/assets/contact-Cl3aFxkG.js                                  0.36 kB │ gzip:     0.26 kB │ map:      1.30 kB
out/renderer/assets/file-question-mark-CV1dG-Ip.js                       0.36 kB │ gzip:     0.26 kB │ map:      1.18 kB
out/renderer/assets/message-square-reply-BQFCcMZH.js                     0.36 kB │ gzip:     0.26 kB │ map:      1.19 kB
out/renderer/assets/spool-DSbMHIet.js                                    0.36 kB │ gzip:     0.26 kB │ map:      1.08 kB
out/renderer/assets/wallpaper-SLbacugx.js                                0.36 kB │ gzip:     0.27 kB │ map:      1.31 kB
out/renderer/assets/book-lock-DjjHXp5q.js                                0.36 kB │ gzip:     0.28 kB │ map:      1.22 kB
out/renderer/assets/bottle-wine-eH1Iccf0.js                              0.36 kB │ gzip:     0.25 kB │ map:      1.08 kB
out/renderer/assets/camera-BIQ9mken.js                                   0.36 kB │ gzip:     0.27 kB │ map:      1.08 kB
out/renderer/assets/cooking-pot-D-RRI3AA.js                              0.36 kB │ gzip:     0.26 kB │ map:      1.20 kB
out/renderer/assets/folder-search-2-DQ6D39nk.js                          0.36 kB │ gzip:     0.27 kB │ map:      1.19 kB
out/renderer/assets/calendar-x-ClYuryfW.js                               0.36 kB │ gzip:     0.25 kB │ map:      1.34 kB
out/renderer/assets/image-down-BxkpA4xx.js                               0.36 kB │ gzip:     0.27 kB │ map:      1.23 kB
out/renderer/assets/image-up-8dfMEI30.js                                 0.36 kB │ gzip:     0.27 kB │ map:      1.22 kB
out/renderer/assets/init-B3w5vMU-.js                                     0.36 kB │ gzip:     0.17 kB │ map:      1.23 kB
out/renderer/assets/list-restart-CwZBTcoV.js                             0.36 kB │ gzip:     0.25 kB │ map:      1.27 kB
out/renderer/assets/webhook-BNpKU3_6.js                                  0.36 kB │ gzip:     0.28 kB │ map:      1.14 kB
out/renderer/assets/calendar-plus-2-Co05_Tj_.js                          0.36 kB │ gzip:     0.25 kB │ map:      1.37 kB
out/renderer/assets/drafting-compass-x6xX7HpM.js                         0.36 kB │ gzip:     0.27 kB │ map:      1.30 kB
out/renderer/assets/flashlight-9VtFuXUp.js                               0.36 kB │ gzip:     0.26 kB │ map:      1.14 kB
out/renderer/assets/focus-CM1_OVB1.js                                    0.36 kB │ gzip:     0.25 kB │ map:      1.24 kB
out/renderer/assets/lectern-gZW7-1HJ.js                                  0.36 kB │ gzip:     0.27 kB │ map:      1.18 kB
out/renderer/assets/package-2-DTey3ffb.js                                0.36 kB │ gzip:     0.26 kB │ map:      1.13 kB
out/renderer/assets/shield-alert-BvqW6Xn4.js                             0.36 kB │ gzip:     0.27 kB │ map:      1.16 kB
out/renderer/assets/type-outline-xWgEgn9h.js                             0.36 kB │ gzip:     0.23 kB │ map:      1.02 kB
out/renderer/assets/bitcoin-BYYFv_w8.js                                  0.37 kB │ gzip:     0.28 kB │ map:      1.00 kB
out/renderer/assets/book-key-Bu7-A4qF.js                                 0.37 kB │ gzip:     0.27 kB │ map:      1.25 kB
out/renderer/assets/database-zap-DzncpkKH.js                             0.37 kB │ gzip:     0.27 kB │ map:      1.29 kB
out/renderer/assets/loader-pinwheel-DvWw-npz.js                          0.37 kB │ gzip:     0.25 kB │ map:      1.23 kB
out/renderer/assets/angry--MdhbV4s.js                                    0.37 kB │ gzip:     0.25 kB │ map:      1.30 kB
out/renderer/assets/archive-restore-CZXc1i3P.js                          0.37 kB │ gzip:     0.26 kB │ map:      1.32 kB
out/renderer/assets/battery-warning-Ce-zib3C.js                          0.37 kB │ gzip:     0.25 kB │ map:      1.26 kB
out/renderer/assets/file-down-1A9NmSdH.js                                0.37 kB │ gzip:     0.25 kB │ map:      1.21 kB
out/renderer/assets/files-DAmGbSP0.js                                    0.37 kB │ gzip:     0.24 kB │ map:      1.13 kB
out/renderer/assets/folder-lock-CC_8RomR.js                              0.37 kB │ gzip:     0.27 kB │ map:      1.20 kB
out/renderer/assets/key-round-DrK2y2qM.js                                0.37 kB │ gzip:     0.26 kB │ map:      1.13 kB
out/renderer/assets/picture-in-picture-B8_b2ryx.js                       0.37 kB │ gzip:     0.26 kB │ map:      1.33 kB
out/renderer/assets/shopping-bag-C4ZjvvRN.js                             0.37 kB │ gzip:     0.26 kB │ map:      1.15 kB
out/renderer/assets/weight-tilde-BTinX1Nn.js                             0.37 kB │ gzip:     0.28 kB │ map:      1.18 kB
out/renderer/assets/air-vent-CsUyIH3m.js                                 0.37 kB │ gzip:     0.26 kB │ map:      1.20 kB
out/renderer/assets/ethernet-port-BzFFMuAe.js                            0.37 kB │ gzip:     0.24 kB │ map:      1.28 kB
out/renderer/assets/file-symlink-BrEaJb5K.js                             0.37 kB │ gzip:     0.26 kB │ map:      1.15 kB
out/renderer/assets/image-minus-C7UESyPg.js                              0.37 kB │ gzip:     0.28 kB │ map:      1.25 kB
out/renderer/assets/timer-off-CErTR36h.js                                0.37 kB │ gzip:     0.25 kB │ map:      1.23 kB
out/renderer/assets/user-pen-BRLNQu7c.js                                 0.37 kB │ gzip:     0.28 kB │ map:      1.16 kB
out/renderer/assets/alarm-clock-minus-DGFIvm3J.js                        0.37 kB │ gzip:     0.26 kB │ map:      1.36 kB
out/renderer/assets/citrus-DQx7Wej7.js                                   0.37 kB │ gzip:     0.27 kB │ map:      1.19 kB
out/renderer/assets/folder-key-CI8fWObI.js                               0.37 kB │ gzip:     0.27 kB │ map:      1.23 kB
out/renderer/assets/mouse-pointer-ban-ngAkFR6n.js                        0.37 kB │ gzip:     0.28 kB │ map:      1.21 kB
out/renderer/assets/stethoscope-B1gM89cf.js                              0.37 kB │ gzip:     0.25 kB │ map:      1.27 kB
out/renderer/assets/accessibility-MHACE0E2.js                            0.37 kB │ gzip:     0.27 kB │ map:      1.29 kB
out/renderer/assets/globe-lock-DTAFpo8r.js                               0.37 kB │ gzip:     0.27 kB │ map:      1.26 kB
out/renderer/assets/utility-pole-CHWOTglI.js                             0.37 kB │ gzip:     0.23 kB │ map:      1.37 kB
out/renderer/assets/venetian-mask-BM0cq2fA.js                            0.37 kB │ gzip:     0.25 kB │ map:      1.16 kB
out/renderer/assets/file-clock-DizJpqs7.js                               0.37 kB │ gzip:     0.27 kB │ map:      1.25 kB
out/renderer/assets/file-x-corner-Bx86LHxG.js                            0.37 kB │ gzip:     0.26 kB │ map:      1.22 kB
out/renderer/assets/git-pull-request-closed-CmKwk9o4.js                  0.37 kB │ gzip:     0.26 kB │ map:      1.41 kB
out/renderer/assets/message-circle-question-mark-BDciR1Hu.js             0.37 kB │ gzip:     0.27 kB │ map:      1.25 kB
out/renderer/assets/newspaper-DFLC9tdZ.js                                0.37 kB │ gzip:     0.26 kB │ map:      1.26 kB
out/renderer/assets/bell-dot-DGMYeovH.js                                 0.37 kB │ gzip:     0.29 kB │ map:      1.16 kB
out/renderer/assets/dice-5-BP3S4MHE.js                                   0.37 kB │ gzip:     0.24 kB │ map:      1.35 kB
out/renderer/assets/file-code-corner-DRwUY-x4.js                         0.37 kB │ gzip:     0.26 kB │ map:      1.26 kB
out/renderer/assets/heart-plus-Dy4Z82up.js                               0.37 kB │ gzip:     0.28 kB │ map:      1.14 kB
out/renderer/assets/hourglass-DQAJFitF.js                                0.37 kB │ gzip:     0.24 kB │ map:      1.23 kB
out/renderer/assets/house-heart-VzPSmB7c.js                              0.37 kB │ gzip:     0.27 kB │ map:      1.12 kB
out/renderer/assets/message-square-quote-BSxKYB_D.js                     0.37 kB │ gzip:     0.26 kB │ map:      1.20 kB
out/renderer/assets/octagon-C-Ji7xHG.js                                  0.37 kB │ gzip:     0.24 kB │ map:      1.01 kB
out/renderer/assets/pen-off-Ccn4GWPu.js                                  0.37 kB │ gzip:     0.27 kB │ map:      1.13 kB
out/renderer/assets/folder-open-dot-CdrLsnpC.js                          0.37 kB │ gzip:     0.28 kB │ map:      1.14 kB
out/renderer/assets/lamp-DwY8u5AG.js                                     0.37 kB │ gzip:     0.26 kB │ map:      1.13 kB
out/renderer/assets/layout-grid-BUFUmLLV.js                              0.37 kB │ gzip:     0.21 kB │ map:      1.40 kB
out/renderer/assets/map-pin-check-Dpmok-pi.js                            0.37 kB │ gzip:     0.29 kB │ map:      1.19 kB
out/renderer/assets/message-square-lock-DB1PkDpb.js                      0.37 kB │ gzip:     0.29 kB │ map:      1.25 kB
out/renderer/assets/smartphone-nfc-W8kE-RzG.js                           0.37 kB │ gzip:     0.27 kB │ map:      1.26 kB
out/renderer/assets/stone-zLJmQZcs.js                                    0.37 kB │ gzip:     0.27 kB │ map:      1.13 kB
out/renderer/assets/crown-CQJOenJc.js                                    0.37 kB │ gzip:     0.26 kB │ map:      1.08 kB
out/renderer/assets/currency-BVcvOcB2.js                                 0.37 kB │ gzip:     0.23 kB │ map:      1.42 kB
out/renderer/assets/decimals-arrow-right-ByvxQuul.js                     0.37 kB │ gzip:     0.25 kB │ map:      1.40 kB
out/renderer/assets/droplet-off-Bn9b84_P.js                              0.37 kB │ gzip:     0.28 kB │ map:      1.17 kB
out/renderer/assets/gpu-DgTJt2Wu.js                                      0.37 kB │ gzip:     0.25 kB │ map:      1.26 kB
out/renderer/assets/message-square-diff-D-a8zCA_.js                      0.37 kB │ gzip:     0.26 kB │ map:      1.25 kB
out/renderer/assets/paw-print-BaokOgX8.js                                0.37 kB │ gzip:     0.27 kB │ map:      1.29 kB
out/renderer/assets/skull-Bax6p4SS.js                                    0.37 kB │ gzip:     0.26 kB │ map:      1.24 kB
out/renderer/assets/sticky-note-x-fjtwWoIm.js                            0.37 kB │ gzip:     0.26 kB │ map:      1.22 kB
out/renderer/assets/alarm-clock-check-CNFxKuVN.js                        0.37 kB │ gzip:     0.26 kB │ map:      1.37 kB
out/renderer/assets/blinds-DbUOZ-vo.js                                   0.37 kB │ gzip:     0.25 kB │ map:      1.37 kB
out/renderer/assets/chart-bar-stacked-COErELid.js                        0.37 kB │ gzip:     0.26 kB │ map:      1.39 kB
out/renderer/assets/cuboid-DRV96HXJ.js                                   0.37 kB │ gzip:     0.26 kB │ map:      1.13 kB
out/renderer/assets/image-plus-C-bIURO0.js                               0.37 kB │ gzip:     0.26 kB │ map:      1.28 kB
out/renderer/assets/land-plot-B6nnu23p.js                                0.37 kB │ gzip:     0.26 kB │ map:      1.21 kB
out/renderer/assets/monitor-speaker-oP6pr9uT.js                          0.37 kB │ gzip:     0.28 kB │ map:      1.35 kB
out/renderer/assets/washing-machine-C4vm466d.js                          0.37 kB │ gzip:     0.28 kB │ map:      1.35 kB
out/renderer/assets/file-plus-BpkifFA5.js                                0.38 kB │ gzip:     0.26 kB │ map:      1.21 kB
out/renderer/assets/file-plus-corner-9ZDqdjiG.js                         0.38 kB │ gzip:     0.27 kB │ map:      1.24 kB
out/renderer/assets/folder-kanban-BZ9w6SlE.js                            0.38 kB │ gzip:     0.26 kB │ map:      1.23 kB
out/renderer/assets/locate-C6d8X1P4.js                                   0.38 kB │ gzip:     0.24 kB │ map:      1.42 kB
out/renderer/assets/podcast-B2ck4Wpf.js                                  0.38 kB │ gzip:     0.27 kB │ map:      1.24 kB
out/renderer/assets/shield-plus-CCoGNhRt.js                              0.38 kB │ gzip:     0.28 kB │ map:      1.15 kB
out/renderer/assets/chess-pawn-BvjsACA5.js                               0.38 kB │ gzip:     0.26 kB │ map:      1.29 kB
out/renderer/assets/copy-x-D7_XjI3Y.js                                   0.38 kB │ gzip:     0.27 kB │ map:      1.31 kB
out/renderer/assets/messages-square-rGI2c1Xx.js                          0.38 kB │ gzip:     0.26 kB │ map:      1.16 kB
out/renderer/assets/battery-plus-BPDp2KC2.js                             0.38 kB │ gzip:     0.26 kB │ map:      1.25 kB
out/renderer/assets/chart-column-stacked-Dtfpj0mo.js                     0.38 kB │ gzip:     0.26 kB │ map:      1.40 kB
out/renderer/assets/layout-dashboard-CdW1O77x.js                         0.38 kB │ gzip:     0.23 kB │ map:      1.43 kB
out/renderer/assets/monitor-off-CjxuYTRt.js                              0.38 kB │ gzip:     0.26 kB │ map:      1.25 kB
out/renderer/assets/book-up-2-D3iCXl8b.js                                0.38 kB │ gzip:     0.26 kB │ map:      1.24 kB
out/renderer/assets/book-headphones-BXOw9MwW.js                          0.38 kB │ gzip:     0.27 kB │ map:      1.30 kB
out/renderer/assets/circuit-board-DLid_yWZ.js                            0.38 kB │ gzip:     0.26 kB │ map:      1.37 kB
out/renderer/assets/copy-plus-Cyw2PDUL.js                                0.38 kB │ gzip:     0.28 kB │ map:      1.33 kB
out/renderer/assets/crosshair-CoLx3agc.js                                0.38 kB │ gzip:     0.24 kB │ map:      1.43 kB
out/renderer/assets/file-up-CR7dieCX.js                                  0.38 kB │ gzip:     0.26 kB │ map:      1.20 kB
out/renderer/assets/folder-git-VjQw7S0X.js                               0.38 kB │ gzip:     0.27 kB │ map:      1.24 kB
out/renderer/assets/metronome-DsXnRbzU.js                                0.38 kB │ gzip:     0.29 kB │ map:      1.24 kB
out/renderer/assets/notepad-text-crc3XKyC.js                             0.38 kB │ gzip:     0.24 kB │ map:      1.45 kB
out/renderer/assets/plug-zap-DcsPQFQZ.js                                 0.38 kB │ gzip:     0.26 kB │ map:      1.25 kB
out/renderer/assets/train-track-Di9oOIKR.js                              0.38 kB │ gzip:     0.23 kB │ map:      1.37 kB
out/renderer/assets/diameter-jar4G8HX.js                                 0.38 kB │ gzip:     0.25 kB │ map:      1.30 kB
out/renderer/assets/file-axis-3d-9OE1JQOV.js                             0.38 kB │ gzip:     0.27 kB │ map:      1.23 kB
out/renderer/assets/message-square-more-CSU_jQYu.js                      0.38 kB │ gzip:     0.26 kB │ map:      1.26 kB
out/renderer/assets/git-pull-request-create-arrow-CsGvt8xp.js            0.38 kB │ gzip:     0.27 kB │ map:      1.43 kB
out/renderer/assets/house-plus-UZ9pqySf.js                               0.38 kB │ gzip:     0.27 kB │ map:      1.22 kB
out/renderer/assets/orbit-C6b7uh84.js                                    0.38 kB │ gzip:     0.26 kB │ map:      1.31 kB
out/renderer/assets/sport-shoe-JIY6LWEs.js                               0.38 kB │ gzip:     0.28 kB │ map:      1.16 kB
out/renderer/assets/sticky-note-plus-CnvgZu8b.js                         0.38 kB │ gzip:     0.27 kB │ map:      1.25 kB
out/renderer/assets/LineChart-Du8BPyAM.js                                0.38 kB │ gzip:     0.27 kB │ map:      1.05 kB
out/renderer/assets/cigarette-D_jGaq9r.js                                0.38 kB │ gzip:     0.24 kB │ map:      1.25 kB
out/renderer/assets/grip-vertical-DtxJrZTF.js                            0.38 kB │ gzip:     0.20 kB │ map:      1.51 kB
out/renderer/assets/dessert-CqJPFHX3.js                                  0.38 kB │ gzip:     0.27 kB │ map:      1.17 kB
out/renderer/assets/door-closed-locked-DzT4JUxX.js                       0.38 kB │ gzip:     0.27 kB │ map:      1.35 kB
out/renderer/assets/file-output-DYxLZRlD.js                              0.38 kB │ gzip:     0.26 kB │ map:      1.24 kB
out/renderer/assets/file-x-DY0MMYqZ.js                                   0.38 kB │ gzip:     0.26 kB │ map:      1.20 kB
out/renderer/assets/folder-heart-DgmTo_dh.js                             0.38 kB │ gzip:     0.28 kB │ map:      1.14 kB
out/renderer/assets/glasses-7R7oQ77b.js                                  0.38 kB │ gzip:     0.26 kB │ map:      1.29 kB
out/renderer/assets/lightbulb-off-BqZAFTRx.js                            0.38 kB │ gzip:     0.27 kB │ map:      1.27 kB
out/renderer/assets/list-ordered-4cblUjxI.js                             0.38 kB │ gzip:     0.25 kB │ map:      1.32 kB
out/renderer/assets/monitor-play-jBGaoe3Y.js                             0.38 kB │ gzip:     0.28 kB │ map:      1.28 kB
out/renderer/assets/package-CTBAcM_a.js                                  0.38 kB │ gzip:     0.26 kB │ map:      1.22 kB
out/renderer/assets/share-2-UwewVcOU.js                                  0.38 kB │ gzip:     0.25 kB │ map:      1.40 kB
out/renderer/assets/shield-x-DvtPygVb.js                                 0.38 kB │ gzip:     0.28 kB │ map:      1.15 kB
out/renderer/assets/turtle-BiUDqMII.js                                   0.38 kB │ gzip:     0.26 kB │ map:      1.21 kB
out/renderer/assets/file-terminal-CWMXfq8t.js                            0.38 kB │ gzip:     0.26 kB │ map:      1.24 kB
out/renderer/assets/grip-horizontal-CRDVZdJx.js                          0.38 kB │ gzip:     0.20 kB │ map:      1.52 kB
out/renderer/assets/bell-plus-DV-KRuMm.js                                0.39 kB │ gzip:     0.28 kB │ map:      1.22 kB
out/renderer/assets/calendar-x-2-NC_B5cuo.js                             0.39 kB │ gzip:     0.25 kB │ map:      1.32 kB
out/renderer/assets/cookie-PrPbIPDc.js                                   0.39 kB │ gzip:     0.24 kB │ map:      1.30 kB
out/renderer/assets/file-input-2V4frW5k.js                               0.39 kB │ gzip:     0.27 kB │ map:      1.22 kB
out/renderer/assets/speech-j3FH6r2b.js                                   0.39 kB │ gzip:     0.28 kB │ map:      1.14 kB
out/renderer/assets/switch-camera-CT6TZTf_.js                            0.39 kB │ gzip:     0.26 kB │ map:      1.30 kB
out/renderer/assets/binary-C30xd0C9.js                                   0.39 kB │ gzip:     0.25 kB │ map:      1.40 kB
out/renderer/assets/card-sim-BZLPyAJw.js                                 0.39 kB │ gzip:     0.27 kB │ map:      1.27 kB
out/renderer/assets/clapperboard-BI9heYlR.js                             0.39 kB │ gzip:     0.28 kB │ map:      1.22 kB
out/renderer/assets/fullscreen-BxtG2n4x.js                               0.39 kB │ gzip:     0.27 kB │ map:      1.31 kB
out/renderer/assets/lamp-wall-down-C_EtQd_1.js                           0.39 kB │ gzip:     0.26 kB │ map:      1.20 kB
out/renderer/assets/lamp-wall-up-CEnfHmzy.js                             0.39 kB │ gzip:     0.26 kB │ map:      1.19 kB
out/renderer/assets/mic-vocal-BAXHh9GS.js                                0.39 kB │ gzip:     0.30 kB │ map:      1.22 kB
out/renderer/assets/badge-cent-Bdf45Os_.js                               0.39 kB │ gzip:     0.25 kB │ map:      1.16 kB
out/renderer/assets/badge-euro-B_pCwZeJ.js                               0.39 kB │ gzip:     0.25 kB │ map:      1.16 kB
out/renderer/assets/file-search-qGr_xPj8.js                              0.39 kB │ gzip:     0.27 kB │ map:      1.27 kB
out/renderer/assets/layout-list-DhRZIg9Y.js                              0.39 kB │ gzip:     0.24 kB │ map:      1.43 kB
out/renderer/assets/syringe-VECz1Wbw.js                                  0.39 kB │ gzip:     0.26 kB │ map:      1.30 kB
out/renderer/assets/calendar-plus-CSNUCAeJ.js                            0.39 kB │ gzip:     0.25 kB │ map:      1.33 kB
out/renderer/assets/mailbox-DFQ7VrRa.js                                  0.39 kB │ gzip:     0.28 kB │ map:      1.26 kB
out/renderer/assets/message-circle-more-Ba4WSnio.js                      0.39 kB │ gzip:     0.27 kB │ map:      1.27 kB
out/renderer/assets/parking-meter-CWL89-CC.js                            0.39 kB │ gzip:     0.26 kB │ map:      1.30 kB
out/renderer/assets/snail-ChC6Uw3Z.js                                    0.39 kB │ gzip:     0.28 kB │ map:      1.26 kB
out/renderer/assets/utensils-crossed-V6ujm0ox.js                         0.39 kB │ gzip:     0.27 kB │ map:      1.24 kB
out/renderer/assets/calendar-clock-J7jgjTRm.js                           0.39 kB │ gzip:     0.26 kB │ map:      1.38 kB
out/renderer/assets/captions-off-C1MFTSUN.js                             0.39 kB │ gzip:     0.25 kB │ map:      1.33 kB
out/renderer/assets/house-wifi-Bwlr5Ihv.js                               0.39 kB │ gzip:     0.27 kB │ map:      1.23 kB
out/renderer/assets/armchair-BnOAD8oX.js                                 0.39 kB │ gzip:     0.25 kB │ map:      1.22 kB
out/renderer/assets/watch-Cwc_bk9h.js                                    0.39 kB │ gzip:     0.27 kB │ map:      1.22 kB
out/renderer/assets/bell-off-tpsCtb-v.js                                 0.39 kB │ gzip:     0.29 kB │ map:      1.22 kB
out/renderer/assets/file-music-ZiBNcSYw.js                               0.39 kB │ gzip:     0.29 kB │ map:      1.26 kB
out/renderer/assets/folder-git-2-pbpOcnYz.js                             0.39 kB │ gzip:     0.27 kB │ map:      1.29 kB
out/renderer/assets/map-pin-plus-DQ73N4Rk.js                             0.39 kB │ gzip:     0.29 kB │ map:      1.26 kB
out/renderer/assets/src-AEHDFCS5-QmNrqfxO.js                             0.39 kB │ gzip:     0.25 kB
out/renderer/assets/trees-B0tqiwDg.js                                    0.39 kB │ gzip:     0.26 kB │ map:      1.20 kB
out/renderer/assets/birdhouse-CvWArXJ6.js                                0.39 kB │ gzip:     0.28 kB │ map:      1.35 kB
out/renderer/assets/cake-slice-CI0fgCAr.js                               0.39 kB │ gzip:     0.29 kB │ map:      1.25 kB
out/renderer/assets/clipboard-paste-Clyx7w5K.js                          0.39 kB │ gzip:     0.27 kB │ map:      1.36 kB
out/renderer/assets/square-dashed-bottom-code-BWp-Lsq5.js                0.39 kB │ gzip:     0.26 kB │ map:      1.35 kB
out/renderer/assets/folder-archive-BQrdZCJb.js                           0.39 kB │ gzip:     0.28 kB │ map:      1.28 kB
out/renderer/assets/badge-turkish-lira-Cw-WObUR.js                       0.40 kB │ gzip:     0.26 kB │ map:      1.21 kB
out/renderer/assets/clipboard-clock-T2_WS166.js                          0.40 kB │ gzip:     0.28 kB │ map:      1.38 kB
out/renderer/assets/file-search-corner-OOaxT9sb.js                       0.40 kB │ gzip:     0.29 kB │ map:      1.30 kB
out/renderer/assets/network-IE3nQkXV.js                                  0.40 kB │ gzip:     0.24 kB │ map:      1.43 kB
out/renderer/assets/sheet-ZDohCknn.js                                    0.40 kB │ gzip:     0.25 kB │ map:      1.47 kB
out/renderer/assets/alarm-clock-off-Cy5eIhmS.js                          0.40 kB │ gzip:     0.26 kB │ map:      1.35 kB
out/renderer/assets/caravan-3k1qpxHN.js                                  0.40 kB │ gzip:     0.27 kB │ map:      1.22 kB
out/renderer/assets/file-text-Mzez3u1s.js                                0.40 kB │ gzip:     0.26 kB │ map:      1.30 kB
out/renderer/assets/images-DijVc1fo.js                                   0.40 kB │ gzip:     0.29 kB │ map:      1.28 kB
out/renderer/assets/message-circle-off-DbJuQXxK.js                       0.40 kB │ gzip:     0.29 kB │ map:      1.21 kB
out/renderer/assets/calendar-arrow-up-Cq1U5Pg1.js                        0.40 kB │ gzip:     0.26 kB │ map:      1.36 kB
out/renderer/assets/circle-pile-DeeHidbu.js                              0.40 kB │ gzip:     0.21 kB │ map:      1.49 kB
out/renderer/assets/ev-charger-Dy3YCH0D.js                               0.40 kB │ gzip:     0.26 kB │ map:      1.28 kB
out/renderer/assets/map-pin-x-eRq4Z-4z.js                                0.40 kB │ gzip:     0.29 kB │ map:      1.26 kB
out/renderer/assets/square-parking-off-BtzrtcYb.js                       0.40 kB │ gzip:     0.27 kB │ map:      1.31 kB
out/renderer/assets/touchpad-off-D08DJD_8.js                             0.40 kB │ gzip:     0.26 kB │ map:      1.34 kB
out/renderer/assets/door-open-BQmBrchv.js                                0.40 kB │ gzip:     0.27 kB │ map:      1.29 kB
out/renderer/assets/file-code-DZV8RF8i.js                                0.40 kB │ gzip:     0.27 kB │ map:      1.23 kB
out/renderer/assets/file-user-DuEH2Vya.js                                0.40 kB │ gzip:     0.28 kB │ map:      1.26 kB
out/renderer/assets/milk-DaYPsUB-.js                                     0.40 kB │ gzip:     0.27 kB │ map:      1.14 kB
out/renderer/assets/scan-search-C2cE6djj.js                              0.40 kB │ gzip:     0.26 kB │ map:      1.38 kB
out/renderer/assets/tent-tree-CxnIHkxB.js                                0.40 kB │ gzip:     0.26 kB │ map:      1.41 kB
out/renderer/assets/vibrate-off-CmqLgbAL.js                              0.40 kB │ gzip:     0.27 kB │ map:      1.32 kB
out/renderer/assets/badge-russian-ruble-2yhLw_7j.js                      0.40 kB │ gzip:     0.26 kB │ map:      1.22 kB
out/renderer/assets/bird-BGjTN81L.js                                     0.40 kB │ gzip:     0.27 kB │ map:      1.30 kB
out/renderer/assets/droplets-DsnTs_r8.js                                 0.40 kB │ gzip:     0.30 kB │ map:      1.14 kB
out/renderer/assets/file-stack-DFeIp3OE.js                               0.40 kB │ gzip:     0.25 kB │ map:      1.18 kB
out/renderer/assets/flask-conical-off-BvfUoYDT.js                        0.40 kB │ gzip:     0.27 kB │ map:      1.36 kB
out/renderer/assets/hard-drive-Boey2gaj.js                               0.40 kB │ gzip:     0.26 kB │ map:      1.25 kB
out/renderer/assets/mouse-pointer-2-off-DMR3qcAR.js                      0.40 kB │ gzip:     0.29 kB │ map:      1.22 kB
out/renderer/assets/refresh-ccw-dot-CsLCGgQT.js                          0.40 kB │ gzip:     0.27 kB │ map:      1.32 kB
out/renderer/assets/sparkle-D3Te5JFo.js                                  0.40 kB │ gzip:     0.25 kB │ map:      1.03 kB
out/renderer/assets/banknote-x-B5UEc8TK.js                               0.40 kB │ gzip:     0.27 kB │ map:      1.35 kB
out/renderer/assets/gamepad-rU_Th-hF.js                                  0.40 kB │ gzip:     0.26 kB │ map:      1.47 kB
out/renderer/assets/hd-BUe_eCqm.js                                       0.40 kB │ gzip:     0.27 kB │ map:      1.31 kB
out/renderer/assets/pipette-fijScfcr.js                                  0.40 kB │ gzip:     0.27 kB │ map:      1.20 kB
out/renderer/assets/quote-C7g9unlI.js                                    0.40 kB │ gzip:     0.20 kB │ map:      1.14 kB
out/renderer/assets/radio-BKt7PoZz.js                                    0.40 kB │ gzip:     0.27 kB │ map:      1.28 kB
out/renderer/assets/signpost-BIPDokBV.js                                 0.40 kB │ gzip:     0.26 kB │ map:      1.16 kB
out/renderer/assets/briefcase-medical-DsljERSq.js                        0.40 kB │ gzip:     0.27 kB │ map:      1.42 kB
out/renderer/assets/git-branch-plus-PSBR775R.js                          0.40 kB │ gzip:     0.25 kB │ map:      1.36 kB
out/renderer/assets/id-card-lanyard-BpyCJL47.js                          0.40 kB │ gzip:     0.28 kB │ map:      1.35 kB
out/renderer/assets/printer-check-BVnCAkff.js                            0.40 kB │ gzip:     0.26 kB │ map:      1.23 kB
out/renderer/assets/smile-plus-DzmljEQ3.js                               0.40 kB │ gzip:     0.26 kB │ map:      1.41 kB
out/renderer/assets/warehouse-CyS9if0Y.js                                0.40 kB │ gzip:     0.27 kB │ map:      1.23 kB
out/renderer/assets/axe-2cA59SPQ.js                                      0.40 kB │ gzip:     0.28 kB │ map:      1.08 kB
out/renderer/assets/calendar-arrow-down-m1l5COGh.js                      0.40 kB │ gzip:     0.26 kB │ map:      1.39 kB
out/renderer/assets/cassette-tape-DoR3A325.js                            0.40 kB │ gzip:     0.28 kB │ map:      1.40 kB
out/renderer/assets/clipboard-type-DqOHMRvy.js                           0.40 kB │ gzip:     0.27 kB │ map:      1.39 kB
out/renderer/assets/folder-pen-CNGm77pE.js                               0.40 kB │ gzip:     0.29 kB │ map:      1.15 kB
out/renderer/assets/git-compare-arrows-BaXCrO3v.js                       0.40 kB │ gzip:     0.27 kB │ map:      1.43 kB
out/renderer/assets/diamond-percent-DnzrEMQx.js                          0.40 kB │ gzip:     0.26 kB │ map:      1.27 kB
out/renderer/assets/alarm-clock-plus-BS4n7zC5.js                         0.40 kB │ gzip:     0.27 kB │ map:      1.45 kB
out/renderer/assets/badge-x-tctlFSdy.js                                  0.40 kB │ gzip:     0.26 kB │ map:      1.25 kB
out/renderer/assets/beef-DhJo5q05.js                                     0.40 kB │ gzip:     0.31 kB │ map:      1.21 kB
out/renderer/assets/earth-Csy7gYHv.js                                    0.40 kB │ gzip:     0.27 kB │ map:      1.26 kB
out/renderer/assets/map-pin-pen-CUlVO-54.js                              0.40 kB │ gzip:     0.30 kB │ map:      1.21 kB
out/renderer/assets/sticky-note-off-DFNfDcti.js                          0.40 kB │ gzip:     0.27 kB │ map:      1.28 kB
out/renderer/assets/tram-front-DfOd3_vl.js                               0.40 kB │ gzip:     0.27 kB │ map:      1.45 kB
out/renderer/assets/waves-ladder-Bh8ppmDy.js                             0.40 kB │ gzip:     0.26 kB │ map:      1.32 kB
out/renderer/assets/clipboard-copy-hHlyjk88.js                           0.41 kB │ gzip:     0.28 kB │ map:      1.37 kB
out/renderer/assets/router-D2sYypH3.js                                   0.41 kB │ gzip:     0.27 kB │ map:      1.37 kB
out/renderer/assets/life-buoy-CuNOyjns.js                                0.41 kB │ gzip:     0.25 kB │ map:      1.39 kB
out/renderer/assets/luggage-D6P1cvCQ.js                                  0.41 kB │ gzip:     0.26 kB │ map:      1.33 kB
out/renderer/assets/drum-BiGdHHyO.js                                     0.41 kB │ gzip:     0.27 kB │ map:      1.41 kB
out/renderer/assets/file-lock-DJrfxDmP.js                                0.41 kB │ gzip:     0.29 kB │ map:      1.30 kB
out/renderer/assets/hospital-DsJNpmBL.js                                 0.41 kB │ gzip:     0.25 kB │ map:      1.30 kB
out/renderer/assets/image-play-_AbXLXed.js                               0.41 kB │ gzip:     0.28 kB │ map:      1.27 kB
out/renderer/assets/popcorn-BfR7e41D.js                                  0.41 kB │ gzip:     0.27 kB │ map:      1.26 kB
out/renderer/assets/badge-plus-BJPHDJxn.js                               0.41 kB │ gzip:     0.26 kB │ map:      1.27 kB
out/renderer/assets/building-2-Cd9gaBkC.js                               0.41 kB │ gzip:     0.26 kB │ map:      1.31 kB
out/renderer/assets/dice-6-DEiaE06T.js                                   0.41 kB │ gzip:     0.25 kB │ map:      1.45 kB
out/renderer/assets/message-circle-heart-u9CYvYZ4.js                     0.41 kB │ gzip:     0.30 kB │ map:      1.20 kB
out/renderer/assets/paintbrush-vertical-DuKKSAEg.js                      0.41 kB │ gzip:     0.26 kB │ map:      1.29 kB
out/renderer/assets/shuffle-BbpXA8k8.js                                  0.41 kB │ gzip:     0.26 kB │ map:      1.27 kB
out/renderer/assets/train-front-TNX40sF6.js                              0.41 kB │ gzip:     0.27 kB │ map:      1.34 kB
out/renderer/assets/align-vertical-distribute-center-W9GbQBDX.js         0.41 kB │ gzip:     0.27 kB │ map:      1.56 kB
out/renderer/assets/banknote-arrow-up-DOnmz0u0.js                        0.41 kB │ gzip:     0.27 kB │ map:      1.40 kB
out/renderer/assets/cloud-sync-DhUd714M.js                               0.41 kB │ gzip:     0.28 kB │ map:      1.29 kB
out/renderer/assets/map-pin-search-CqESm43U.js                           0.41 kB │ gzip:     0.29 kB │ map:      1.32 kB
out/renderer/assets/microscope-DEDDi4Vo.js                               0.41 kB │ gzip:     0.27 kB │ map:      1.34 kB
out/renderer/assets/banknote-arrow-down-BKFbyDPH.js                      0.41 kB │ gzip:     0.28 kB │ map:      1.41 kB
out/renderer/assets/calendar-search-BjuVgSse.js                          0.41 kB │ gzip:     0.28 kB │ map:      1.40 kB
out/renderer/assets/calendars-Bl0ajKdX.js                                0.41 kB │ gzip:     0.28 kB │ map:      1.39 kB
out/renderer/assets/file-key-AXOXWAgK.js                                 0.41 kB │ gzip:     0.29 kB │ map:      1.33 kB
out/renderer/assets/heart-off-CVjuokaZ.js                                0.41 kB │ gzip:     0.30 kB │ map:      1.21 kB
out/renderer/assets/landmark-CHPUjfIL.js                                 0.41 kB │ gzip:     0.27 kB │ map:      1.36 kB
out/renderer/assets/view-BDCJYVgt.js                                     0.41 kB │ gzip:     0.27 kB │ map:      1.25 kB
out/renderer/assets/align-horizontal-distribute-center-CkZUQOAi.js       0.41 kB │ gzip:     0.27 kB │ map:      1.58 kB
out/renderer/assets/badge-dollar-sign-3QeDaR8Z.js                        0.41 kB │ gzip:     0.26 kB │ map:      1.22 kB
out/renderer/assets/badge-info-Xea2lCPQ.js                               0.41 kB │ gzip:     0.26 kB │ map:      1.27 kB
out/renderer/assets/baggage-claim-BeGreg6c.js                            0.41 kB │ gzip:     0.28 kB │ map:      1.41 kB
out/renderer/assets/calendar-off-D0lEQqUB.js                             0.41 kB │ gzip:     0.27 kB │ map:      1.35 kB
out/renderer/assets/pencil-off-JbZfmHkI.js                               0.41 kB │ gzip:     0.29 kB │ map:      1.25 kB
out/renderer/assets/thermometer-sun-BmPewBxd.js                          0.41 kB │ gzip:     0.27 kB │ map:      1.37 kB
out/renderer/assets/cannabis-0E240AmA.js                                 0.41 kB │ gzip:     0.28 kB │ map:      1.12 kB
out/renderer/assets/expand-DL3hqXRK.js                                   0.41 kB │ gzip:     0.25 kB │ map:      1.44 kB
out/renderer/assets/octagon-minus-DsFwir7J.js                            0.41 kB │ gzip:     0.26 kB │ map:      1.14 kB
out/renderer/assets/pocket-knife-6FnIzhkr.js                             0.41 kB │ gzip:     0.28 kB │ map:      1.29 kB
out/renderer/assets/projector-DfY4bKtw.js                                0.41 kB │ gzip:     0.27 kB │ map:      1.40 kB
out/renderer/assets/shield-user-twNCqxS-.js                              0.41 kB │ gzip:     0.31 kB │ map:      1.22 kB
out/renderer/assets/badge-alert-BEDDEYS-.js                              0.41 kB │ gzip:     0.27 kB │ map:      1.28 kB
out/renderer/assets/file-heart-Bn0nWC1R.js                               0.41 kB │ gzip:     0.29 kB │ map:      1.22 kB
out/renderer/assets/locate-off-DdB8c6Z_.js                               0.41 kB │ gzip:     0.26 kB │ map:      1.40 kB
out/renderer/assets/swatch-book-CdSQbQ2C.js                              0.41 kB │ gzip:     0.28 kB │ map:      1.26 kB
out/renderer/assets/backpack-AeC8nEc2.js                                 0.42 kB │ gzip:     0.25 kB │ map:      1.29 kB
out/renderer/assets/bandage-DiVNDIF1.js                                  0.42 kB │ gzip:     0.25 kB │ map:      1.45 kB
out/renderer/assets/file-headphone-BcRS2yYJ.js                           0.42 kB │ gzip:     0.28 kB │ map:      1.25 kB
out/renderer/assets/motorbike-B1SQY0iE.js                                0.42 kB │ gzip:     0.28 kB │ map:      1.35 kB
out/renderer/assets/shield-question-mark-WOTgEuMT.js                     0.42 kB │ gzip:     0.30 kB │ map:      1.24 kB
out/renderer/assets/badge-percent-sVw8QJ-l.js                            0.42 kB │ gzip:     0.26 kB │ map:      1.27 kB
out/renderer/assets/volume-2-GEmVXCXL.js                                 0.42 kB │ gzip:     0.29 kB │ map:      1.18 kB
out/renderer/assets/volume-x-CEhARFBA.js                                 0.42 kB │ gzip:     0.29 kB │ map:      1.26 kB
out/renderer/assets/calendar-fold-18ijnZoY.js                            0.42 kB │ gzip:     0.27 kB │ map:      1.33 kB
out/renderer/assets/cloud-sun-BuCbIyIh.js                                0.42 kB │ gzip:     0.28 kB │ map:      1.34 kB
out/renderer/assets/hand-DkTIvU5O.js                                     0.42 kB │ gzip:     0.26 kB │ map:      1.24 kB
out/renderer/assets/hat-glasses-CGcf9KlY.js                              0.42 kB │ gzip:     0.28 kB │ map:      1.38 kB
out/renderer/assets/mic-off-sr-XXz3o.js                                  0.42 kB │ gzip:     0.27 kB │ map:      1.33 kB
out/renderer/assets/sun-moon-uYJ704ij.js                                 0.42 kB │ gzip:     0.29 kB │ map:      1.31 kB
out/renderer/assets/badge-swiss-franc-BEEyzCXf.js                        0.42 kB │ gzip:     0.26 kB │ map:      1.29 kB
out/renderer/assets/spline-pointer-DsBkb5tL.js                           0.42 kB │ gzip:     0.30 kB │ map:      1.33 kB
out/renderer/assets/worm-Dz8U7GTw.js                                     0.42 kB │ gzip:     0.30 kB │ map:      1.17 kB
out/renderer/assets/cloud-drizzle-CWw9qgPT.js                            0.42 kB │ gzip:     0.26 kB │ map:      1.42 kB
out/renderer/assets/jsx-runtime-Sl-DjM20.js                              0.42 kB │ gzip:     0.29 kB │ map:      1.93 kB
out/renderer/assets/fold-horizontal-C1v23BG4.js                          0.42 kB │ gzip:     0.25 kB │ map:      1.50 kB
out/renderer/assets/hand-metal-Sn7QtBtk.js                               0.42 kB │ gzip:     0.28 kB │ map:      1.26 kB
out/renderer/assets/square-centerline-dashed-horizontal-BCd7W-SO.js      0.42 kB │ gzip:     0.27 kB │ map:      1.48 kB
out/renderer/assets/candy-cane-q6iab1Ar.js                               0.42 kB │ gzip:     0.29 kB │ map:      1.33 kB
out/renderer/assets/database-search-C89UECIm.js                          0.42 kB │ gzip:     0.29 kB │ map:      1.45 kB
out/renderer/assets/hammer-BlxSRkIJ.js                                   0.42 kB │ gzip:     0.30 kB │ map:      1.18 kB
out/renderer/assets/mail-question-mark-BdFjtKTB.js                       0.42 kB │ gzip:     0.30 kB │ map:      1.30 kB
out/renderer/assets/square-centerline-dashed-vertical-Cl1hRLNK.js        0.42 kB │ gzip:     0.26 kB │ map:      1.47 kB
out/renderer/assets/unfold-horizontal-CJ9mFK3n.js                        0.42 kB │ gzip:     0.26 kB │ map:      1.51 kB
out/renderer/assets/cloud-hail-COYSJgGl.js                               0.42 kB │ gzip:     0.26 kB │ map:      1.41 kB
out/renderer/assets/file-chart-column-DBUny0gv.js                        0.42 kB │ gzip:     0.28 kB │ map:      1.36 kB
out/renderer/assets/fold-vertical-BZ-B_PWE.js                            0.42 kB │ gzip:     0.25 kB │ map:      1.49 kB
out/renderer/assets/loader-D_dw3lzl.js                                   0.42 kB │ gzip:     0.25 kB │ map:      1.48 kB
out/renderer/assets/baby-Chft2lD_.js                                     0.42 kB │ gzip:     0.28 kB │ map:      1.23 kB
out/renderer/assets/bell-electric-DQlySw_T.js                            0.42 kB │ gzip:     0.29 kB │ map:      1.48 kB
out/renderer/assets/bell-ring-ZYYi5APj.js                                0.42 kB │ gzip:     0.30 kB │ map:      1.26 kB
out/renderer/assets/scissors-line-dashed-B90PO4xJ.js                     0.42 kB │ gzip:     0.27 kB │ map:      1.52 kB
out/renderer/assets/shield-ellipsis-CuQxa9RQ.js                          0.42 kB │ gzip:     0.29 kB │ map:      1.29 kB
out/renderer/assets/sofa-DBOCubXI.js                                     0.42 kB │ gzip:     0.26 kB │ map:      1.29 kB
out/renderer/assets/test-tubes-dkZIn7m5.js                               0.42 kB │ gzip:     0.25 kB │ map:      1.35 kB
out/renderer/assets/chess-bishop-DpaN2srS.js                             0.42 kB │ gzip:     0.29 kB │ map:      1.29 kB
out/renderer/assets/circle-parking-off-BXxyBjUJ.js                       0.42 kB │ gzip:     0.29 kB │ map:      1.40 kB
out/renderer/assets/ruler-CmNSs-fd.js                                    0.42 kB │ gzip:     0.26 kB │ map:      1.30 kB
out/renderer/assets/umbrella-off-QbtcPmWp.js                             0.42 kB │ gzip:     0.29 kB │ map:      1.32 kB
out/renderer/assets/unfold-vertical-B3DtloLs.js                          0.42 kB │ gzip:     0.25 kB │ map:      1.50 kB
out/renderer/assets/chart-no-axes-combined-BeUAS7_p.js                   0.43 kB │ gzip:     0.28 kB │ map:      1.43 kB
out/renderer/assets/map-pinned-mgwQ0UUO.js                               0.43 kB │ gzip:     0.31 kB │ map:      1.26 kB
out/renderer/assets/mouse-pointer-click-htNBuoC2.js                      0.43 kB │ gzip:     0.29 kB │ map:      1.39 kB
out/renderer/assets/text-cursor-input-d44l8KAN.js                        0.43 kB │ gzip:     0.26 kB │ map:      1.33 kB
out/renderer/assets/car-front-DWYAyRAq.js                                0.43 kB │ gzip:     0.29 kB │ map:      1.42 kB
out/renderer/assets/file-image-DOuLbiIr.js                               0.43 kB │ gzip:     0.29 kB │ map:      1.29 kB
out/renderer/assets/heart-crack-B2V9-2ix.js                              0.43 kB │ gzip:     0.31 kB │ map:      1.18 kB
out/renderer/assets/piano-BYDQ2PK5.js                                    0.43 kB │ gzip:     0.27 kB │ map:      1.36 kB
out/renderer/assets/plane-takeoff-CszVR-m2.js                            0.43 kB │ gzip:     0.30 kB │ map:      1.15 kB
out/renderer/assets/shield-off-DpYWgxV_.js                               0.43 kB │ gzip:     0.30 kB │ map:      1.23 kB
out/renderer/assets/waves-arrow-up-qSiQwITj.js                           0.43 kB │ gzip:     0.25 kB │ map:      1.32 kB
out/renderer/assets/cigarette-off-DaUpsfoN.js                            0.43 kB │ gzip:     0.26 kB │ map:      1.38 kB
out/renderer/assets/cloud-moon-rain-Dcm-SVLr.js                          0.43 kB │ gzip:     0.30 kB │ map:      1.29 kB
out/renderer/assets/magnet-GHobGEQG.js                                   0.43 kB │ gzip:     0.26 kB │ map:      1.18 kB
out/renderer/assets/mail-search-D4nPK3nw.js                              0.43 kB │ gzip:     0.30 kB │ map:      1.33 kB
out/renderer/assets/save-all-BCLz0XOM.js                                 0.43 kB │ gzip:     0.27 kB │ map:      1.26 kB
out/renderer/assets/usb-2sUc-xhv.js                                      0.43 kB │ gzip:     0.28 kB │ map:      1.45 kB
out/renderer/assets/bell-check-yFGysgz8.js                               0.43 kB │ gzip:     0.30 kB │ map:      1.28 kB
out/renderer/assets/brush-cleaning-Bf47RqCl.js                           0.43 kB │ gzip:     0.28 kB │ map:      1.29 kB
out/renderer/assets/cloud-snow-c_Nhvbuy.js                               0.43 kB │ gzip:     0.26 kB │ map:      1.42 kB
out/renderer/assets/file-digit-CfScG9ZH.js                               0.43 kB │ gzip:     0.29 kB │ map:      1.38 kB
out/renderer/assets/scan-text-qYtS7p63.js                                0.43 kB │ gzip:     0.26 kB │ map:      1.42 kB
out/renderer/assets/locate-fixed-D_wd9_o0.js                             0.43 kB │ gzip:     0.25 kB │ map:      1.59 kB
out/renderer/assets/logs-DK0ZTM-V.js                                     0.43 kB │ gzip:     0.23 kB │ map:      1.51 kB
out/renderer/assets/brick-wall-6MBfktHP.js                               0.43 kB │ gzip:     0.26 kB │ map:      1.53 kB
out/renderer/assets/haze-CGsjrvRC.js                                     0.43 kB │ gzip:     0.26 kB │ map:      1.46 kB
out/renderer/assets/printer-x-DwEtJ4b-.js                                0.43 kB │ gzip:     0.27 kB │ map:      1.30 kB
out/renderer/assets/map-pin-house-DL21eTHo.js                            0.43 kB │ gzip:     0.30 kB │ map:      1.34 kB
out/renderer/assets/phone-missed-CFSVPuO0.js                             0.43 kB │ gzip:     0.28 kB │ map:      1.21 kB
out/renderer/assets/roller-coaster-CyvO-72w.js                           0.43 kB │ gzip:     0.27 kB │ map:      1.44 kB
out/renderer/assets/waypoints-BI--67Yp.js                                0.43 kB │ gzip:     0.25 kB │ map:      1.55 kB
out/renderer/assets/aperture-CwCJxWgT.js                                 0.43 kB │ gzip:     0.28 kB │ map:      1.45 kB
out/renderer/assets/badge-question-mark-r-raZ544.js                      0.43 kB │ gzip:     0.28 kB │ map:      1.29 kB
out/renderer/assets/bot-message-square-pbwBlFq2.js                       0.43 kB │ gzip:     0.27 kB │ map:      1.45 kB
out/renderer/assets/dices-NMuQH4XM.js                                    0.43 kB │ gzip:     0.28 kB │ map:      1.42 kB
out/renderer/assets/kayak-ChVvDBl8.js                                    0.43 kB │ gzip:     0.28 kB │ map:      1.25 kB
out/renderer/assets/package-minus-BJ-VSTmE.js                            0.43 kB │ gzip:     0.29 kB │ map:      1.35 kB
out/renderer/assets/truck-BrvmDCfk.js                                    0.43 kB │ gzip:     0.29 kB │ map:      1.36 kB
out/renderer/assets/badge-indian-rupee-D_SR_CtT.js                       0.43 kB │ gzip:     0.27 kB │ map:      1.31 kB
out/renderer/assets/car-8bXgPWaD.js                                      0.43 kB │ gzip:     0.31 kB │ map:      1.29 kB
out/renderer/assets/cherry-AopyHzcg.js                                   0.43 kB │ gzip:     0.28 kB │ map:      1.22 kB
out/renderer/assets/factory-CFVcGSGo.js                                  0.43 kB │ gzip:     0.27 kB │ map:      1.25 kB
out/renderer/assets/file-chart-column-increasing-D5p-KSEb.js             0.43 kB │ gzip:     0.28 kB │ map:      1.42 kB
out/renderer/assets/film-NZx1EeIM.js                                     0.43 kB │ gzip:     0.26 kB │ map:      1.51 kB
out/renderer/assets/fire-extinguisher-ncJoYc1a.js                        0.43 kB │ gzip:     0.28 kB │ map:      1.40 kB
out/renderer/assets/phone-incoming-dJYhl-Xd.js                           0.43 kB │ gzip:     0.29 kB │ map:      1.23 kB
out/renderer/assets/scan-barcode-BU90IXpB.js                             0.43 kB │ gzip:     0.26 kB │ map:      1.44 kB
out/renderer/assets/tower-control-D2DvHvey.js                            0.43 kB │ gzip:     0.28 kB │ map:      1.45 kB
out/renderer/assets/anvil-cugiZyfE.js                                    0.43 kB │ gzip:     0.26 kB │ map:      1.31 kB
out/renderer/assets/file-play-lV-YTxtb.js                                0.43 kB │ gzip:     0.29 kB │ map:      1.24 kB
out/renderer/assets/hamburger-C9BUGpUW.js                                0.43 kB │ gzip:     0.28 kB │ map:      1.27 kB
out/renderer/assets/phone-outgoing-C_W17858.js                           0.43 kB │ gzip:     0.29 kB │ map:      1.23 kB
out/renderer/assets/scan-heart-BV2Vo3wG.js                               0.43 kB │ gzip:     0.28 kB │ map:      1.34 kB
out/renderer/assets/squirrel-BVFEFciU.js                                 0.43 kB │ gzip:     0.29 kB │ map:      1.26 kB
out/renderer/assets/piggy-bank-BvyLWxyU.js                               0.44 kB │ gzip:     0.28 kB │ map:      1.21 kB
out/renderer/assets/plane-landing-BcL3YL_y.js                            0.44 kB │ gzip:     0.32 kB │ map:      1.16 kB
out/renderer/assets/sliders-horizontal-CmMFR9Kb.js                       0.44 kB │ gzip:     0.25 kB │ map:      1.60 kB
out/renderer/assets/align-center-vertical-B1-VCj9L.js                    0.44 kB │ gzip:     0.27 kB │ map:      1.36 kB
out/renderer/assets/map-3GNoy3se.js                                      0.44 kB │ gzip:     0.28 kB │ map:      1.19 kB
out/renderer/assets/phone-forwarded-sHFgrow8.js                          0.44 kB │ gzip:     0.29 kB │ map:      1.24 kB
out/renderer/assets/shopping-basket-DAICYKs1.js                          0.44 kB │ gzip:     0.28 kB │ map:      1.45 kB
out/renderer/assets/toolbox-Bq2UJJH6.js                                  0.44 kB │ gzip:     0.27 kB │ map:      1.32 kB
out/renderer/assets/clipboard-list-BXc5tZHV.js                           0.44 kB │ gzip:     0.28 kB │ map:      1.49 kB
out/renderer/assets/shelving-unit-Ch3DaMbH.js                            0.44 kB │ gzip:     0.26 kB │ map:      1.44 kB
out/renderer/assets/sticker-TxOWSuur.js                                  0.44 kB │ gzip:     0.28 kB │ map:      1.32 kB
out/renderer/assets/wifi-pen-rHv9S0Ak.js                                 0.44 kB │ gzip:     0.30 kB │ map:      1.27 kB
out/renderer/assets/zap-off-BofhLfb4.js                                  0.44 kB │ gzip:     0.30 kB │ map:      1.26 kB
out/renderer/assets/align-center-horizontal-BnUI1ZVS.js                  0.44 kB │ gzip:     0.27 kB │ map:      1.37 kB
out/renderer/assets/badge-pound-sterling--d67uacl.js                     0.44 kB │ gzip:     0.27 kB │ map:      1.33 kB
out/renderer/assets/notebook-text-CmJJcvIK.js                            0.44 kB │ gzip:     0.27 kB │ map:      1.56 kB
out/renderer/assets/server-crash-CMSTvWqU.js                             0.44 kB │ gzip:     0.26 kB │ map:      1.38 kB
out/renderer/assets/book-open-text-Dn17juoH.js                           0.44 kB │ gzip:     0.26 kB │ map:      1.43 kB
out/renderer/assets/cable-car-DQBt1gQC.js                                0.44 kB │ gzip:     0.28 kB │ map:      1.54 kB
out/renderer/assets/octagon-alert-D3W9juPQ.js                            0.44 kB │ gzip:     0.26 kB │ map:      1.24 kB
out/renderer/assets/calendar-range-DyKVPt7U.js                           0.44 kB │ gzip:     0.28 kB │ map:      1.57 kB
out/renderer/assets/carrot-mYCNQ09D.js                                   0.44 kB │ gzip:     0.30 kB │ map:      1.20 kB
out/renderer/assets/eye-off-D8dr7JVV.js                                  0.44 kB │ gzip:     0.28 kB │ map:      1.31 kB
out/renderer/assets/hand-coins-DIwXHIgZ.js                               0.44 kB │ gzip:     0.31 kB │ map:      1.40 kB
out/renderer/assets/package-check-BcjqnJ9V.js                            0.44 kB │ gzip:     0.30 kB │ map:      1.36 kB
out/renderer/assets/flashlight-off-CIq4xx8t.js                           0.44 kB │ gzip:     0.30 kB │ map:      1.38 kB
out/renderer/assets/spotlight-BLgQ3K2X.js                                0.44 kB │ gzip:     0.30 kB │ map:      1.34 kB
out/renderer/assets/tags-BSXGzWBe.js                                     0.44 kB │ gzip:     0.30 kB │ map:      1.25 kB
out/renderer/assets/transgender-I5Kd7wFW.js                              0.44 kB │ gzip:     0.27 kB │ map:      1.53 kB
out/renderer/assets/briefcase-conveyor-belt-CtjqD1rU.js                  0.44 kB │ gzip:     0.28 kB │ map:      1.55 kB
out/renderer/assets/camera-off-2heKYfAw.js                               0.44 kB │ gzip:     0.30 kB │ map:      1.30 kB
out/renderer/assets/headphone-off-PjC9pIwy.js                            0.44 kB │ gzip:     0.28 kB │ map:      1.36 kB
out/renderer/assets/map-minus-5sEaJcWL.js                                0.44 kB │ gzip:     0.29 kB │ map:      1.27 kB
out/renderer/assets/chart-candlestick-0-XNX8AG.js                        0.44 kB │ gzip:     0.29 kB │ map:      1.58 kB
out/renderer/assets/construction-BVTQXJtO.js                             0.44 kB │ gzip:     0.28 kB │ map:      1.57 kB
out/renderer/assets/biceps-flexed-CkmjcXOQ.js                            0.45 kB │ gzip:     0.32 kB │ map:      1.24 kB
out/renderer/assets/boom-box-bKDOJhB1.js                                 0.45 kB │ gzip:     0.28 kB │ map:      1.54 kB
out/renderer/assets/castle-CXGKc4Gu.js                                   0.45 kB │ gzip:     0.27 kB │ map:      1.48 kB
out/renderer/assets/clover-BW_Uougk.js                                   0.45 kB │ gzip:     0.26 kB │ map:      1.20 kB
out/renderer/assets/file-type-corner-CZb3MBe6.js                         0.45 kB │ gzip:     0.29 kB │ map:      1.38 kB
out/renderer/assets/ruler-dimension-line-iyjRzTA8.js                     0.45 kB │ gzip:     0.27 kB │ map:      1.60 kB
out/renderer/assets/sunrise-DCJ-0I_y.js                                  0.45 kB │ gzip:     0.27 kB │ map:      1.49 kB
out/renderer/assets/sunset-B_sS6qU-.js                                   0.45 kB │ gzip:     0.27 kB │ map:      1.48 kB
out/renderer/assets/calendar-heart-UIZwXAvC.js                           0.45 kB │ gzip:     0.29 kB │ map:      1.38 kB
out/renderer/assets/file-signal-Ga-VqK-E.js                              0.45 kB │ gzip:     0.29 kB │ map:      1.35 kB
out/renderer/assets/ham-WfXqYBHt.js                                      0.45 kB │ gzip:     0.28 kB │ map:      1.29 kB
out/renderer/assets/house-plug-CJYHs5Pt.js                               0.45 kB │ gzip:     0.27 kB │ map:      1.30 kB
out/renderer/assets/layers-9M0Zeiny.js                                   0.45 kB │ gzip:     0.26 kB │ map:      1.27 kB
out/renderer/assets/scan-face-DGwC-Hak.js                                0.45 kB │ gzip:     0.27 kB │ map:      1.44 kB
out/renderer/assets/bot-off-DUYOEuiX.js                                  0.45 kB │ gzip:     0.27 kB │ map:      1.43 kB
out/renderer/assets/chunk-FOC6F5B3-DrmOweNR.js                           0.45 kB │ gzip:     0.31 kB │ map:      1.94 kB
out/renderer/assets/octagon-x-D_edfYDH.js                                0.45 kB │ gzip:     0.28 kB │ map:      1.22 kB
out/renderer/assets/sliders-vertical-BLE9kw79.js                         0.45 kB │ gzip:     0.26 kB │ map:      1.59 kB
out/renderer/assets/phone-call-CpcWtWpt.js                               0.45 kB │ gzip:     0.29 kB │ map:      1.23 kB
out/renderer/assets/wine-off-fGBqlnQH.js                                 0.45 kB │ gzip:     0.32 kB │ map:      1.38 kB
out/renderer/assets/alarm-smoke-Cy9xQNg9.js                              0.45 kB │ gzip:     0.27 kB │ map:      1.34 kB
out/renderer/assets/barrel-DWfma75o.js                                   0.45 kB │ gzip:     0.26 kB │ map:      1.34 kB
out/renderer/assets/clock-fading-DQkqZT6d.js                             0.45 kB │ gzip:     0.28 kB │ map:      1.40 kB
out/renderer/assets/file-sliders-C6xOPhKZ.js                             0.45 kB │ gzip:     0.28 kB │ map:      1.42 kB
out/renderer/assets/folder-sync-BGe31x-Y.js                              0.45 kB │ gzip:     0.29 kB │ map:      1.36 kB
out/renderer/assets/group-D8N33AEO.js                                    0.45 kB │ gzip:     0.29 kB │ map:      1.47 kB
out/renderer/assets/file-pen-DQpMcbFD.js                                 0.45 kB │ gzip:     0.31 kB │ map:      1.25 kB
out/renderer/assets/file-type-COkQxDpH.js                                0.45 kB │ gzip:     0.29 kB │ map:      1.35 kB
out/renderer/assets/octagon-pause-BRJdJv9-.js                            0.45 kB │ gzip:     0.27 kB │ map:      1.24 kB
out/renderer/assets/unplug-DVDlx9Ut.js                                   0.45 kB │ gzip:     0.27 kB │ map:      1.41 kB
out/renderer/assets/clipboard-pen-oeIFEYp5.js                            0.45 kB │ gzip:     0.31 kB │ map:      1.36 kB
out/renderer/assets/megaphone-off-omhUAywJ.js                            0.45 kB │ gzip:     0.30 kB │ map:      1.35 kB
out/renderer/assets/chunk-2KRD3SAO-B6CvF6fU.js                           0.45 kB │ gzip:     0.31 kB │ map:      1.93 kB
out/renderer/assets/file-spreadsheet-DjCrKYZj.js                         0.45 kB │ gzip:     0.28 kB │ map:      1.45 kB
out/renderer/assets/repeat-off-73dmjqps.js                               0.45 kB │ gzip:     0.29 kB │ map:      1.45 kB
out/renderer/assets/bean-off-vmcrU3f_.js                                 0.46 kB │ gzip:     0.32 kB │ map:      1.36 kB
out/renderer/assets/van-GcPfqmbT.js                                      0.46 kB │ gzip:     0.30 kB │ map:      1.39 kB
out/renderer/assets/chunk-67CJDMHE-CAOPzSbE.js                           0.46 kB │ gzip:     0.31 kB │ map:      1.98 kB
out/renderer/assets/chunk-KGLVRYIC-v2nQqOgo.js                           0.46 kB │ gzip:     0.31 kB │ map:      1.92 kB
out/renderer/assets/badge-japanese-yen-CNF_1FfV.js                       0.46 kB │ gzip:     0.27 kB │ map:      1.39 kB
out/renderer/assets/file-archive-BG91ThZc.js                             0.46 kB │ gzip:     0.30 kB │ map:      1.46 kB
out/renderer/assets/wand-D6rlX4h7.js                                     0.46 kB │ gzip:     0.27 kB │ map:      1.55 kB
out/renderer/assets/shredder-CW1huw3J.js                                 0.46 kB │ gzip:     0.28 kB │ map:      1.47 kB
out/renderer/assets/atom-kRubnAy0.js                                     0.46 kB │ gzip:     0.30 kB │ map:      1.27 kB
out/renderer/assets/database-backup-Cyn8cKMO.js                          0.46 kB │ gzip:     0.31 kB │ map:      1.49 kB
out/renderer/assets/milk-off-BFKal8mL.js                                 0.46 kB │ gzip:     0.31 kB │ map:      1.33 kB
out/renderer/assets/replace-CgItDsXv.js                                  0.46 kB │ gzip:     0.29 kB │ map:      1.50 kB
out/renderer/assets/route-off-DbRvAsnm.js                                0.46 kB │ gzip:     0.30 kB │ map:      1.50 kB
out/renderer/assets/chart-network-B_KNLaK9.js                            0.46 kB │ gzip:     0.29 kB │ map:      1.56 kB
out/renderer/assets/chess-rook-BnJLm2kn.js                               0.46 kB │ gzip:     0.27 kB │ map:      1.47 kB
out/renderer/assets/combine-xyYuhVPs.js                                  0.46 kB │ gzip:     0.27 kB │ map:      1.49 kB
out/renderer/assets/medal-tBaQNTkq.js                                    0.46 kB │ gzip:     0.30 kB │ map:      1.43 kB
out/renderer/assets/rocket-gdLbYceO.js                                   0.46 kB │ gzip:     0.31 kB │ map:      1.33 kB
out/renderer/assets/church-46XA5BG9.js                                   0.46 kB │ gzip:     0.30 kB │ map:      1.38 kB
out/renderer/assets/keyboard-DLA94ZgM.js                                 0.46 kB │ gzip:     0.26 kB │ map:      1.64 kB
out/renderer/assets/traffic-cone-CrhhR9A0.js                             0.46 kB │ gzip:     0.31 kB │ map:      1.32 kB
out/renderer/assets/ear-off-Cx7iwP16.js                                  0.47 kB │ gzip:     0.32 kB │ map:      1.36 kB
out/renderer/assets/sandwich-CGlsxmlo.js                                 0.47 kB │ gzip:     0.31 kB │ map:      1.38 kB
out/renderer/assets/car-taxi-front-C4s7-RlF.js                           0.47 kB │ gzip:     0.31 kB │ map:      1.55 kB
out/renderer/assets/leafy-green-DfJpxX22.js                              0.47 kB │ gzip:     0.32 kB │ map:      1.18 kB
out/renderer/assets/rabbit-B5qvERAz.js                                   0.47 kB │ gzip:     0.31 kB │ map:      1.35 kB
out/renderer/assets/radio-off-xq311YdG.js                                0.47 kB │ gzip:     0.30 kB │ map:      1.40 kB
out/renderer/assets/rat-BeWKcvTe.js                                      0.47 kB │ gzip:     0.31 kB │ map:      1.34 kB
out/renderer/assets/fence-BP37AM-L.js                                    0.47 kB │ gzip:     0.25 kB │ map:      1.44 kB
out/renderer/assets/file-video-camera-BUw_Lba7.js                        0.47 kB │ gzip:     0.33 kB │ map:      1.43 kB
out/renderer/assets/flower-2-FfPrIJh7.js                                 0.47 kB │ gzip:     0.30 kB │ map:      1.39 kB
out/renderer/assets/pizza-C79XJoG9.js                                    0.47 kB │ gzip:     0.30 kB │ map:      1.35 kB
out/renderer/assets/squares-subtract-3EgTfaOg.js                         0.47 kB │ gzip:     0.27 kB │ map:      1.47 kB
out/renderer/assets/chess-king-S5yYkeb8.js                               0.47 kB │ gzip:     0.32 kB │ map:      1.32 kB
out/renderer/assets/notebook-tabs-B10lgW1Z.js                            0.47 kB │ gzip:     0.28 kB │ map:      1.65 kB
out/renderer/assets/rose-D_FoUXMI.js                                     0.47 kB │ gzip:     0.33 kB │ map:      1.39 kB
out/renderer/assets/shrimp-C-JYWwhN.js                                   0.47 kB │ gzip:     0.31 kB │ map:      1.36 kB
out/renderer/assets/handshake-B86FTgXP.js                                0.47 kB │ gzip:     0.30 kB │ map:      1.37 kB
out/renderer/assets/package-plus-CdW5Kjl5.js                             0.47 kB │ gzip:     0.30 kB │ map:      1.45 kB
out/renderer/assets/container-Cr8-UIvH.js                                0.47 kB │ gzip:     0.31 kB │ map:      1.37 kB
out/renderer/assets/server-off-CVxXMSbN.js                               0.47 kB │ gzip:     0.29 kB │ map:      1.41 kB
out/renderer/assets/hand-grab-CNdrkwZJ.js                                0.47 kB │ gzip:     0.26 kB │ map:      1.36 kB
out/renderer/assets/phone-off-Cu-x0NV0.js                                0.47 kB │ gzip:     0.30 kB │ map:      1.28 kB
out/renderer/assets/amphora-DYjKseX0.js                                  0.48 kB │ gzip:     0.29 kB │ map:      1.41 kB
out/renderer/assets/bus-front-atHSIPC-.js                                0.48 kB │ gzip:     0.29 kB │ map:      1.64 kB
out/renderer/assets/footprints-DoIGAK5h.js                               0.48 kB │ gzip:     0.32 kB │ map:      1.35 kB
out/renderer/assets/forklift-WNkZBid0.js                                 0.48 kB │ gzip:     0.30 kB │ map:      1.55 kB
out/renderer/assets/train-front-tunnel-B9nUyz-z.js                       0.48 kB │ gzip:     0.30 kB │ map:      1.51 kB
out/renderer/assets/file-pen-line-DoiPj272.js                            0.48 kB │ gzip:     0.31 kB │ map:      1.38 kB
out/renderer/assets/keyboard-music-97WbAVud.js                           0.48 kB │ gzip:     0.28 kB │ map:      1.67 kB
out/renderer/assets/shovel-DhcGSSKX.js                                   0.48 kB │ gzip:     0.31 kB │ map:      1.27 kB
out/renderer/assets/package-x-DJ6tPLEq.js                                0.48 kB │ gzip:     0.31 kB │ map:      1.44 kB
out/renderer/assets/panel-top-bottom-dashed-BjdfIvI1.js                  0.48 kB │ gzip:     0.28 kB │ map:      1.71 kB
out/renderer/assets/sticky-notes-DDjCFLyq.js                             0.48 kB │ gzip:     0.27 kB │ map:      1.36 kB
out/renderer/assets/tickets-plane-LqPu1mGw.js                            0.48 kB │ gzip:     0.32 kB │ map:      1.54 kB
out/renderer/assets/volleyball-DOcSinT_.js                               0.48 kB │ gzip:     0.30 kB │ map:      1.44 kB
out/renderer/assets/bus-FIDUNtPP.js                                      0.48 kB │ gzip:     0.31 kB │ map:      1.52 kB
out/renderer/assets/helicopter-Bm4o4DGw.js                               0.48 kB │ gzip:     0.28 kB │ map:      1.55 kB
out/renderer/assets/map-plus-DGdmWdjF.js                                 0.48 kB │ gzip:     0.31 kB │ map:      1.37 kB
out/renderer/assets/radio-tower-HQABMh2f.js                              0.48 kB │ gzip:     0.31 kB │ map:      1.51 kB
out/renderer/assets/key-square-CBe5EB4M.js                               0.48 kB │ gzip:     0.30 kB │ map:      1.29 kB
out/renderer/assets/school-efyqS7RA.js                                   0.48 kB │ gzip:     0.31 kB │ map:      1.45 kB
out/renderer/assets/square-scissors-BDl77Z0I.js                          0.48 kB │ gzip:     0.30 kB │ map:      1.67 kB
out/renderer/assets/image-off-92JEnFMz.js                                0.48 kB │ gzip:     0.30 kB │ map:      1.58 kB
out/renderer/assets/pen-tool-B4uwrgty.js                                 0.48 kB │ gzip:     0.31 kB │ map:      1.39 kB
out/renderer/assets/file-badge-BUGHId_K.js                               0.48 kB │ gzip:     0.33 kB │ map:      1.38 kB
out/renderer/assets/panel-left-right-dashed-Dv_HgR7I.js                  0.48 kB │ gzip:     0.28 kB │ map:      1.71 kB
out/renderer/assets/sun-Cemt19QY.js                                      0.48 kB │ gzip:     0.27 kB │ map:      1.61 kB
out/renderer/assets/heart-handshake-sz5NdvER.js                          0.48 kB │ gzip:     0.32 kB │ map:      1.16 kB
out/renderer/assets/cat-M1iayEFr.js                                      0.49 kB │ gzip:     0.33 kB │ map:      1.29 kB
out/renderer/assets/earth-lock-DEPg78rj.js                               0.49 kB │ gzip:     0.31 kB │ map:      1.48 kB
out/renderer/assets/origami-DbMfhIGZ.js                                  0.49 kB │ gzip:     0.32 kB │ map:      1.28 kB
out/renderer/assets/waves-arrow-down-BeNhqX7M.js                         0.49 kB │ gzip:     0.31 kB │ map:      1.39 kB
out/renderer/assets/pointer-OaDhCW52.js                                  0.49 kB │ gzip:     0.29 kB │ map:      1.38 kB
out/renderer/assets/wifi-off-DFAMt4Ih.js                                 0.49 kB │ gzip:     0.29 kB │ map:      1.47 kB
out/renderer/assets/scan-eye-Bf7tpOE1.js                                 0.49 kB │ gzip:     0.30 kB │ map:      1.47 kB
out/renderer/assets/chess-knight-D-M9iLq5.js                             0.49 kB │ gzip:     0.32 kB │ map:      1.42 kB
out/renderer/assets/circle-fading-plus-BuzlktXV.js                       0.49 kB │ gzip:     0.29 kB │ map:      1.53 kB
out/renderer/assets/file-braces-corner-CblTAaGk.js                       0.49 kB │ gzip:     0.29 kB │ map:      1.40 kB
out/renderer/assets/message-square-heart-BxKRBpZC.js                     0.49 kB │ gzip:     0.33 kB │ map:      1.28 kB
out/renderer/assets/tree-palm-DQNsxsyg.js                                0.49 kB │ gzip:     0.34 kB │ map:      1.34 kB
out/renderer/assets/file-scan-Blka3U5t.js                                0.49 kB │ gzip:     0.29 kB │ map:      1.45 kB
out/renderer/assets/beer-DLUaLB3T.js                                     0.49 kB │ gzip:     0.31 kB │ map:      1.37 kB
out/renderer/assets/cloud-sun-rain-D6iX2VAY.js                           0.49 kB │ gzip:     0.30 kB │ map:      1.57 kB
out/renderer/assets/file-chart-pie-B-LqsCin.js                           0.49 kB │ gzip:     0.33 kB │ map:      1.39 kB
out/renderer/assets/sun-dim-BUOtwsjN.js                                  0.49 kB │ gzip:     0.27 kB │ map:      1.63 kB
out/renderer/assets/tooltipContext-ByhFuvkv.js                           0.49 kB │ gzip:     0.27 kB │ map:      2.95 kB
out/renderer/assets/chunk-CIAEETIT-DhpUrwuv.js                           0.50 kB │ gzip:     0.35 kB │ map:      2.06 kB
out/renderer/assets/ferris-wheel-BJm2ClDf.js                             0.50 kB │ gzip:     0.30 kB │ map:      1.66 kB
out/renderer/assets/file-braces-DDr8gyxU.js                              0.50 kB │ gzip:     0.29 kB │ map:      1.37 kB
out/renderer/assets/hand-platter-B58V0S4A.js                             0.50 kB │ gzip:     0.33 kB │ map:      1.47 kB
out/renderer/assets/save-off-nrvKo4mo.js                                 0.50 kB │ gzip:     0.31 kB │ map:      1.50 kB
out/renderer/assets/siren-21HEVyu7.js                                    0.50 kB │ gzip:     0.29 kB │ map:      1.55 kB
out/renderer/assets/soap-dispenser-droplet-BQybW2BZ.js                   0.50 kB │ gzip:     0.33 kB │ map:      1.43 kB
out/renderer/assets/package-search-BO_jo9tG.js                           0.50 kB │ gzip:     0.33 kB │ map:      1.51 kB
out/renderer/assets/settings-BN2_fyNm.js                                 0.50 kB │ gzip:     0.27 kB │ map:      1.24 kB
out/renderer/assets/star-lsUGi00H.js                                     0.50 kB │ gzip:     0.31 kB │ map:      1.12 kB
out/renderer/assets/wifi-sync-XB6fehJf.js                                0.50 kB │ gzip:     0.30 kB │ map:      1.49 kB
out/renderer/assets/circle-fading-arrow-up-BUGR4mOC.js                   0.50 kB │ gzip:     0.30 kB │ map:      1.56 kB
out/renderer/assets/clipboard-pen-line-BR_f8TXf.js                       0.50 kB │ gzip:     0.32 kB │ map:      1.51 kB
out/renderer/assets/thermometer-snowflake-D6vcy7HY.js                    0.50 kB │ gzip:     0.32 kB │ map:      1.62 kB
out/renderer/assets/map-pin-off-DeNfcBE6.js                              0.50 kB │ gzip:     0.33 kB │ map:      1.41 kB
out/renderer/assets/microchip-xiaQHe0N.js                                0.50 kB │ gzip:     0.28 kB │ map:      1.73 kB
out/renderer/assets/notebook-pen-DaK9DLNf.js                             0.50 kB │ gzip:     0.30 kB │ map:      1.47 kB
out/renderer/assets/salad-Cv2QHREr.js                                    0.50 kB │ gzip:     0.30 kB │ map:      1.38 kB
out/renderer/assets/square-dashed-top-solid-C6tLoQsy.js                  0.50 kB │ gzip:     0.27 kB │ map:      1.68 kB
out/renderer/assets/trophy-Bj7gaben.js                                   0.50 kB │ gzip:     0.29 kB │ map:      1.42 kB
out/renderer/assets/volume-off-B2lCq9Yr.js                               0.50 kB │ gzip:     0.33 kB │ map:      1.40 kB
out/renderer/assets/lamp-desk-D_CeNVsO.js                                0.50 kB │ gzip:     0.32 kB │ map:      1.35 kB
out/renderer/assets/image-upscale-C4euJ5t2.js                            0.50 kB │ gzip:     0.31 kB │ map:      1.63 kB
out/renderer/assets/cable-X_twg0y_.js                                    0.51 kB │ gzip:     0.28 kB │ map:      1.52 kB
out/renderer/assets/calendar-days-DM_SqD2j.js                            0.51 kB │ gzip:     0.27 kB │ map:      1.77 kB
out/renderer/assets/folder-tree-MEddOu9h.js                              0.51 kB │ gzip:     0.28 kB │ map:      1.38 kB
out/renderer/assets/ship-q06YTHJz.js                                     0.51 kB │ gzip:     0.30 kB │ map:      1.41 kB
out/renderer/assets/sparkles-CqInG2av.js                                 0.51 kB │ gzip:     0.29 kB │ map:      1.37 kB
out/renderer/assets/webhook-off-DVTXo33N.js                              0.51 kB │ gzip:     0.32 kB │ map:      1.51 kB
out/renderer/assets/circle-star-Cot1qYXi.js                              0.51 kB │ gzip:     0.33 kB │ map:      1.25 kB
out/renderer/assets/solar-panel-BNcN9NIu.js                              0.51 kB │ gzip:     0.32 kB │ map:      1.54 kB
out/renderer/assets/sun-medium-DIakumCn.js                               0.51 kB │ gzip:     0.29 kB │ map:      1.65 kB
out/renderer/assets/layers-plus-VPFX4Qes.js                              0.51 kB │ gzip:     0.30 kB │ map:      1.41 kB
out/renderer/assets/store-H1vw-L-X.js                                    0.51 kB │ gzip:     0.29 kB │ map:      1.28 kB
out/renderer/assets/blender-BDKu-0Rt.js                                  0.51 kB │ gzip:     0.32 kB │ map:      1.46 kB
out/renderer/assets/cake-C5x94w1x.js                                     0.51 kB │ gzip:     0.28 kB │ map:      1.60 kB
out/renderer/assets/drill-CQ4RFnMr.js                                    0.51 kB │ gzip:     0.29 kB │ map:      1.47 kB
out/renderer/assets/pointer-off-v_P4IG0L.js                              0.52 kB │ gzip:     0.32 kB │ map:      1.50 kB
out/renderer/assets/scan-qr-code-D0bgw7my.js                             0.52 kB │ gzip:     0.31 kB │ map:      1.64 kB
out/renderer/assets/calendar-sync-CnK1s359.js                            0.52 kB │ gzip:     0.30 kB │ map:      1.59 kB
out/renderer/assets/cctv-DxmTpHWa.js                                     0.52 kB │ gzip:     0.32 kB │ map:      1.42 kB
out/renderer/assets/palette-CAToWYFa.js                                  0.52 kB │ gzip:     0.28 kB │ map:      1.59 kB
out/renderer/assets/square-star-Bb5oGvTQ.js                              0.52 kB │ gzip:     0.34 kB │ map:      1.29 kB
out/renderer/assets/hand-heart-DzyzEkLr.js                               0.52 kB │ gzip:     0.35 kB │ map:      1.39 kB
out/renderer/assets/shower-head-CjsV5Eb8.js                              0.52 kB │ gzip:     0.28 kB │ map:      1.70 kB
out/renderer/assets/wand-sparkles-BY03Lvdh.js                            0.52 kB │ gzip:     0.30 kB │ map:      1.64 kB
out/renderer/assets/broccoli-Bx_l3gMj.js                                 0.53 kB │ gzip:     0.34 kB │ map:      1.39 kB
out/renderer/assets/zodiac-aquarius-BDIqmQvf.js                          0.53 kB │ gzip:     0.26 kB │ map:      1.30 kB
out/renderer/assets/chunk-EDXVE4YY-CWAEcFFI.js                           0.53 kB │ gzip:     0.37 kB │ map:      2.00 kB
out/renderer/assets/chart-scatter-BgKgAXUV.js                            0.53 kB │ gzip:     0.27 kB │ map:      1.69 kB
out/renderer/assets/radar-F_DcvDGZ.js                                    0.53 kB │ gzip:     0.32 kB │ map:      1.59 kB
out/renderer/assets/refresh-cw-off-IcSr1ogk.js                           0.53 kB │ gzip:     0.33 kB │ map:      1.54 kB
out/renderer/assets/grip-D_qGClqn.js                                     0.53 kB │ gzip:     0.24 kB │ map:      1.87 kB
out/renderer/assets/hotel-BTUPHUzS.js                                    0.53 kB │ gzip:     0.30 kB │ map:      1.74 kB
out/renderer/assets/brick-wall-fire-19FRA7IO.js                          0.53 kB │ gzip:     0.33 kB │ map:      1.60 kB
out/renderer/assets/codeowners-BUS1U_DW.js                               0.54 kB │ gzip:     0.31 kB │ map:      1.04 kB
out/renderer/assets/codeowners-BbyHbR6R.js                               0.54 kB │ gzip:     0.31 kB │ map:      1.06 kB
out/renderer/assets/dam-CReGjJ0t.js                                      0.54 kB │ gzip:     0.30 kB │ map:      1.53 kB
out/renderer/assets/panda-yYjDorCW.js                                    0.54 kB │ gzip:     0.33 kB │ map:      1.48 kB
out/renderer/assets/unlink-B7tKp1yC.js                                   0.54 kB │ gzip:     0.30 kB │ map:      1.70 kB
out/renderer/assets/file-volume-DUK53RE6.js                              0.54 kB │ gzip:     0.33 kB │ map:      1.42 kB
out/renderer/assets/ambulance-BElnrZsP.js                                0.54 kB │ gzip:     0.33 kB │ map:      1.62 kB
out/renderer/assets/ship-wheel-DWFv7vmJ.js                               0.55 kB │ gzip:     0.31 kB │ map:      1.78 kB
out/renderer/assets/star-off-D5t7rh2b.js                                 0.55 kB │ gzip:     0.35 kB │ map:      1.34 kB
out/renderer/assets/university-CyYVe9Je.js                               0.55 kB │ gzip:     0.33 kB │ map:      1.60 kB
out/renderer/assets/tool-case-DUuLO3r-.js                                0.55 kB │ gzip:     0.36 kB │ map:      1.45 kB
out/renderer/assets/spray-can-BJohlM0z.js                                0.55 kB │ gzip:     0.31 kB │ map:      1.76 kB
out/renderer/assets/hand-fist-BUdImnCS.js                                0.55 kB │ gzip:     0.35 kB │ map:      1.39 kB
out/renderer/assets/keyboard-off-E1b3-QY4.js                             0.55 kB │ gzip:     0.31 kB │ map:      1.75 kB
out/renderer/assets/soup-D_fdxHzU.js                                     0.55 kB │ gzip:     0.30 kB │ map:      1.54 kB
out/renderer/assets/theater-gg-mHQS4.js                                  0.55 kB │ gzip:     0.29 kB │ map:      1.67 kB
out/renderer/assets/truck-electric-2PCEDhr6.js                           0.56 kB │ gzip:     0.33 kB │ map:      1.68 kB
out/renderer/assets/user-star-AP6TJzFS.js                                0.56 kB │ gzip:     0.35 kB │ map:      1.35 kB
out/renderer/assets/calculator-BHPQgEwS.js                               0.56 kB │ gzip:     0.30 kB │ map:      1.87 kB
out/renderer/assets/guitar-CYDfnaJh.js                                   0.56 kB │ gzip:     0.34 kB │ map:      1.41 kB
out/renderer/assets/radiation-B2N2xNg3.js                                0.56 kB │ gzip:     0.33 kB │ map:      1.46 kB
out/renderer/assets/memory-stick-C7kWbVBX.js                             0.56 kB │ gzip:     0.29 kB │ map:      1.86 kB
out/renderer/assets/bow-arrow-BEyQN5Zt.js                                0.56 kB │ gzip:     0.34 kB │ map:      1.47 kB
out/renderer/assets/heater-CBnreMh6.js                                   0.56 kB │ gzip:     0.29 kB │ map:      1.74 kB
out/renderer/assets/file-box-BZbt7Aqi.js                                 0.57 kB │ gzip:     0.34 kB │ map:      1.49 kB
out/renderer/assets/paintbrush-CJ0NVwyH.js                               0.57 kB │ gzip:     0.35 kB │ map:      1.38 kB
out/renderer/assets/tractor-DoM_e9ZZ.js                                  0.57 kB │ gzip:     0.33 kB │ map:      1.72 kB
out/renderer/assets/flatten-DApq_EJD.js                                  0.57 kB │ gzip:     0.34 kB │ map:      5.97 kB
out/renderer/assets/lasso-select-iyFFqvyh.js                             0.57 kB │ gzip:     0.36 kB │ map:      1.51 kB
out/renderer/assets/message-square-dashed-CLBHUBCk.js                    0.57 kB │ gzip:     0.31 kB │ map:      1.80 kB
out/renderer/assets/cctv-off-DHTwSEuY.js                                 0.57 kB │ gzip:     0.35 kB │ map:      1.55 kB
out/renderer/assets/pencil-ruler-CgfJOMzW.js                             0.57 kB │ gzip:     0.34 kB │ map:      1.60 kB
out/renderer/assets/grape-CEKLcBq1.js                                    0.57 kB │ gzip:     0.30 kB │ map:      1.88 kB
out/renderer/assets/triangle-dashed-C-WbDldg.js                          0.57 kB │ gzip:     0.32 kB │ map:      1.73 kB
out/renderer/assets/drone-B2y1PNGB.js                                    0.58 kB │ gzip:     0.33 kB │ map:      1.73 kB
out/renderer/assets/swords-DyOmX7v8.js                                   0.58 kB │ gzip:     0.30 kB │ map:      1.86 kB
out/renderer/assets/globe-off-C9cb_lkJ.js                                0.58 kB │ gzip:     0.32 kB │ map:      1.57 kB
out/renderer/assets/paint-bucket-C4oWamiH.js                             0.58 kB │ gzip:     0.35 kB │ map:      1.46 kB
out/renderer/assets/layers-minus-BqabRmRO.js                             0.58 kB │ gzip:     0.32 kB │ map:      1.53 kB
out/renderer/assets/drama-B6F_8vJn.js                                    0.58 kB │ gzip:     0.35 kB │ map:      1.65 kB
out/renderer/assets/vector-square-BR9da9y-.js                            0.58 kB │ gzip:     0.28 kB │ map:      1.88 kB
out/renderer/assets/binoculars-m6Qf6qiN.js                               0.59 kB │ gzip:     0.31 kB │ map:      1.59 kB
out/renderer/assets/circle-dashed-Btvcqe2q.js                            0.59 kB │ gzip:     0.30 kB │ map:      1.68 kB
out/renderer/assets/dumbbell-B4vvmyBk.js                                 0.59 kB │ gzip:     0.32 kB │ map:      1.51 kB
out/renderer/assets/highlighted-body-OFNGDK62-C9sXLCHL.js                0.59 kB │ gzip:     0.38 kB │ map:      1.24 kB
out/renderer/assets/table-columns-split-DMj_tdcZ.js                      0.59 kB │ gzip:     0.30 kB │ map:      1.87 kB
out/renderer/assets/beef-off-j9Fc6HHf.js                                 0.59 kB │ gzip:     0.37 kB │ map:      1.58 kB
out/renderer/assets/brain-jzuN4qGL.js                                    0.59 kB │ gzip:     0.32 kB │ map:      1.64 kB
out/renderer/assets/building-ExfyWmge.js                                 0.59 kB │ gzip:     0.30 kB │ map:      1.87 kB
out/renderer/assets/table-rows-split-CI9IM_HC.js                         0.59 kB │ gzip:     0.30 kB │ map:      1.86 kB
out/renderer/assets/package-open-BOAg7LVj.js                             0.59 kB │ gzip:     0.34 kB │ map:      1.52 kB
out/renderer/assets/replace-all-CdMfa85E.js                              0.59 kB │ gzip:     0.32 kB │ map:      1.78 kB
out/renderer/assets/chess-queen-B5jAcvEL.js                              0.59 kB │ gzip:     0.35 kB │ map:      1.75 kB
out/renderer/assets/square-dashed-DvRWQRrR.js                            0.59 kB │ gzip:     0.29 kB │ map:      1.92 kB
out/renderer/assets/sun-snow-ck7-NI1c.js                                 0.59 kB │ gzip:     0.33 kB │ map:      1.83 kB
out/renderer/assets/candy-CPlKvQde.js                                    0.60 kB │ gzip:     0.32 kB │ map:      1.54 kB
out/renderer/assets/puzzle-BQR6jY4K.js                                   0.60 kB │ gzip:     0.29 kB │ map:      1.23 kB
out/renderer/assets/chunk-AA7GKIK3-ERp58k_O.js                           0.60 kB │ gzip:     0.39 kB │ map:      2.40 kB
out/renderer/assets/book-dashed-D3rHd9w-.js                              0.61 kB │ gzip:     0.31 kB │ map:      1.86 kB
out/renderer/assets/recycle-BH3mYJO7.js                                  0.61 kB │ gzip:     0.36 kB │ map:      1.63 kB
out/renderer/assets/ribbon-DpzBHr7X.js                                   0.61 kB │ gzip:     0.38 kB │ map:      1.51 kB
out/renderer/assets/infoDiagram-42DDH7IO-CBjbJHzD.js                     0.61 kB │ gzip:     0.40 kB │ map:      1.99 kB
out/renderer/assets/flower-B3OsIuzs.js                                   0.61 kB │ gzip:     0.32 kB │ map:      1.84 kB
out/renderer/assets/pickaxe-D08d0Vg4.js                                  0.62 kB │ gzip:     0.36 kB │ map:      1.51 kB
out/renderer/assets/croissant-Cec6JDbG.js                                0.62 kB │ gzip:     0.34 kB │ map:      1.52 kB
out/renderer/assets/nut-WasUocOe.js                                      0.62 kB │ gzip:     0.41 kB │ map:      1.39 kB
out/renderer/assets/dna-off-BrBtsWbk.js                                  0.62 kB │ gzip:     0.36 kB │ map:      1.80 kB
out/renderer/assets/message-circle-dashed-Bagjvsxi.js                    0.63 kB │ gzip:     0.34 kB │ map:      1.75 kB
out/renderer/assets/telescope-Dc7XM0nn.js                                0.63 kB │ gzip:     0.38 kB │ map:      1.73 kB
out/renderer/assets/satellite-zWbK8aDc.js                                0.63 kB │ gzip:     0.32 kB │ map:      1.60 kB
out/renderer/assets/fingerprint-pattern-CvRjhzYu.js                      0.64 kB │ gzip:     0.37 kB │ map:      1.81 kB
out/renderer/assets/bug-B2My0xVL.js                                      0.64 kB │ gzip:     0.33 kB │ map:      1.87 kB
out/renderer/assets/fish-FOKRvdB1.js                                     0.64 kB │ gzip:     0.40 kB │ map:      1.64 kB
out/renderer/assets/square-dashed-mouse-pointer-BSsKGutR.js              0.64 kB │ gzip:     0.35 kB │ map:      1.94 kB
out/renderer/assets/beer-off-Ui4EDpNU.js                                 0.65 kB │ gzip:     0.39 kB │ map:      1.74 kB
out/renderer/assets/gamepad-2-BFtkyYja.js                                0.65 kB │ gzip:     0.40 kB │ map:      1.71 kB
out/renderer/assets/squares-intersect-BSrNgxD5.js                        0.65 kB │ gzip:     0.31 kB │ map:      1.95 kB
out/renderer/assets/chunk-ORNJ4GCN-DEWWmp7H.js                           0.65 kB │ gzip:     0.40 kB │ map:      2.62 kB
out/renderer/assets/cpu-Ce1OVpsx.js                                      0.65 kB │ gzip:     0.30 kB │ map:      2.17 kB
out/renderer/assets/dna-DiOII7_1.js                                      0.65 kB │ gzip:     0.35 kB │ map:      1.88 kB
out/renderer/assets/snowflake-Dlu8HzBh.js                                0.65 kB │ gzip:     0.35 kB │ map:      1.97 kB
out/renderer/assets/squircle-dashed-BdUSo-O5.js                          0.66 kB │ gzip:     0.36 kB │ map:      1.75 kB
out/renderer/assets/notepad-text-dashed-DTLnDcgh.js                      0.66 kB │ gzip:     0.32 kB │ map:      2.07 kB
out/renderer/assets/qr-code-DUsBYgs4.js                                  0.66 kB │ gzip:     0.32 kB │ map:      2.13 kB
out/renderer/assets/bug-play-Cn61jhN_.js                                 0.66 kB │ gzip:     0.36 kB │ map:      1.81 kB
out/renderer/assets/cannabis-off-D8Q4kaMI.js                             0.66 kB │ gzip:     0.42 kB │ map:      1.70 kB
out/renderer/assets/brick-wall-shield-oqiojQlk.js                        0.67 kB │ gzip:     0.39 kB │ map:      1.79 kB
out/renderer/assets/stateDiagram-v2-QKLJ7IA2-CfRGQCd3.js                 0.67 kB │ gzip:     0.40 kB │ map:      1.39 kB
out/renderer/assets/circle-dot-dashed-Cg0MEa3O.js                        0.67 kB │ gzip:     0.34 kB │ map:      1.86 kB
out/renderer/assets/user-cog-lFWUkB_m.js                                 0.67 kB │ gzip:     0.35 kB │ map:      1.97 kB
out/renderer/assets/dog-C2x9DN2Z.js                                      0.67 kB │ gzip:     0.43 kB │ map:      1.57 kB
out/renderer/assets/cloud-cog-CCNjE4sN.js                                0.67 kB │ gzip:     0.36 kB │ map:      1.83 kB
out/renderer/assets/receipt-turkish-lira-BE_wcTfH.js                     0.68 kB │ gzip:     0.31 kB │ map:      1.50 kB
out/renderer/assets/columns-3-cog-BAFNAeVk.js                            0.68 kB │ gzip:     0.36 kB │ map:      2.04 kB
out/renderer/assets/candy-off-xjH_bYCT.js                                0.68 kB │ gzip:     0.36 kB │ map:      1.75 kB
out/renderer/assets/receipt-6P4ZLbKW.js                                  0.68 kB │ gzip:     0.30 kB │ map:      1.44 kB
out/renderer/assets/receipt-russian-ruble-ynNVVzhi.js                    0.68 kB │ gzip:     0.31 kB │ map:      1.51 kB
out/renderer/assets/timeline-Y-_z4IaJ.js                                 0.68 kB │ gzip:     0.30 kB │ map:      1.82 kB
out/renderer/assets/user-round-cog-CTTbwsGV.js                           0.68 kB │ gzip:     0.36 kB │ map:      2.01 kB
out/renderer/assets/fish-off-Bp5H-n2p.js                                 0.69 kB │ gzip:     0.44 kB │ map:      1.52 kB
out/renderer/assets/receipt-text-DqLKLYaP.js                             0.69 kB │ gzip:     0.30 kB │ map:      1.53 kB
out/renderer/assets/modulepreload-polyfill-CSRv37U6.js                   0.69 kB │ gzip:     0.39 kB
out/renderer/assets/vault-DpL58IF4.js                                    0.69 kB │ gzip:     0.33 kB │ map:      2.11 kB
out/renderer/assets/receipt-swiss-franc-gYBgPp-W.js                      0.70 kB │ gzip:     0.31 kB │ map:      1.58 kB
out/renderer/assets/cog-CaAYioxu.js                                      0.70 kB │ gzip:     0.35 kB │ map:      2.16 kB
out/renderer/assets/biohazard-BrHSL-pM.js                                0.71 kB │ gzip:     0.41 kB │ map:      1.92 kB
out/renderer/assets/square-dashed-text-C8SMhJrG.js                       0.71 kB │ gzip:     0.32 kB │ map:      2.24 kB
out/renderer/assets/shellsession-AzvaVPIP.js                             0.71 kB │ gzip:     0.43 kB │ map:      1.28 kB
out/renderer/assets/shellsession-DHTq2ts9.js                             0.71 kB │ gzip:     0.42 kB │ map:      1.30 kB
out/renderer/assets/square-dashed-kanban-LmEack8r.js                     0.71 kB │ gzip:     0.33 kB │ map:      2.25 kB
out/renderer/assets/folder-cog-BvYdOaOJ.js                               0.71 kB │ gzip:     0.38 kB │ map:      1.96 kB
out/renderer/assets/monitor-cog-DhHWILBt.js                              0.71 kB │ gzip:     0.36 kB │ map:      2.07 kB
out/renderer/assets/receipt-indian-rupee-BbyNErKO.js                     0.71 kB │ gzip:     0.32 kB │ map:      1.60 kB
out/renderer/assets/bug-off-fLNxVqUc.js                                  0.71 kB │ gzip:     0.37 kB │ map:      2.01 kB
out/renderer/assets/receipt-euro-BuZDUjN_.js                             0.71 kB │ gzip:     0.32 kB │ map:      1.51 kB
out/renderer/assets/receipt-cent-mg-Bd1N_.js                             0.71 kB │ gzip:     0.32 kB │ map:      1.51 kB
out/renderer/assets/receipt-pound-sterling-BCYJxUSA.js                   0.71 kB │ gzip:     0.32 kB │ map:      1.61 kB
out/renderer/assets/component-ClNwXewz.js                                0.72 kB │ gzip:     0.28 kB │ map:      1.65 kB
out/renderer/assets/tsv-0_gHF6j1.js                                      0.73 kB │ gzip:     0.33 kB │ map:      1.33 kB
out/renderer/assets/tsv-DZfUrIDn.js                                      0.73 kB │ gzip:     0.33 kB │ map:      1.35 kB
out/renderer/assets/nut-off-D5q3p36i.js                                  0.73 kB │ gzip:     0.46 kB │ map:      1.69 kB
out/renderer/assets/receipt-japanese-yen-C3i2uTxX.js                     0.74 kB │ gzip:     0.32 kB │ map:      1.68 kB
out/renderer/assets/classDiagram-6PBFFD2Q-WSJhfYJP.js                    0.74 kB │ gzip:     0.43 kB │ map:      1.44 kB
out/renderer/assets/classDiagram-v2-HSJHXN6E-Drvn1LbZ.js                 0.74 kB │ gzip:     0.43 kB │ map:      1.45 kB
out/renderer/assets/wifi-cog-_QP4mAL_.js                                 0.75 kB │ gzip:     0.39 kB │ map:      2.08 kB
out/renderer/assets/shield-cog-corner-DwB8mH1j.js                        0.75 kB │ gzip:     0.41 kB │ map:      2.04 kB
out/renderer/assets/gamepad-directional-DXryI1p0.js                      0.76 kB │ gzip:     0.36 kB │ map:      1.74 kB
out/renderer/assets/party-popper-C0XEm9gq.js                             0.76 kB │ gzip:     0.43 kB │ map:      1.97 kB
out/renderer/assets/shield-cog-BeS7h3IB.js                               0.77 kB │ gzip:     0.42 kB │ map:      2.02 kB
out/renderer/assets/calendar-cog-CqFOAXtY.js                             0.77 kB │ gzip:     0.40 kB │ map:      2.19 kB
out/renderer/assets/file-cog-B55b0pJg.js                                 0.78 kB │ gzip:     0.41 kB │ map:      2.15 kB
out/renderer/assets/brain-circuit-BJrn9qB4.js                            0.83 kB │ gzip:     0.42 kB │ map:      2.36 kB
out/renderer/assets/linearClosed-CrZy5pfY.js                             0.84 kB │ gzip:     0.31 kB │ map:      2.58 kB
out/renderer/assets/html-derivative-1D6wtMCj.js                          0.84 kB │ gzip:     0.45 kB │ map:      1.40 kB
out/renderer/assets/html-derivative-B7pLUMt_.js                          0.84 kB │ gzip:     0.45 kB │ map:      1.38 kB
out/renderer/assets/shim-D7YpnN_j.js                                     0.84 kB │ gzip:     0.45 kB │ map:      3.57 kB
out/renderer/assets/server-cog-VQtX3UNV.js                               0.86 kB │ gzip:     0.40 kB │ map:      2.24 kB
out/renderer/assets/boxes-CM3w1Mja.js                                    0.88 kB │ gzip:     0.42 kB │ map:      2.26 kB
out/renderer/assets/chunk-7N4EOEYR-CMsKwjba.js                           0.90 kB │ gzip:     0.49 kB │ map:      3.36 kB
out/renderer/assets/square-bottom-dashed-scissors-BV3978CB.js            0.91 kB │ gzip:     0.43 kB │ map:      2.82 kB
out/renderer/assets/wheat-Brkc8wcf.js                                    0.91 kB │ gzip:     0.36 kB │ map:      2.14 kB
out/renderer/assets/line-kXwmOWPE.js                                     0.94 kB │ gzip:     0.46 kB │ map:      3.39 kB
out/renderer/assets/chunk-ZZ45TVLE-C3tPd4Au.js                           0.95 kB │ gzip:     0.58 kB │ map:      3.25 kB
out/renderer/assets/wheat-off-DVhSgRBM.js                                0.96 kB │ gzip:     0.47 kB │ map:      2.34 kB
out/renderer/assets/git-rebase-C8xsfPkF.js                               0.98 kB │ gzip:     0.44 kB │ map:      1.66 kB
out/renderer/assets/git-rebase-DnpHiwSV.js                               0.98 kB │ gzip:     0.44 kB │ map:      1.64 kB
out/renderer/assets/hop-off-XCuiakRL.js                                  0.99 kB │ gzip:     0.54 kB │ map:      2.26 kB
out/renderer/assets/qmldir-DeZy-t7m.js                                   0.99 kB │ gzip:     0.44 kB │ map:      1.69 kB
out/renderer/assets/qmldir-Rrs1zkq1.js                                   0.99 kB │ gzip:     0.44 kB │ map:      1.71 kB
out/renderer/assets/keyboardShortcuts-CCI3svm9.js                        1.04 kB │ gzip:     0.51 kB │ map:      5.67 kB
out/renderer/assets/brain-cog-LdGk_-EU.js                                1.04 kB │ gzip:     0.49 kB │ map:      2.64 kB
out/renderer/assets/hop-BUCiPQ-y.js                                      1.05 kB │ gzip:     0.56 kB │ map:      2.30 kB
out/renderer/assets/resource-manager-trpaDdaJ.js                         1.10 kB │ gzip:     0.54 kB │ map:      3.56 kB
out/renderer/assets/previewPanePdfContent-qJGHU5h2.js                    1.10 kB │ gzip:     0.64 kB │ map:      1.28 kB
out/renderer/assets/logger-DF8EzryK.js                                   1.12 kB │ gzip:     0.57 kB │ map:      5.93 kB
out/renderer/assets/csv-BAaGmVyb.js                                      1.13 kB │ gzip:     0.36 kB │ map:      1.97 kB
out/renderer/assets/csv-C2S2Wy3-.js                                      1.13 kB │ gzip:     0.36 kB │ map:      1.95 kB
out/renderer/assets/isEmpty-DE_L60j3.js                                  1.16 kB │ gzip:     0.63 kB │ map:      7.89 kB
out/renderer/assets/ordinal-BADXd1kw.js                                  1.18 kB │ gzip:     0.57 kB │ map:      4.66 kB
out/renderer/assets/preload-helper-BHSF1fZ9.js                           1.20 kB │ gzip:     0.68 kB
out/renderer/assets/git-commit-C6zKmSV2.js                               1.22 kB │ gzip:     0.52 kB │ map:      1.99 kB
out/renderer/assets/git-commit-GgaKZmuW.js                               1.22 kB │ gzip:     0.52 kB │ map:      2.01 kB
out/renderer/assets/pie-XKOw0in-.js                                      1.25 kB │ gzip:     0.57 kB │ map:      4.62 kB
out/renderer/assets/chunk-D-fkvfCP.js                                    1.26 kB │ gzip:     0.69 kB
out/renderer/assets/xsl-BuX_RSzT.js                                      1.36 kB │ gzip:     0.49 kB │ map:      2.15 kB
out/renderer/assets/xsl-C7u3jFM-.js                                      1.36 kB │ gzip:     0.49 kB │ map:      2.17 kB
out/renderer/assets/dotenv-Bk4o-Npi.js                                   1.41 kB │ gzip:     0.52 kB │ map:      2.29 kB
out/renderer/assets/dotenv-LVAwCc0w.js                                   1.41 kB │ gzip:     0.52 kB │ map:      2.31 kB
out/renderer/assets/chunk-LIHQZDEY-DX6UXT6f.js                           1.46 kB │ gzip:     0.78 kB │ map:      5.64 kB
out/renderer/assets/sparql-ByIqb3-O.js                                   1.47 kB │ gzip:     0.81 kB │ map:      2.08 kB
out/renderer/assets/sparql-QJhi_UcF.js                                   1.47 kB │ gzip:     0.81 kB │ map:      2.07 kB
out/renderer/assets/ini-CK6ZrIyT.js                                      1.51 kB │ gzip:     0.49 kB │ map:      2.45 kB
out/renderer/assets/ini-CU-L3XbZ.js                                      1.51 kB │ gzip:     0.49 kB │ map:      2.43 kB
out/renderer/assets/band-CVNYsgLY.js                                     1.53 kB │ gzip:     0.66 kB │ map:      5.43 kB
out/renderer/assets/previewPanePptxContent-CqTu-ECD.js                   1.63 kB │ gzip:     0.89 kB │ map:      2.03 kB
out/renderer/assets/createLucideIcon-DCyUO5SG.js                         1.66 kB │ gzip:     0.86 kB │ map:      8.91 kB
out/renderer/assets/fortran-fixed-form-B2ominqv.js                       1.66 kB │ gzip:     0.68 kB │ map:      2.69 kB
out/renderer/assets/fortran-fixed-form-Brs_Agt2.js                       1.66 kB │ gzip:     0.68 kB │ map:      2.67 kB
out/renderer/assets/docker-CUSZH7Hf.js                                   1.73 kB │ gzip:     0.59 kB │ map:      2.62 kB
out/renderer/assets/docker-CxPIViOx.js                                   1.73 kB │ gzip:     0.59 kB │ map:      2.60 kB
out/renderer/assets/hxml--DYMZu_y.js                                     1.74 kB │ gzip:     0.87 kB │ map:      2.43 kB
out/renderer/assets/hxml-CfGMxD8L.js                                     1.74 kB │ gzip:     0.87 kB │ map:      2.45 kB
out/renderer/assets/cua-permission-panel-DBHWnmeh.js                     1.79 kB │ gzip:     0.92 kB │ map:      6.93 kB
out/renderer/assets/desktop-Caq073Xf.js                                  1.82 kB │ gzip:     0.75 kB │ map:      2.72 kB
out/renderer/assets/desktop-D4xHMkvm.js                                  1.82 kB │ gzip:     0.75 kB │ map:      2.74 kB
out/renderer/assets/chunk-X2U36JSP-D-OhDMqI.js                           1.83 kB │ gzip:     0.89 kB │ map:      6.04 kB
out/renderer/assets/dist-BgJfzRCX.js                                     1.86 kB │ gzip:     0.82 kB │ map:      5.74 kB
out/renderer/assets/chunk-YZCP3GAM-Cv08PAP2.js                           1.92 kB │ gzip:     0.86 kB │ map:      6.41 kB
out/renderer/assets/presentationElementModel-ekqsdwGD.js                 1.96 kB │ gzip:     0.85 kB │ map:      9.75 kB
out/renderer/assets/chunk-XBI2PYTU-Bj1OeATP.js                           2.00 kB │ gzip:     0.76 kB │ map:      3.94 kB
out/renderer/assets/path-BeHodQrR.js                                     2.07 kB │ gzip:     0.91 kB │ map:      8.00 kB
out/renderer/assets/chunk-BSJP7CBP-B19zbFMX.js                           2.09 kB │ gzip:     0.81 kB │ map:     10.29 kB
out/renderer/assets/officeFilePreview-1_6rf14t.js                        2.12 kB │ gzip:     1.02 kB │ map:      9.30 kB
out/renderer/assets/erb-B0rftrlp.js                                      2.13 kB │ gzip:     0.62 kB │ map:      3.27 kB
out/renderer/assets/erb-B7_LZ7an.js                                      2.13 kB │ gzip:     0.62 kB │ map:      3.26 kB
out/renderer/assets/wenyan-DGPh6VWu.js                                   2.15 kB │ gzip:     1.08 kB │ map:      3.16 kB
out/renderer/assets/wenyan-DgfgJDLi.js                                   2.15 kB │ gzip:     1.08 kB │ map:      3.14 kB
out/renderer/assets/usageStatsUiParts-CNo2JQYH.js                        2.20 kB │ gzip:     0.91 kB │ map:      6.86 kB
out/renderer/assets/jssm-CINFczQi.js                                     2.23 kB │ gzip:     0.61 kB │ map:      3.37 kB
out/renderer/assets/jssm-Mdy2u0gP.js                                     2.23 kB │ gzip:     0.61 kB │ map:      3.35 kB
out/renderer/assets/edge-B-zlb72A.js                                     2.30 kB │ gzip:     0.67 kB │ map:      3.51 kB
out/renderer/assets/edge-wWE3SjTO.js                                     2.30 kB │ gzip:     0.67 kB │ map:      3.53 kB
out/renderer/assets/reg-BDGH8lj1.js                                      2.33 kB │ gzip:     0.69 kB │ map:      3.49 kB
out/renderer/assets/reg-C-nAkj_n.js                                      2.33 kB │ gzip:     0.69 kB │ map:      3.47 kB
out/renderer/assets/diff-BQbUq7Ot.js                                     2.56 kB │ gzip:     0.68 kB │ map:      3.82 kB
out/renderer/assets/diff-vXTuh225.js                                     2.56 kB │ gzip:     0.68 kB │ map:      3.84 kB
out/renderer/assets/gleam-CaFJSCJi.js                                    2.57 kB │ gzip:     0.81 kB │ map:      3.95 kB
out/renderer/assets/gleam-Cc_t8Et_.js                                    2.57 kB │ gzip:     0.81 kB │ map:      3.97 kB
out/renderer/assets/hy-DVh4ncGs.js                                       2.64 kB │ gzip:     1.17 kB │ map:      3.65 kB
out/renderer/assets/hy-nPW2KV6-.js                                       2.64 kB │ gzip:     1.17 kB │ map:      3.67 kB
out/renderer/assets/catmullRom-CS1oaCwR.js                               2.72 kB │ gzip:     0.79 kB │ map:      7.95 kB
out/renderer/assets/diagram-5BDNPKRD-CAcaCUcD.js                         2.78 kB │ gzip:     1.34 kB │ map:      8.98 kB
out/renderer/assets/openscad-B3ZXGNVJ.js                                 2.81 kB │ gzip:     1.00 kB │ map:      4.20 kB
out/renderer/assets/openscad-BppprXai.js                                 2.81 kB │ gzip:     1.00 kB │ map:      4.18 kB
out/renderer/assets/log-BT87hqqm.js                                      2.84 kB │ gzip:     0.89 kB │ map:      4.33 kB
out/renderer/assets/log-DBifAz4h.js                                      2.84 kB │ gzip:     0.89 kB │ map:      4.31 kB
out/renderer/assets/json-C0JWwkjr.js                                     2.87 kB │ gzip:     0.81 kB │ map:      4.29 kB
out/renderer/assets/json-DETegD8S.js                                     2.87 kB │ gzip:     0.81 kB │ map:      4.27 kB
out/renderer/assets/cairo-CSv1ZXHQ.js                                    2.93 kB │ gzip:     0.80 kB │ map:      4.51 kB
out/renderer/assets/cairo-Dcbu2qjo.js                                    2.93 kB │ gzip:     0.80 kB │ map:      4.49 kB
out/renderer/assets/berry-B79syup1.js                                    2.99 kB │ gzip:     0.80 kB │ map:      4.82 kB
out/renderer/assets/berry-BGbA7ogI.js                                    2.99 kB │ gzip:     0.80 kB │ map:      4.80 kB
out/renderer/assets/jsonl-B0nLhA6e.js                                    3.00 kB │ gzip:     0.78 kB │ map:      4.47 kB
out/renderer/assets/jsonl-C-CY-bYn.js                                    3.00 kB │ gzip:     0.78 kB │ map:      4.49 kB
out/renderer/assets/jsonc-BGnpTjed.js                                    3.10 kB │ gzip:     0.78 kB │ map:      4.58 kB
out/renderer/assets/jsonc-DIl3fL7A.js                                    3.10 kB │ gzip:     0.78 kB │ map:      4.57 kB
out/renderer/assets/logo-BPHr-iVC.js                                     3.12 kB │ gzip:     1.46 kB │ map:      3.79 kB
out/renderer/assets/logo-rNcV-KNw.js                                     3.12 kB │ gzip:     1.46 kB │ map:      3.77 kB
out/renderer/assets/po-BRrojWt4.js                                       3.23 kB │ gzip:     0.90 kB │ map:      5.06 kB
out/renderer/assets/po-cg5Uu1kO.js                                       3.23 kB │ gzip:     0.90 kB │ map:      5.04 kB
out/renderer/assets/json5-DsymZTYc.js                                    3.24 kB │ gzip:     0.82 kB │ map:      4.93 kB
out/renderer/assets/json5-OpTW0zf3.js                                    3.24 kB │ gzip:     0.82 kB │ map:      4.91 kB
out/renderer/assets/mipsasm-B6FNInxA.js                                  3.25 kB │ gzip:     1.17 kB │ map:      4.65 kB
out/renderer/assets/mipsasm-DklP0Qjw.js                                  3.25 kB │ gzip:     1.17 kB │ map:      4.64 kB
out/renderer/assets/tasl-BkNUvHm2.js                                     3.28 kB │ gzip:     0.84 kB │ map:      5.09 kB
out/renderer/assets/tasl-C3l5uzJI.js                                     3.28 kB │ gzip:     0.84 kB │ map:      5.11 kB
out/renderer/assets/genie-CGW9giI0.js                                    3.34 kB │ gzip:     1.20 kB │ map:      4.83 kB
out/renderer/assets/genie-DR7zEFHh.js                                    3.34 kB │ gzip:     1.20 kB │ map:      4.85 kB
out/renderer/assets/rel-Bhx7CTGh.js                                      3.36 kB │ gzip:     1.10 kB │ map:      4.83 kB
out/renderer/assets/rel-Cn1px_1k.js                                      3.36 kB │ gzip:     1.10 kB │ map:      4.85 kB
out/renderer/assets/vala-DEW_H8Fn.js                                     3.36 kB │ gzip:     1.18 kB │ map:      4.85 kB
out/renderer/assets/vala-DSV6Lz95.js                                     3.36 kB │ gzip:     1.18 kB │ map:      4.87 kB
out/renderer/assets/previewPaneOfficeContent-BxaMmfif.js                 3.39 kB │ gzip:     1.56 kB │ map:      5.78 kB
out/renderer/assets/symbol-C_Vo2C6d.js                                   3.42 kB │ gzip:     1.29 kB │ map:     14.26 kB
out/renderer/assets/splunk-CSsbClax.js                                   3.42 kB │ gzip:     1.51 kB │ map:      4.42 kB
out/renderer/assets/splunk-CjwyfDlk.js                                   3.42 kB │ gzip:     1.51 kB │ map:      4.40 kB
out/renderer/assets/CodingPlanUsageLineChart-DC1MjO4M.js                 3.44 kB │ gzip:     1.55 kB │ map:     11.22 kB
out/renderer/assets/arc-CwJCc-mg.js                                      3.47 kB │ gzip:     1.47 kB │ map:     15.14 kB
out/renderer/assets/chunk-336JU56O-BVaUssLo.js                           3.50 kB │ gzip:     1.59 kB │ map:      6.11 kB
out/renderer/assets/hurl-Bd5cPXXr.js                                     3.51 kB │ gzip:     1.09 kB │ map:      5.38 kB
out/renderer/assets/hurl-DL9erArL.js                                     3.51 kB │ gzip:     1.09 kB │ map:      5.40 kB
out/renderer/assets/react-dom-DpmwQOdd.js                                3.56 kB │ gzip:     1.35 kB │ map:     12.08 kB
out/renderer/assets/fluent-CNvIA7w_.js                                   3.60 kB │ gzip:     0.89 kB │ map:      5.16 kB
out/renderer/assets/fluent-FRJmdAMx.js                                   3.60 kB │ gzip:     0.89 kB │ map:      5.18 kB
out/renderer/assets/ssh-config-D5c6JUlS.js                               3.61 kB │ gzip:     1.59 kB │ map:      4.47 kB
out/renderer/assets/ssh-config-KhwQvYWq.js                               3.61 kB │ gzip:     1.59 kB │ map:      4.45 kB
out/renderer/assets/jsonnet-DFPhEg2z.js                                  3.61 kB │ gzip:     1.03 kB │ map:      5.38 kB
out/renderer/assets/jsonnet-_y05Yv9k.js                                  3.61 kB │ gzip:     1.03 kB │ map:      5.40 kB
out/renderer/assets/kdl-DV8Cr1ai.js                                      3.62 kB │ gzip:     1.03 kB │ map:      5.49 kB
out/renderer/assets/kdl-dvJRfUD1.js                                      3.62 kB │ gzip:     1.03 kB │ map:      5.47 kB
out/renderer/assets/narrat-CgZ_nxl1.js                                   3.66 kB │ gzip:     1.09 kB │ map:      5.40 kB
out/renderer/assets/narrat-UQ7ajlih.js                                   3.66 kB │ gzip:     1.09 kB │ map:      5.38 kB
out/renderer/assets/glsl-B5Iwij1k.js                                     3.68 kB │ gzip:     1.45 kB │ map:      4.34 kB
out/renderer/assets/glsl-DNQvOnmF.js                                     3.68 kB │ gzip:     1.45 kB │ map:      4.36 kB
out/renderer/assets/turtle-CHgGLA3J.js                                   3.69 kB │ gzip:     0.96 kB │ map:      5.45 kB
out/renderer/assets/turtle-DznpA7-y.js                                   3.69 kB │ gzip:     0.96 kB │ map:      5.47 kB
out/renderer/assets/zenscript-Bg-bFYX0.js                                3.90 kB │ gzip:     1.28 kB │ map:      5.71 kB
out/renderer/assets/zenscript-cyX8B9Za.js                                3.90 kB │ gzip:     1.28 kB │ map:      5.73 kB
out/renderer/assets/ron-CUERG-jm.js                                      3.90 kB │ gzip:     0.97 kB │ map:      5.98 kB
out/renderer/assets/ron-C_FHoBHj.js                                      3.90 kB │ gzip:     0.97 kB │ map:      6.00 kB
out/renderer/assets/gn-BWqgO4yZ.js                                       3.99 kB │ gzip:     1.47 kB │ map:      5.24 kB
out/renderer/assets/gn-C0SxWp3n.js                                       3.99 kB │ gzip:     1.47 kB │ map:      5.26 kB
out/renderer/assets/pieDiagram-DEJITSTG-D5M_PZOc.js                      4.03 kB │ gzip:     1.81 kB │ map:     12.29 kB
out/renderer/assets/pascal-B1lVRTM9.js                                   4.14 kB │ gzip:     1.67 kB │ map:      5.49 kB
out/renderer/assets/pascal-DtILYD9w.js                                   4.14 kB │ gzip:     1.67 kB │ map:      5.51 kB
out/renderer/assets/diagram-TYMM5635-Bd39akpl.js                         4.24 kB │ gzip:     1.83 kB │ map:     12.07 kB
out/renderer/assets/http-B8UV_ORK.js                                     4.41 kB │ gzip:     1.06 kB │ map:      6.65 kB
out/renderer/assets/http-_ce66-8_.js                                     4.41 kB │ gzip:     1.06 kB │ map:      6.67 kB
out/renderer/assets/tcl-CSeDDsER.js                                      4.42 kB │ gzip:     1.50 kB │ map:      6.46 kB
out/renderer/assets/tcl-DoOzhaQy.js                                      4.42 kB │ gzip:     1.50 kB │ map:      6.44 kB
out/renderer/assets/nextflow--PMk8m1C.js                                 4.50 kB │ gzip:     1.16 kB │ map:      6.78 kB
out/renderer/assets/nextflow-BG1W60YE.js                                 4.50 kB │ gzip:     1.16 kB │ map:      6.80 kB
out/renderer/assets/AppUsageDailyModelTrendChart-BYh8eI9U.js             4.50 kB │ gzip:     1.92 kB │ map:     15.97 kB
out/renderer/assets/rosmsg-CTMwyiXK.js                                   4.51 kB │ gzip:     1.05 kB │ map:      6.71 kB
out/renderer/assets/rosmsg-Cem0-Mzy.js                                   4.51 kB │ gzip:     1.05 kB │ map:      6.73 kB
out/renderer/assets/mermaid-parser.core-C-4tEToR.js                      4.55 kB │ gzip:     1.44 kB │ map:      9.89 kB
out/renderer/assets/defaultLocale-DIMPLn8P.js                            4.64 kB │ gzip:     2.12 kB │ map:     20.68 kB
out/renderer/assets/polar-DV0GOOjp.js                                    4.66 kB │ gzip:     1.12 kB │ map:      7.21 kB
out/renderer/assets/polar-G0wWej1c.js                                    4.66 kB │ gzip:     1.12 kB │ map:      7.23 kB
out/renderer/assets/sdbl-B2lRA0f6.js                                     4.69 kB │ gzip:     2.00 kB │ map:      5.87 kB
out/renderer/assets/sdbl-BLGO7_5m.js                                     4.69 kB │ gzip:     2.00 kB │ map:      5.85 kB
out/renderer/assets/treemap-2a_0LmkY.js                                  4.74 kB │ gzip:     1.84 kB │ map:     20.83 kB
out/renderer/assets/fennel-4VSjuNxq.js                                   4.76 kB │ gzip:     1.53 kB │ map:      6.40 kB
out/renderer/assets/fennel-THlj90da.js                                   4.76 kB │ gzip:     1.53 kB │ map:      6.38 kB
out/renderer/assets/bibtex-6GAKGhsC.js                                   4.78 kB │ gzip:     0.83 kB │ map:      6.98 kB
out/renderer/assets/bibtex-BJuRjKxu.js                                   4.78 kB │ gzip:     0.83 kB │ map:      7.00 kB
out/renderer/assets/llvm-B2DEN3UP.js                                     5.04 kB │ gzip:     2.01 kB │ map:      6.65 kB
out/renderer/assets/llvm-B2x0BJRz.js                                     5.04 kB │ gzip:     2.01 kB │ map:      6.63 kB
out/renderer/assets/wgsl-hYv-uhDx.js                                     5.13 kB │ gzip:     1.38 kB │ map:      7.48 kB
out/renderer/assets/wgsl-u8aMyWeC.js                                     5.13 kB │ gzip:     1.38 kB │ map:      7.46 kB
out/renderer/assets/gdresource-Ctk9WmdB.js                               5.28 kB │ gzip:     1.33 kB │ map:      7.71 kB
out/renderer/assets/gdresource-DKj7FodI.js                               5.28 kB │ gzip:     1.33 kB │ map:      7.73 kB
out/renderer/assets/button-I46TbvEQ.js                                   5.30 kB │ gzip:     1.94 kB │ map:     16.43 kB
out/renderer/assets/presentationPdfPrintExport-C2PCmzn8.js               5.32 kB │ gzip:     2.54 kB │ map:     21.05 kB
out/renderer/assets/zig-9GG8AR_x.js                                      5.33 kB │ gzip:     1.55 kB │ map:      7.83 kB
out/renderer/assets/zig-BKIymrOC.js                                      5.33 kB │ gzip:     1.55 kB │ map:      7.85 kB
out/renderer/assets/qml-CVMeyrhs.js                                      5.33 kB │ gzip:     1.38 kB │ map:      8.09 kB
out/renderer/assets/qml-DCdYLkjw.js                                      5.33 kB │ gzip:     1.38 kB │ map:      8.11 kB
out/renderer/assets/dax-6Z9gNUiI.js                                      5.35 kB │ gzip:     2.21 kB │ map:      6.75 kB
out/renderer/assets/dax-DXxl62xA.js                                      5.35 kB │ gzip:     2.21 kB │ map:      6.73 kB
out/renderer/assets/bicep-6XQr7-p1.js                                    5.37 kB │ gzip:     1.14 kB │ map:      7.89 kB
out/renderer/assets/bicep-DnUKdJlg.js                                    5.37 kB │ gzip:     1.14 kB │ map:      7.87 kB
out/renderer/assets/xml-CpXugoT4.js                                      5.43 kB │ gzip:     1.24 kB │ map:      7.82 kB
out/renderer/assets/xml-WyOw3yme.js                                      5.43 kB │ gzip:     1.24 kB │ map:      7.80 kB
out/renderer/assets/awk--6XSOxlo.js                                      5.45 kB │ gzip:     1.37 kB │ map:      7.97 kB
out/renderer/assets/awk-cYs6FJ0H.js                                      5.45 kB │ gzip:     1.37 kB │ map:      7.96 kB
out/renderer/assets/coq-B2YCdnJT.js                                      5.54 kB │ gzip:     1.91 kB │ map:      7.49 kB
out/renderer/assets/coq-BAkF92IR.js                                      5.54 kB │ gzip:     1.91 kB │ map:      7.47 kB
out/renderer/assets/parts-C7fgf1PU.js                                    5.56 kB │ gzip:     2.13 kB │ map:     35.47 kB
out/renderer/assets/jinja-DqEofIW6.js                                    5.62 kB │ gzip:     1.36 kB │ map:      8.47 kB
out/renderer/assets/jinja-Qb9FK_5V.js                                    5.62 kB │ gzip:     1.36 kB │ map:      8.43 kB
out/renderer/assets/linear-DOwVfRq-.js                                   5.75 kB │ gzip:     2.37 kB │ map:     25.07 kB
out/renderer/assets/diagram-MMDJMWI5-9pLLQ5Av.js                         5.77 kB │ gzip:     2.39 kB │ map:     18.16 kB
out/renderer/assets/lean-BNG3ATqb.js                                     5.77 kB │ gzip:     1.91 kB │ map:      7.85 kB
out/renderer/assets/lean-DMPgbCqQ.js                                     5.77 kB │ gzip:     1.91 kB │ map:      7.83 kB
out/renderer/assets/moonbit-BEAt7fUM.js                                  5.89 kB │ gzip:     1.67 kB │ map:      8.63 kB
out/renderer/assets/moonbit-B_m0njAa.js                                  5.89 kB │ gzip:     1.67 kB │ map:      8.65 kB
out/renderer/assets/powerquery-BfrIVvHA.js                               5.89 kB │ gzip:     1.51 kB │ map:      8.47 kB
out/renderer/assets/powerquery-_64w3SIg.js                               5.89 kB │ gzip:     1.51 kB │ map:      8.49 kB
out/renderer/assets/shaderlab-D1u9TKLM.js                                5.91 kB │ gzip:     2.08 kB │ map:      7.68 kB
out/renderer/assets/shaderlab-Djz15839.js                                5.91 kB │ gzip:     2.08 kB │ map:      7.66 kB
out/renderer/assets/verilog-CWD5vp1p.js                                  5.92 kB │ gzip:     1.89 kB │ map:      7.98 kB
out/renderer/assets/verilog-dg0IDq6i.js                                  5.92 kB │ gzip:     1.89 kB │ map:      8.00 kB
out/renderer/assets/CodingPlanUsageBarChart-D3vn1Btz.js                  5.93 kB │ gzip:     2.26 kB │ map:     20.88 kB
out/renderer/assets/cypher-Bz79gtsV.js                                   5.94 kB │ gzip:     1.71 kB │ map:      8.42 kB
out/renderer/assets/cypher-C5ze2lVM.js                                   5.94 kB │ gzip:     1.71 kB │ map:      8.40 kB
out/renderer/assets/vb-BWzkkFNH.js                                       6.08 kB │ gzip:     2.33 kB │ map:      8.02 kB
out/renderer/assets/vb-CYsoYcIO.js                                       6.08 kB │ gzip:     2.33 kB │ map:      8.00 kB
out/renderer/assets/red-B-92eR5S.js                                      6.25 kB │ gzip:     1.59 kB │ map:      8.86 kB
out/renderer/assets/red-D8TaUhUn.js                                      6.25 kB │ gzip:     1.59 kB │ map:      8.85 kB
out/renderer/assets/min-dark-B9tdZ1s3.js                                 6.28 kB │ gzip:     1.70 kB │ map:      8.58 kB
out/renderer/assets/min-dark-Da4OYurS.js                                 6.28 kB │ gzip:     1.70 kB │ map:      8.60 kB
out/renderer/assets/gdshader-Bl2HmssD.js                                 6.31 kB │ gzip:     1.72 kB │ map:      9.17 kB
out/renderer/assets/gdshader-CXYj9y2v.js                                 6.31 kB │ gzip:     1.72 kB │ map:      9.15 kB
out/renderer/assets/prisma-CEZItpx8.js                                   6.32 kB │ gzip:     1.38 kB │ map:      9.23 kB
out/renderer/assets/prisma-DafeG-T2.js                                   6.32 kB │ gzip:     1.38 kB │ map:      9.25 kB
out/renderer/assets/ara-B-vtnueP.js                                      6.35 kB │ gzip:     1.80 kB │ map:      9.21 kB
out/renderer/assets/ara-D4PTTa5t.js                                      6.35 kB │ gzip:     1.80 kB │ map:      9.23 kB
out/renderer/assets/clojure-BRDA75P-.js                                  6.40 kB │ gzip:     1.41 kB │ map:      9.25 kB
out/renderer/assets/clojure-CdMO9qJX.js                                  6.40 kB │ gzip:     1.41 kB │ map:      9.26 kB
out/renderer/assets/postcss-D7qFzNC7.js                                  6.41 kB │ gzip:     1.90 kB │ map:      9.09 kB
out/renderer/assets/postcss-DWIqasKD.js                                  6.41 kB │ gzip:     1.90 kB │ map:      9.07 kB
out/renderer/assets/toml-WfC1V87m.js                                     6.41 kB │ gzip:     1.28 kB │ map:      9.45 kB
out/renderer/assets/toml-st1JNUlI.js                                     6.41 kB │ gzip:     1.28 kB │ map:      9.43 kB
out/renderer/assets/solarized-light-6SwR4tOF.js                          6.47 kB │ gzip:     1.71 kB │ map:      9.21 kB
out/renderer/assets/solarized-light-B46enw0n.js                          6.47 kB │ gzip:     1.71 kB │ map:      9.20 kB
out/renderer/assets/proto-CQ8CT_mn.js                                    6.54 kB │ gzip:     1.41 kB │ map:      9.86 kB
out/renderer/assets/proto-X4iA584Y.js                                    6.54 kB │ gzip:     1.41 kB │ map:      9.88 kB
out/renderer/assets/smalltalk-Dd46q8ZM.js                                6.58 kB │ gzip:     1.61 kB │ map:      9.23 kB
out/renderer/assets/smalltalk-mvspk5jS.js                                6.58 kB │ gzip:     1.61 kB │ map:      9.21 kB
out/renderer/assets/r-D1mlhF_r.js                                        6.59 kB │ gzip:     1.82 kB │ map:     10.09 kB
out/renderer/assets/r-DvTfeabA.js                                        6.59 kB │ gzip:     1.82 kB │ map:     10.11 kB
out/renderer/assets/talonscript-DIoIS1t1.js                              6.75 kB │ gzip:     1.48 kB │ map:     10.03 kB
out/renderer/assets/talonscript-DhemDpdq.js                              6.75 kB │ gzip:     1.48 kB │ map:     10.05 kB
out/renderer/assets/solarized-dark-BaaNjxQy.js                           6.84 kB │ gzip:     1.78 kB │ map:      9.65 kB
out/renderer/assets/solarized-dark-DQfFD0yK.js                           6.84 kB │ gzip:     1.78 kB │ map:      9.67 kB
out/renderer/assets/riscv-Bnik50at.js                                    6.90 kB │ gzip:     1.97 kB │ map:      9.56 kB
out/renderer/assets/riscv-DY1Xj84S.js                                    6.90 kB │ gzip:     1.97 kB │ map:      9.58 kB
out/renderer/assets/soy-BkvcrLdp.js                                      6.92 kB │ gzip:     1.62 kB │ map:     10.67 kB
out/renderer/assets/soy-DTwlW9Qg.js                                      6.92 kB │ gzip:     1.62 kB │ map:     10.69 kB
out/renderer/assets/min-light-5JX2BcTC.js                                6.96 kB │ gzip:     1.88 kB │ map:      9.50 kB
out/renderer/assets/min-light-CeuiPOd4.js                                6.96 kB │ gzip:     1.88 kB │ map:      9.52 kB
out/renderer/assets/step-Cc2uG8AI.js                                     6.99 kB │ gzip:     1.63 kB │ map:     21.94 kB
out/renderer/assets/scheme-DAI6uJ-z.js                                   7.16 kB │ gzip:     2.04 kB │ map:      9.75 kB
out/renderer/assets/scheme-DFOq0g2y.js                                   7.16 kB │ gzip:     2.04 kB │ map:      9.77 kB
out/renderer/assets/hlsl-DDB77lmT.js                                     7.25 kB │ gzip:     2.18 kB │ map:      9.22 kB
out/renderer/assets/hlsl-DRyRj9Bu.js                                     7.25 kB │ gzip:     2.18 kB │ map:      9.20 kB
out/renderer/assets/qss-BFNmm-1S.js                                      7.46 kB │ gzip:     2.57 kB │ map:      9.38 kB
out/renderer/assets/qss-BJMbY-Qx.js                                      7.46 kB │ gzip:     2.57 kB │ map:      9.36 kB
out/renderer/assets/identity-D4tPKm6f.js                                 7.51 kB │ gzip:     2.82 kB │ map:     55.72 kB
out/renderer/assets/react-DgwTd-Uv.js                                    7.52 kB │ gzip:     2.87 kB │ map:     26.77 kB
out/renderer/assets/dart-BY0WlH4N.js                                     7.80 kB │ gzip:     1.91 kB │ map:     11.50 kB
out/renderer/assets/systemd-B3Vgcwaj.js                                  7.86 kB │ gzip:     2.54 kB │ map:     10.62 kB
out/renderer/assets/systemd-Cc4r27f-.js                                  7.86 kB │ gzip:     2.54 kB │ map:     10.60 kB
out/renderer/assets/monokai-5ra_FduO.js                                  7.88 kB │ gzip:     1.90 kB │ map:     11.07 kB
out/renderer/assets/monokai-BqXpGapO.js                                  7.88 kB │ gzip:     1.90 kB │ map:     11.09 kB
out/renderer/assets/regexp-BHMx9MD-.js                                   8.04 kB │ gzip:     1.46 kB │ map:     11.15 kB
out/renderer/assets/regexp-CmK8sNH7.js                                   8.04 kB │ gzip:     1.46 kB │ map:     11.16 kB
out/renderer/assets/haml-CscOQ0ny.js                                     8.32 kB │ gzip:     1.85 kB │ map:     12.35 kB
out/renderer/assets/haml-DEy41c_I.js                                     8.32 kB │ gzip:     1.85 kB │ map:     12.33 kB
out/renderer/assets/typst-D28Dy0jD.js                                    8.38 kB │ gzip:     1.66 kB │ map:     12.26 kB
out/renderer/assets/typst-rTB0xEp_.js                                    8.38 kB │ gzip:     1.66 kB │ map:     12.28 kB
out/renderer/assets/string-B9nXufYw.js                                   8.40 kB │ gzip:     3.60 kB │ map:     27.76 kB
out/renderer/assets/vue-html-BMgUZq9A.js                                 8.47 kB │ gzip:     1.68 kB │ map:     11.94 kB
out/renderer/assets/vue-html-CegWXDJ-.js                                 8.47 kB │ gzip:     1.68 kB │ map:     11.96 kB
out/renderer/assets/plsql-CJLRhOeo.js                                    8.50 kB │ gzip:     2.99 kB │ map:     10.87 kB
out/renderer/assets/plsql-CVhHuA_z.js                                    8.50 kB │ gzip:     2.99 kB │ map:     10.85 kB
out/renderer/assets/reduce-CSm_DkuV.js                                   8.59 kB │ gzip:     3.57 kB │ map:     75.41 kB
out/renderer/assets/dart-Di3M6wmM.js                                     8.61 kB │ gzip:     1.99 kB │ map:     12.61 kB
out/renderer/assets/horizon-FTMN1eh6.js                                  8.77 kB │ gzip:     1.94 kB │ map:     12.04 kB
out/renderer/assets/horizon-lZVa6M0G.js                                  8.77 kB │ gzip:     1.94 kB │ map:     12.06 kB
out/renderer/assets/kotlin-BBHrHeK2.js                                   8.77 kB │ gzip:     2.12 kB │ map:     12.76 kB
out/renderer/assets/kotlin-BPln9mWt.js                                   8.77 kB │ gzip:     2.12 kB │ map:     12.74 kB
out/renderer/assets/horizon-bright-foC7T8Ay.js                           8.78 kB │ gzip:     1.96 kB │ map:     12.11 kB
out/renderer/assets/horizon-bright-C53ds_22.js                           8.78 kB │ gzip:     1.96 kB │ map:     12.09 kB
out/renderer/assets/ts-tags-C_zAytYB.js                                  8.92 kB │ gzip:     1.21 kB │ map:     14.47 kB
out/renderer/assets/make-CN0Kqm-c.js                                     8.95 kB │ gzip:     1.76 kB │ map:     12.84 kB
out/renderer/assets/make-CeFsPC5y.js                                     8.95 kB │ gzip:     1.76 kB │ map:     12.82 kB
out/renderer/assets/andromeeda-CTbboLq0.js                               9.01 kB │ gzip:     2.35 kB │ map:     11.94 kB
out/renderer/assets/andromeeda-uRuTenks.js                               9.01 kB │ gzip:     2.35 kB │ map:     11.92 kB
out/renderer/assets/sas-BzBfRqQh.js                                      9.06 kB │ gzip:     3.82 kB │ map:     11.09 kB
out/renderer/assets/sas-DUSOqQlo.js                                      9.06 kB │ gzip:     3.82 kB │ map:     11.07 kB
out/renderer/assets/dark-plus-BheJEhZ5.js                                9.09 kB │ gzip:     2.10 kB │ map:     12.41 kB
out/renderer/assets/dark-plus-DZ447vtX.js                                9.09 kB │ gzip:     2.10 kB │ map:     12.39 kB
out/renderer/assets/slack-dark-BK4r8p_Y.js                               9.11 kB │ gzip:     1.96 kB │ map:     12.48 kB
out/renderer/assets/slack-dark-BOIA_upi.js                               9.11 kB │ gzip:     1.96 kB │ map:     12.50 kB
out/renderer/assets/chunk-YE7GQOST-C1RPRmNa.js                           9.27 kB │ gzip:     2.58 kB │ map:     28.56 kB
out/renderer/assets/sass-Akn4YK8_.js                                     9.28 kB │ gzip:     2.48 kB │ map:     13.38 kB
out/renderer/assets/sass-_LLRCDJE.js                                     9.28 kB │ gzip:     2.48 kB │ map:     13.40 kB
out/renderer/assets/plastic-DrJMWOq5.js                                  9.29 kB │ gzip:     1.96 kB │ map:     12.45 kB
out/renderer/assets/plastic-FirexuHa.js                                  9.29 kB │ gzip:     1.96 kB │ map:     12.47 kB
out/renderer/assets/chunk-WKBPLHUA-E_A2ic14.js                           9.36 kB │ gzip:     3.55 kB │ map:     31.21 kB
out/renderer/assets/graphlib-CAU_kFEK.js                                 9.36 kB │ gzip:     3.18 kB │ map:     66.84 kB
out/renderer/assets/slack-ochin-CP4WV4hn.js                              9.42 kB │ gzip:     2.08 kB │ map:     13.08 kB
out/renderer/assets/slack-ochin-Caoge8vf.js                              9.42 kB │ gzip:     2.08 kB │ map:     13.10 kB
out/renderer/assets/tex-C1A4zUPS.js                                      9.67 kB │ gzip:     3.06 kB │ map:     12.38 kB
out/renderer/assets/tex-b77U8fel.js                                      9.67 kB │ gzip:     3.06 kB │ map:     12.40 kB
out/renderer/assets/jison-Cff4xRSm.js                                    9.69 kB │ gzip:     1.87 kB │ map:     14.06 kB
out/renderer/assets/jison-DDXlcgt3.js                                    9.69 kB │ gzip:     1.87 kB │ map:     14.08 kB
out/renderer/assets/cmake-C9Q5LIR9.js                                    9.84 kB │ gzip:     3.37 kB │ map:     11.25 kB
out/renderer/assets/cmake-DqRZNVN0.js                                    9.84 kB │ gzip:     3.37 kB │ map:     11.23 kB
out/renderer/assets/light-plus-DjTzxjm_.js                               9.93 kB │ gzip:     2.27 kB │ map:     13.39 kB
out/renderer/assets/light-plus-RYQ1WAgO.js                               9.93 kB │ gzip:     2.27 kB │ map:     13.40 kB
out/renderer/assets/hcl-BXV0YVHB.js                                     10.04 kB │ gzip:     1.93 kB │ map:     14.77 kB
out/renderer/assets/hcl-DCJpRfU7.js                                     10.04 kB │ gzip:     1.93 kB │ map:     14.75 kB
out/renderer/assets/rst-D0Rwq6A8.js                                     10.31 kB │ gzip:     2.25 kB │ map:     15.53 kB
out/renderer/assets/rst-EHUG59hv.js                                     10.31 kB │ gzip:     2.24 kB │ map:     15.55 kB
out/renderer/assets/pkl-B_G-TAEK.js                                     10.36 kB │ gzip:     1.37 kB │ map:     15.46 kB
out/renderer/assets/pkl-DXAAzVP_.js                                     10.36 kB │ gzip:     1.37 kB │ map:     15.44 kB
out/renderer/assets/beancount-DOD-IyNw.js                               10.36 kB │ gzip:     1.43 kB │ map:     15.00 kB
out/renderer/assets/beancount-DuHYIJzt.js                               10.36 kB │ gzip:     1.43 kB │ map:     15.02 kB
out/renderer/assets/nextflow-groovy-B_th8mnL.js                         10.39 kB │ gzip:     2.12 kB │ map:     15.18 kB
out/renderer/assets/nextflow-groovy-CO82IfRr.js                         10.43 kB │ gzip:     2.13 kB │ map:     15.21 kB
out/renderer/assets/dream-maker-Dzyqxzss.js                             10.46 kB │ gzip:     2.25 kB │ map:     15.09 kB
out/renderer/assets/dream-maker-Igmoy_pZ.js                             10.46 kB │ gzip:     2.25 kB │ map:     15.07 kB
out/renderer/assets/raku-BAeDcQfB.js                                    10.46 kB │ gzip:     2.94 kB │ map:     12.89 kB
out/renderer/assets/raku-KPYaYXWg.js                                    10.46 kB │ gzip:     2.94 kB │ map:     12.87 kB
out/renderer/assets/stateDiagram-FHFEXIEX-Ck4FNBHZ.js                   10.55 kB │ gzip:     3.70 kB │ map:     33.16 kB
out/renderer/assets/yaml-CXyrDom_.js                                    10.56 kB │ gzip:     2.31 kB │ map:     14.87 kB
out/renderer/assets/yaml-DA5fc5Wi.js                                    10.56 kB │ gzip:     2.31 kB │ map:     14.85 kB
out/renderer/assets/just-B749f4lv.js                                    10.76 kB │ gzip:     2.60 kB │ map:     15.23 kB
out/renderer/assets/just-ChgGNTTO.js                                    10.76 kB │ gzip:     2.60 kB │ map:     15.21 kB
out/renderer/assets/diagram-G4DWMVQ6-roJsTS8y.js                        10.83 kB │ gzip:     3.73 kB │ map:     34.70 kB
out/renderer/assets/elm-DeXB3G8f.js                                     10.94 kB │ gzip:     2.10 kB │ map:     16.00 kB
out/renderer/assets/elm-DiMExpZs.js                                     10.94 kB │ gzip:     2.09 kB │ map:     16.02 kB
out/renderer/assets/dagre-KV5264BT-Dp5Bqf6L.js                          11.07 kB │ gzip:     4.14 kB │ map:     41.90 kB
out/renderer/assets/github-light--0QeL6fw.js                            11.18 kB │ gzip:     2.49 kB │ map:     15.38 kB
out/renderer/assets/github-light-DSwFEi9g.js                            11.18 kB │ gzip:     2.49 kB │ map:     15.40 kB
out/renderer/assets/prolog-Bu2pTFLj.js                                  11.34 kB │ gzip:     3.84 kB │ map:     13.28 kB
out/renderer/assets/prolog-yU9FI-U6.js                                  11.34 kB │ gzip:     3.84 kB │ map:     13.26 kB
out/renderer/assets/terraform-CDZah1wZ.js                               11.38 kB │ gzip:     2.51 kB │ map:     16.18 kB
out/renderer/assets/terraform-qw3fpgH8.js                               11.38 kB │ gzip:     2.51 kB │ map:     16.20 kB
out/renderer/assets/github-dark-DEROJauw.js                             11.40 kB │ gzip:     2.53 kB │ map:     15.65 kB
out/renderer/assets/github-dark-DjNnwn-c.js                             11.40 kB │ gzip:     2.53 kB │ map:     15.67 kB
out/renderer/assets/puppet-OwE2BHlw.js                                  11.43 kB │ gzip:     2.10 kB │ map:     16.28 kB
out/renderer/assets/puppet-mJRaQxgY.js                                  11.43 kB │ gzip:     2.10 kB │ map:     16.30 kB
out/renderer/assets/laserwave-Bgcuxmu1.js                               11.49 kB │ gzip:     2.57 kB │ map:     14.67 kB
out/renderer/assets/laserwave-BuyxC8Ct.js                               11.49 kB │ gzip:     2.57 kB │ map:     14.69 kB
out/renderer/assets/gherkin-BK26xT4w.js                                 11.93 kB │ gzip:     5.04 kB │ map:     13.10 kB
out/renderer/assets/gherkin-jscwaYQW.js                                 11.93 kB │ gzip:     5.04 kB │ map:     13.08 kB
out/renderer/assets/wasm-1IfZj07N.js                                    12.00 kB │ gzip:     2.17 kB │ map:     16.80 kB
out/renderer/assets/wasm-bxBA7AGw.js                                    12.00 kB │ gzip:     2.17 kB │ map:     16.82 kB
out/renderer/assets/hjson-CQT7S0c8.js                                   12.04 kB │ gzip:     1.64 kB │ map:     17.27 kB
out/renderer/assets/hjson-ClElG11C.js                                   12.04 kB │ gzip:     1.64 kB │ map:     17.25 kB
out/renderer/assets/handlebars-BmiB5MFM.js                              12.16 kB │ gzip:     2.38 kB │ map:     17.34 kB
out/renderer/assets/handlebars-Z7cideNy.js                              12.16 kB │ gzip:     2.38 kB │ map:     17.36 kB
out/renderer/assets/apache-Bb2A1qs3.js                                  12.44 kB │ gzip:     3.71 kB │ map:     15.93 kB
out/renderer/assets/apache-V_rToBnK.js                                  12.44 kB │ gzip:     3.71 kB │ map:     15.91 kB
out/renderer/assets/vesper-CumjRqeM.js                                  12.68 kB │ gzip:     1.98 kB │ map:     16.16 kB
out/renderer/assets/vesper-LlUZjBk6.js                                  12.68 kB │ gzip:     1.98 kB │ map:     16.14 kB
out/renderer/assets/bat-CsYd6TYU.js                                     12.88 kB │ gzip:     3.22 kB │ map:     17.38 kB
out/renderer/assets/bat-DeSCX4ZX.js                                     12.88 kB │ gzip:     3.22 kB │ map:     17.36 kB
out/renderer/assets/browser-BXZQ8Du3.js                                 12.96 kB │ gzip:     6.36 kB │ map:    117.13 kB
out/renderer/assets/fish-BUgKIUsl.js                                    13.03 kB │ gzip:     1.73 kB │ map:     16.84 kB
out/renderer/assets/fish-Cq2HxiY5.js                                    13.03 kB │ gzip:     1.73 kB │ map:     16.82 kB
out/renderer/assets/v-BbhLx4Mc.js                                       13.20 kB │ gzip:     2.73 kB │ map:     19.23 kB
out/renderer/assets/v-Cb0-xVN9.js                                       13.20 kB │ gzip:     2.73 kB │ map:     19.25 kB
out/renderer/assets/vitesse-light-CNQNPWma.js                           13.61 kB │ gzip:     3.03 kB │ map:     18.53 kB
out/renderer/assets/vitesse-light-DG0IFf34.js                           13.61 kB │ gzip:     3.03 kB │ map:     18.52 kB
out/renderer/assets/aurora-x-C3QsnRVL.js                                13.65 kB │ gzip:     2.28 kB │ map:     17.56 kB
out/renderer/assets/aurora-x-CFfWJhgz.js                                13.65 kB │ gzip:     2.28 kB │ map:     17.54 kB
out/renderer/assets/vitesse-black-Cr98a-pJ.js                           13.67 kB │ gzip:     3.05 kB │ map:     18.62 kB
out/renderer/assets/vitesse-black-D_QTG5JY.js                           13.67 kB │ gzip:     3.05 kB │ map:     18.60 kB
out/renderer/assets/vitesse-dark-BqC0GdyH.js                            13.75 kB │ gzip:     3.06 kB │ map:     18.70 kB
out/renderer/assets/vitesse-dark-PL7FMT7u.js                            13.75 kB │ gzip:     3.06 kB │ map:     18.68 kB
out/renderer/assets/pug-BLlCXFMA.js                                     13.84 kB │ gzip:     2.58 kB │ map:     20.49 kB
out/renderer/assets/pug-COL5IZAU.js                                     13.84 kB │ gzip:     2.58 kB │ map:     20.47 kB
out/renderer/assets/luau--sHbXoQw.js                                    13.95 kB │ gzip:     3.16 kB │ map:     19.61 kB
out/renderer/assets/luau-BctAb7SF.js                                    13.95 kB │ gzip:     3.16 kB │ map:     19.59 kB
out/renderer/assets/synthwave-84-Bran-vYk.js                            14.03 kB │ gzip:     2.85 kB │ map:     19.06 kB
out/renderer/assets/synthwave-84-DnMiozYi.js                            14.03 kB │ gzip:     2.85 kB │ map:     19.08 kB
out/renderer/assets/github-light-default-DQXOkWoX.js                    14.15 kB │ gzip:     3.02 kB │ map:     19.26 kB
out/renderer/assets/github-light-default-Y0Orvy4i.js                    14.15 kB │ gzip:     3.02 kB │ map:     19.24 kB
out/renderer/assets/clarity-BFuVth7-.js                                 14.26 kB │ gzip:     2.46 kB │ map:     19.92 kB
out/renderer/assets/clarity-C_tg9Fuv.js                                 14.26 kB │ gzip:     2.46 kB │ map:     19.90 kB
out/renderer/assets/github-light-high-contrast-3GIxfenY.js              14.27 kB │ gzip:     3.00 kB │ map:     19.43 kB
out/renderer/assets/github-light-high-contrast-mqxviKKE.js              14.27 kB │ gzip:     3.00 kB │ map:     19.41 kB
out/renderer/assets/github-dark-dimmed-BwAaU4Wc.js                      14.43 kB │ gzip:     3.11 kB │ map:     19.61 kB
out/renderer/assets/github-dark-dimmed-C0tsk0sW.js                      14.43 kB │ gzip:     3.11 kB │ map:     19.63 kB
out/renderer/assets/github-dark-default-CyMAz5Jn.js                     14.43 kB │ gzip:     3.12 kB │ map:     19.62 kB
out/renderer/assets/github-dark-default-Dov9Yctq.js                     14.43 kB │ gzip:     3.12 kB │ map:     19.64 kB
out/renderer/assets/Line-CZvohjp3.js                                    14.46 kB │ gzip:     4.66 kB │ map:     58.97 kB
out/renderer/assets/github-dark-high-contrast-CRJn3-Te.js               14.59 kB │ gzip:     3.07 kB │ map:     19.84 kB
out/renderer/assets/github-dark-high-contrast-DQbq2cMM.js               14.59 kB │ gzip:     3.07 kB │ map:     19.86 kB
out/renderer/assets/gnuplot-BSYaUHhD.js                                 14.77 kB │ gzip:     3.27 kB │ map:     20.78 kB
out/renderer/assets/gnuplot-BaY2tSf2.js                                 14.77 kB │ gzip:     3.27 kB │ map:     20.80 kB
out/renderer/assets/time-CJDNrpwy.js                                    14.92 kB │ gzip:     4.81 kB │ map:     62.47 kB
out/renderer/assets/rust-BbUKrFuh.js                                    15.06 kB │ gzip:     2.71 kB │ map:     21.44 kB
out/renderer/assets/rust-CFOcWIMK.js                                    15.06 kB │ gzip:     2.71 kB │ map:     21.42 kB
out/renderer/assets/kusto-K1xuRQdK.js                                   15.16 kB │ gzip:     3.93 kB │ map:     19.60 kB
out/renderer/assets/kusto-_SNqvSfL.js                                   15.16 kB │ gzip:     3.92 kB │ map:     19.58 kB
out/renderer/assets/actionscript-3-7hi9ErYM.js                          15.19 kB │ gzip:     2.67 kB │ map:     21.43 kB
out/renderer/assets/actionscript-3-DCinn5mP.js                          15.19 kB │ gzip:     2.67 kB │ map:     21.41 kB
out/renderer/assets/nix-BFvCDzLn.js                                     15.50 kB │ gzip:     2.47 kB │ map:     22.81 kB
out/renderer/assets/nix-FLv7uu8a.js                                     15.50 kB │ gzip:     2.47 kB │ map:     22.85 kB
out/renderer/assets/lua-DDD6qXA9.js                                     15.58 kB │ gzip:     3.18 kB │ map:     22.10 kB
out/renderer/assets/lua-Do83F6qQ.js                                     15.58 kB │ gzip:     3.18 kB │ map:     22.08 kB
out/renderer/assets/abap-3Anu1fwi.js                                    15.84 kB │ gzip:     5.93 kB │ map:     18.80 kB
out/renderer/assets/abap-BtCMa4FI.js                                    15.84 kB │ gzip:     5.93 kB │ map:     18.82 kB
out/renderer/assets/solidity-BmZykXSK.js                                16.06 kB │ gzip:     3.09 kB │ map:     23.41 kB
out/renderer/assets/solidity-Dl8oRVr0.js                                16.06 kB │ gzip:     3.09 kB │ map:     23.43 kB
out/renderer/assets/matlab-D7fOoC1a.js                                  16.07 kB │ gzip:     3.06 kB │ map:     23.33 kB
out/renderer/assets/matlab-Dys4CFMQ.js                                  16.07 kB │ gzip:     3.06 kB │ map:     23.35 kB
out/renderer/assets/cue-O6lt3NIC.js                                     16.19 kB │ gzip:     2.04 kB │ map:     23.75 kB
out/renderer/assets/cue-u3faS5lG.js                                     16.19 kB │ gzip:     2.04 kB │ map:     23.77 kB
out/renderer/assets/elixir-BJ6AT0kB.js                                  16.26 kB │ gzip:     2.76 kB │ map:     23.12 kB
out/renderer/assets/elixir-BmDe6Iip.js                                  16.26 kB │ gzip:     2.76 kB │ map:     23.10 kB
out/renderer/assets/Bar-af4bECVK.js                                     16.39 kB │ gzip:     5.68 kB │ map:     71.33 kB
out/renderer/assets/odin-COcYpx63.js                                    16.50 kB │ gzip:     2.92 kB │ map:     23.76 kB
out/renderer/assets/odin-DeReNX9e.js                                    16.50 kB │ gzip:     2.92 kB │ map:     23.78 kB
out/renderer/assets/ts-tags-BRHR2UPI.js                                 16.54 kB │ gzip:     2.06 kB │ map:     24.42 kB
out/renderer/assets/pptx-preview-viewer-DyGDYJzm.js                     16.88 kB │ gzip:     6.18 kB │ map:     61.77 kB
out/renderer/assets/esm-DhIEF6qP.js                                     16.95 kB │ gzip:     5.13 kB │ map:     53.29 kB
out/renderer/assets/bird2-CEO175g_.js                                   16.96 kB │ gzip:     3.84 kB │ map:     23.21 kB
out/renderer/assets/kanagawa-wave-CKEAQAmC.js                           17.12 kB │ gzip:     2.90 kB │ map:     22.26 kB
out/renderer/assets/kanagawa-wave-Cx3SbPse.js                           17.12 kB │ gzip:     2.90 kB │ map:     22.24 kB
out/renderer/assets/kanagawa-lotus-D0NHxukZ.js                          17.12 kB │ gzip:     2.90 kB │ map:     22.25 kB
out/renderer/assets/kanagawa-lotus-Qrt3AulB.js                          17.12 kB │ gzip:     2.90 kB │ map:     22.27 kB
out/renderer/assets/kanagawa-dragon-AINfIWmv.js                         17.12 kB │ gzip:     2.92 kB │ map:     22.25 kB
out/renderer/assets/kanagawa-dragon-CozPWa7I.js                         17.12 kB │ gzip:     2.92 kB │ map:     22.27 kB
out/renderer/assets/ishikawaDiagram-UXIWVN3A-DuFp5NII.js                17.30 kB │ gzip:     6.51 kB │ map:     57.98 kB
out/renderer/assets/move-CeFBApyQ.js                                    17.49 kB │ gzip:     3.06 kB │ map:     26.25 kB
out/renderer/assets/move-CeoTJFLr.js                                    17.49 kB │ gzip:     3.06 kB │ map:     26.23 kB
out/renderer/assets/chunk-5PVQY5BW-B5X4T0wM.js                          17.92 kB │ gzip:     6.60 kB │ map:     78.99 kB
out/renderer/assets/graphql-C7yBxF-M.js                                 18.07 kB │ gzip:     2.53 kB │ map:     25.44 kB
out/renderer/assets/graphql-C_zSgc5p.js                                 18.07 kB │ gzip:     2.53 kB │ map:     25.42 kB
out/renderer/assets/liquid-CRdOvbcY.js                                  18.10 kB │ gzip:     3.15 kB │ map:     25.19 kB
out/renderer/assets/liquid-yVu_FNxG.js                                  18.10 kB │ gzip:     3.14 kB │ map:     25.21 kB
out/renderer/assets/svelte-By1hYcTT.js                                  18.24 kB │ gzip:     3.14 kB │ map:     25.69 kB
out/renderer/assets/svelte-QXgw75DB.js                                  18.24 kB │ gzip:     3.14 kB │ map:     25.71 kB
out/renderer/assets/material-theme-CZ5J-YdQ.js                          18.61 kB │ gzip:     3.10 kB │ map:     24.08 kB
out/renderer/assets/material-theme-Xrvrz0n3.js                          18.61 kB │ gzip:     3.10 kB │ map:     24.10 kB
out/renderer/assets/material-theme-darker-D9-4Arcb.js                   18.62 kB │ gzip:     3.10 kB │ map:     24.12 kB
out/renderer/assets/material-theme-darker-j5GgrMTK.js                   18.62 kB │ gzip:     3.10 kB │ map:     24.14 kB
out/renderer/assets/material-theme-ocean-B2Ld7CF_.js                    18.62 kB │ gzip:     3.12 kB │ map:     24.13 kB
out/renderer/assets/material-theme-ocean-BDAuu7Y1.js                    18.62 kB │ gzip:     3.12 kB │ map:     24.12 kB
out/renderer/assets/material-theme-lighter-BiD68vqO.js                  18.63 kB │ gzip:     3.10 kB │ map:     24.13 kB
out/renderer/assets/material-theme-lighter-D_v35apz.js                  18.63 kB │ gzip:     3.10 kB │ map:     24.15 kB
out/renderer/assets/material-theme-palenight-DmwXoF0U.js                18.63 kB │ gzip:     3.11 kB │ map:     24.13 kB
out/renderer/assets/material-theme-palenight-EVIL2a7i.js                18.63 kB │ gzip:     3.11 kB │ map:     24.15 kB
out/renderer/assets/gdscript-DlORXxRz.js                                18.98 kB │ gzip:     3.75 kB │ map:     26.23 kB
out/renderer/assets/gdscript-W-jYXxVJ.js                                18.98 kB │ gzip:     3.75 kB │ map:     26.22 kB
out/renderer/assets/groovy-BHsHYOKF.js                                  19.17 kB │ gzip:     3.59 kB │ map:     27.48 kB
out/renderer/assets/groovy-DqUS67Mg.js                                  19.17 kB │ gzip:     3.59 kB │ map:     27.50 kB
out/renderer/assets/mdc-3OrdQAQV.js                                     19.54 kB │ gzip:     6.66 kB │ map:     23.07 kB
out/renderer/assets/mdc-BzX-7dJq.js                                     19.54 kB │ gzip:     6.66 kB │ map:     23.05 kB
out/renderer/assets/sankeyDiagram-XADWPNL6-DxWprulL.js                  19.89 kB │ gzip:     7.15 kB │ map:     71.15 kB
out/renderer/assets/ArtifactChartView-CIm1JdnP.js                       19.99 kB │ gzip:     6.73 kB │ map:     80.49 kB
out/renderer/assets/ayu-dark-CZk3VEeM.js                                20.07 kB │ gzip:     3.93 kB │ map:     27.03 kB
out/renderer/assets/ayu-dark-DycmF6ZL.js                                20.07 kB │ gzip:     3.93 kB │ map:     27.01 kB
out/renderer/assets/ayu-mirage-D7L4wXuQ.js                              20.08 kB │ gzip:     3.91 kB │ map:     27.02 kB
out/renderer/assets/ayu-mirage-X-cWwian.js                              20.08 kB │ gzip:     3.91 kB │ map:     27.04 kB
out/renderer/assets/glimmer-js-B7V4po0d.js                              20.08 kB │ gzip:     2.94 kB │ map:     28.56 kB
out/renderer/assets/glimmer-js-CjpE-Nwf.js                              20.08 kB │ gzip:     2.94 kB │ map:     28.58 kB
out/renderer/assets/glimmer-ts-BddA2r1s.js                              20.08 kB │ gzip:     2.93 kB │ map:     28.58 kB
out/renderer/assets/glimmer-ts-Dzphs18O.js                              20.08 kB │ gzip:     2.94 kB │ map:     28.56 kB
out/renderer/assets/powershell-Cdjd8TFg.js                              20.14 kB │ gzip:     4.05 kB │ map:     26.55 kB
out/renderer/assets/powershell-CjI84kH9.js                              20.14 kB │ gzip:     4.05 kB │ map:     26.57 kB
out/renderer/assets/ayu-light-56t-vTlW.js                               20.14 kB │ gzip:     3.89 kB │ map:     27.11 kB
out/renderer/assets/ayu-light-DBxTZxns.js                               20.14 kB │ gzip:     3.89 kB │ map:     27.09 kB
out/renderer/assets/kanban-definition-6JOO6SKY-CNHEoGhd.js              20.22 kB │ gzip:     7.13 kB │ map:     63.72 kB
out/renderer/assets/viml-BJ7LR9ql.js                                    20.35 kB │ gzip:     6.73 kB │ map:     23.46 kB
out/renderer/assets/viml-eP_Urgc5.js                                    20.35 kB │ gzip:     6.73 kB │ map:     23.48 kB
out/renderer/assets/nushell-a9asV5IY.js                                 20.40 kB │ gzip:     5.21 kB │ map:     27.64 kB
out/renderer/assets/nushell-pJRzvroz.js                                 20.40 kB │ gzip:     5.21 kB │ map:     27.62 kB
out/renderer/assets/AppUsageModelUsagePieChart-BLhhk0CQ.js              20.70 kB │ gzip:     6.62 kB │ map:     76.11 kB
out/renderer/assets/snazzy-light-Diu9lBdn.js                            20.77 kB │ gzip:     3.80 kB │ map:     27.99 kB
out/renderer/assets/snazzy-light-DyQ3btbh.js                            20.77 kB │ gzip:     3.80 kB │ map:     27.98 kB
out/renderer/assets/twig-BkaGQuol.js                                    20.90 kB │ gzip:     3.66 kB │ map:     29.18 kB
out/renderer/assets/twig-ByXwSw-o.js                                    20.90 kB │ gzip:     3.66 kB │ map:     29.20 kB
out/renderer/assets/dracula-BayG4rqh.js                                 21.06 kB │ gzip:     3.99 kB │ map:     27.48 kB
out/renderer/assets/dracula-Bxqw61Kd.js                                 21.06 kB │ gzip:     3.99 kB │ map:     27.46 kB
out/renderer/assets/dracula-soft-CINQHdn3.js                            21.07 kB │ gzip:     4.02 kB │ map:     27.49 kB
out/renderer/assets/dracula-soft-CMKzzPo2.js                            21.07 kB │ gzip:     4.02 kB │ map:     27.51 kB
out/renderer/assets/wit-9Xf0ue99.js                                     21.46 kB │ gzip:     2.87 kB │ map:     30.08 kB
out/renderer/assets/wit-BxE2Hi8Z.js                                     21.46 kB │ gzip:     2.87 kB │ map:     30.06 kB
out/renderer/assets/rose-pine-B3dUvKv7.js                               21.74 kB │ gzip:     3.86 kB │ map:     28.75 kB
out/renderer/assets/rose-pine-COiLtSfB.js                               21.74 kB │ gzip:     3.86 kB │ map:     28.73 kB
out/renderer/assets/rose-pine-moon-DVHzWNAe.js                          21.75 kB │ gzip:     3.87 kB │ map:     28.78 kB
out/renderer/assets/rose-pine-moon-FvmyUICW.js                          21.75 kB │ gzip:     3.87 kB │ map:     28.76 kB
out/renderer/assets/rose-pine-dawn-Bw4anmkE.js                          21.75 kB │ gzip:     3.88 kB │ map:     28.76 kB
out/renderer/assets/rose-pine-dawn-CKFskWLG.js                          21.75 kB │ gzip:     3.88 kB │ map:     28.78 kB
out/renderer/assets/nim-Ce-fe3Y-.js                                     22.45 kB │ gzip:     3.15 kB │ map:     32.71 kB
out/renderer/assets/nim-DVkxbw0B.js                                     22.45 kB │ gzip:     3.15 kB │ map:     32.73 kB
out/renderer/assets/common-lisp-CAnIbOoF.js                             22.57 kB │ gzip:     6.07 kB │ map:     26.64 kB
out/renderer/assets/common-lisp-Ci_TjRap.js                             22.57 kB │ gzip:     6.07 kB │ map:     26.66 kB
out/renderer/assets/surrealql-BoMwOVd8.js                               22.58 kB │ gzip:     4.31 kB │ map:     32.44 kB
out/renderer/assets/surrealql-Ch5KXLKF.js                               22.58 kB │ gzip:     4.31 kB │ map:     32.43 kB
out/renderer/assets/gruvbox-dark-hard-DsW1I4E8.js                       22.63 kB │ gzip:     4.15 kB │ map:     30.55 kB
out/renderer/assets/gruvbox-dark-hard-OpFcJW4W.js                       22.63 kB │ gzip:     4.15 kB │ map:     30.53 kB
out/renderer/assets/gruvbox-dark-soft-CnBVUURN.js                       22.63 kB │ gzip:     4.15 kB │ map:     30.53 kB
out/renderer/assets/gruvbox-dark-soft-zS1sVMuI.js                       22.63 kB │ gzip:     4.15 kB │ map:     30.55 kB
out/renderer/assets/gruvbox-light-hard-BcI2V3hF.js                      22.63 kB │ gzip:     4.16 kB │ map:     30.53 kB
out/renderer/assets/gruvbox-light-hard-HooATYBX.js                      22.63 kB │ gzip:     4.16 kB │ map:     30.55 kB
out/renderer/assets/gruvbox-light-soft-B6-lVPcL.js                      22.63 kB │ gzip:     4.16 kB │ map:     30.55 kB
out/renderer/assets/gruvbox-light-soft-BuV9V9Ur.js                      22.63 kB │ gzip:     4.16 kB │ map:     30.53 kB
out/renderer/assets/gruvbox-dark-medium-B3KLVyWf.js                     22.63 kB │ gzip:     4.15 kB │ map:     30.54 kB
out/renderer/assets/gruvbox-dark-medium-B4w6vR4u.js                     22.63 kB │ gzip:     4.15 kB │ map:     30.56 kB
out/renderer/assets/gruvbox-light-medium-CRlCtJ9j.js                    22.63 kB │ gzip:     4.16 kB │ map:     30.56 kB
out/renderer/assets/gruvbox-light-medium-CSgZRK6V.js                    22.63 kB │ gzip:     4.16 kB │ map:     30.54 kB
out/renderer/assets/bird2-DE8YhPaI.js                                   22.93 kB │ gzip:     4.65 kB │ map:     31.01 kB
out/renderer/assets/journeyDiagram-VCZTEJTY-Bj5pmoQc.js                 23.16 kB │ gzip:     8.15 kB │ map:     74.00 kB
out/renderer/assets/sql-m4Me52TZ.js                                     23.46 kB │ gzip:     7.48 kB │ map:     27.89 kB
out/renderer/assets/sql-u98PU_7_.js                                     23.46 kB │ gzip:     7.48 kB │ map:     27.87 kB
out/renderer/assets/mindmap-definition-QFDTVHPH-Ihvz8WTI.js             23.65 kB │ gzip:     8.06 kB │ map:     72.81 kB
out/renderer/assets/cadence-B7UD8wup.js                                 23.66 kB │ gzip:     3.65 kB │ map:     33.56 kB
out/renderer/assets/cadence-Dz_JXJBM.js                                 23.66 kB │ gzip:     3.65 kB │ map:     33.54 kB
out/renderer/assets/index-jTSHx4sY.js                                   23.87 kB │ gzip:     6.90 kB │ map:     72.61 kB
out/renderer/assets/wardleyDiagram-NUSXRM2D-Dqgpb-nD.js                 23.87 kB │ gzip:     6.28 kB │ map:     72.93 kB
out/renderer/assets/typespec-mS4cDybw.js                                24.01 kB │ gzip:     2.58 kB │ map:     33.42 kB
out/renderer/assets/astro-DHkgiskS.js                                   24.02 kB │ gzip:     7.60 kB │ map:     29.10 kB
out/renderer/assets/astro-DLdwvRfZ.js                                   24.02 kB │ gzip:     7.60 kB │ map:     29.12 kB
out/renderer/assets/apl-C9Pn-Tfg.js                                     24.02 kB │ gzip:     4.16 kB │ map:     33.29 kB
out/renderer/assets/apl-uH16CBEJ.js                                     24.02 kB │ gzip:     4.17 kB │ map:     33.31 kB
out/renderer/assets/templ-CGEdzTir.js                                   24.06 kB │ gzip:     5.41 kB │ map:     30.85 kB
out/renderer/assets/templ-u_kasdwi.js                                   24.06 kB │ gzip:     5.41 kB │ map:     30.87 kB
out/renderer/assets/angular-html-Be3gCutL.js                            24.23 kB │ gzip:     3.98 kB │ map:     35.55 kB
out/renderer/assets/angular-html-TDPgkpWb.js                            24.23 kB │ gzip:     3.98 kB │ map:     35.46 kB
out/renderer/assets/vhdl-BMSvhuzY.js                                    24.25 kB │ gzip:     3.86 kB │ map:     33.34 kB
out/renderer/assets/vhdl-DG6qY-Dc.js                                    24.25 kB │ gzip:     3.86 kB │ map:     33.36 kB
out/renderer/assets/vue-COR3Bb3_.js                                     24.48 kB │ gzip:     2.96 kB │ map:     36.52 kB
out/renderer/assets/vue-D7vzQHuj.js                                     24.48 kB │ gzip:     2.96 kB │ map:     36.62 kB
out/renderer/assets/purescript-BMFYqd8-.js                              24.67 kB │ gzip:     3.24 kB │ map:     34.86 kB
out/renderer/assets/purescript-DKV1tUIJ.js                              24.67 kB │ gzip:     3.24 kB │ map:     34.85 kB
out/renderer/assets/typespec-CGzyBBXR.js                                25.03 kB │ gzip:     2.62 kB │ map:     34.65 kB
out/renderer/assets/one-light-CQRu21JA.js                               25.29 kB │ gzip:     3.63 kB │ map:     33.76 kB
out/renderer/assets/one-light-rgiR_Je5.js                               25.29 kB │ gzip:     3.63 kB │ map:     33.78 kB
out/renderer/assets/fsharp-CePEkXZf.js                                  25.30 kB │ gzip:     4.12 kB │ map:     35.84 kB
out/renderer/assets/fsharp-DLaEHuYT.js                                  25.30 kB │ gzip:     4.12 kB │ map:     35.82 kB
out/renderer/assets/marko-D3PsyQSd.js                                   25.48 kB │ gzip:     3.59 kB │ map:     35.79 kB
out/renderer/assets/marko-D65sH7bP.js                                   25.48 kB │ gzip:     3.59 kB │ map:     35.81 kB
out/renderer/assets/c3-CHd6qBki.js                                      25.62 kB │ gzip:     3.85 kB │ map:     37.14 kB
out/renderer/assets/c3-D6_2UB83.js                                      25.62 kB │ gzip:     3.85 kB │ map:     37.16 kB
out/renderer/assets/night-owl-light-Cu9EHEGV.js                         25.89 kB │ gzip:     4.23 kB │ map:     35.11 kB
out/renderer/assets/night-owl-light-SylP0y6c.js                         25.89 kB │ gzip:     4.23 kB │ map:     35.13 kB
out/renderer/assets/system-verilog-BhE4mmNP.js                          26.19 kB │ gzip:     4.82 kB │ map:     36.22 kB
out/renderer/assets/system-verilog-CDTfqwsr.js                          26.19 kB │ gzip:     4.82 kB │ map:     36.24 kB
out/renderer/assets/nord-C2MMorl5.js                                    26.72 kB │ gzip:     4.35 kB │ map:     35.33 kB
out/renderer/assets/nord-obty7C8r.js                                    26.72 kB │ gzip:     4.35 kB │ map:     35.31 kB
out/renderer/assets/erDiagram-SMLLAGMA-DHx1QQVo.js                      26.81 kB │ gzip:     9.33 kB │ map:     85.01 kB
out/renderer/assets/codeql-BCAA9J0E.js                                  26.87 kB │ gzip:     3.79 kB │ map:     35.99 kB
out/renderer/assets/codeql-DME3OvMs.js                                  26.87 kB │ gzip:     3.79 kB │ map:     35.97 kB
out/renderer/assets/rough.esm-h5O9dBRZ.js                               27.10 kB │ gzip:     8.85 kB │ map:     71.32 kB
out/renderer/assets/bundle-mjs-BA-AExN9.js                              27.25 kB │ gzip:     8.67 kB │ map:    139.70 kB
out/renderer/assets/scss-B4-JuDU-.js                                    27.25 kB │ gzip:     4.22 kB │ map:     38.31 kB
out/renderer/assets/scss-CPTODzyL.js                                    27.25 kB │ gzip:     4.22 kB │ map:     38.29 kB
out/renderer/assets/java-Ckr1X99A.js                                    27.27 kB │ gzip:     4.30 kB │ map:     38.60 kB
out/renderer/assets/java-CwsfXCRY.js                                    27.27 kB │ gzip:     4.30 kB │ map:     38.59 kB
out/renderer/assets/coffee-Bue5PTcs.js                                  27.42 kB │ gzip:     6.35 kB │ map:     36.04 kB
out/renderer/assets/coffee-CZ0qIyrv.js                                  27.42 kB │ gzip:     6.35 kB │ map:     36.06 kB
out/renderer/assets/razor-C3MB0pjJ.js                                   27.45 kB │ gzip:     3.54 kB │ map:     38.28 kB
out/renderer/assets/razor-DTDClcos.js                                   27.45 kB │ gzip:     3.54 kB │ map:     38.26 kB
out/renderer/assets/scala-D6k4VoFz.js                                   28.87 kB │ gzip:     3.92 kB │ map:     40.09 kB
out/renderer/assets/scala-DOtkHgjo.js                                   28.87 kB │ gzip:     3.92 kB │ map:     40.07 kB
out/renderer/assets/night-owl-C5BzIzVp.js                               28.91 kB │ gzip:     5.14 kB │ map:     39.01 kB
out/renderer/assets/night-owl-J4BwlgVb.js                               28.91 kB │ gzip:     5.14 kB │ map:     39.03 kB
out/renderer/assets/gitGraphDiagram-UUTBAWPF-D1BijAkF.js                28.97 kB │ gzip:     8.55 kB │ map:    109.56 kB
out/renderer/assets/duke_sheets_wasm-hUEivGq9.js                        28.98 kB │ gzip:     6.59 kB │ map:    108.85 kB
out/renderer/assets/pierre-dark-DcO0hL9q.js                             29.34 kB │ gzip:     4.51 kB │ map:     32.87 kB
out/renderer/assets/pierre-light-DPnp3OWe.js                            29.34 kB │ gzip:     4.48 kB │ map:     32.87 kB
out/renderer/assets/crystal-BqoH3hUU.js                                 29.41 kB │ gzip:     4.44 kB │ map:     41.15 kB
out/renderer/assets/crystal-C278WDQp.js                                 29.41 kB │ gzip:     4.44 kB │ map:     41.13 kB
out/renderer/assets/mermaid-Dbi0USrH.js                                 29.50 kB │ gzip:     3.64 kB │ map:     44.09 kB
out/renderer/assets/mermaid-Delf3g2B.js                                 29.50 kB │ gzip:     3.64 kB │ map:     44.07 kB
out/renderer/assets/applescript-BH1Z6imi.js                             29.56 kB │ gzip:     5.94 kB │ map:     39.30 kB
out/renderer/assets/applescript-Cg6xspBX.js                             29.56 kB │ gzip:     5.94 kB │ map:     39.32 kB
out/renderer/assets/timeline-definition-GMOUNBTQ-BIKaI0Zp.js            30.39 kB │ gzip:     9.96 kB │ map:     99.34 kB
out/renderer/assets/dagre-BQlNMo5T.js                                   30.42 kB │ gzip:    10.94 kB │ map:    186.34 kB
out/renderer/assets/CartesianChart-D2dC3TSE.js                          30.43 kB │ gzip:     8.18 kB │ map:    118.91 kB
out/renderer/assets/requirementDiagram-MS252O5E-CWr1G1-e.js             30.96 kB │ gzip:     9.76 kB │ map:     94.18 kB
out/renderer/assets/julia-D2ZjmT5W.js                                   30.99 kB │ gzip:     4.30 kB │ map:     40.50 kB
out/renderer/assets/julia-ghsc0GOk.js                                   30.99 kB │ gzip:     4.30 kB │ map:     40.52 kB
out/renderer/assets/stylus-BCb12ARW.js                                  31.06 kB │ gzip:     8.01 kB │ map:     38.83 kB
out/renderer/assets/stylus-BpdM0MDI.js                                  31.06 kB │ gzip:     8.01 kB │ map:     38.85 kB
out/renderer/assets/quadrantDiagram-34T5L4WZ-Q57rLWNO.js                33.34 kB │ gzip:     9.70 kB │ map:    104.27 kB
out/renderer/assets/poimandres-CjmNJDxo.js                              33.49 kB │ gzip:     5.49 kB │ map:     43.04 kB
out/renderer/assets/poimandres-DYqkQ6-K.js                              33.49 kB │ gzip:     5.49 kB │ map:     43.02 kB
out/renderer/assets/chunk-ENJZ2VHE-JMHFjqoB.js                          33.51 kB │ gzip:     7.10 kB │ map:     94.67 kB
out/renderer/assets/one-dark-pro-DGe-zHID.js                            33.78 kB │ gzip:     5.50 kB │ map:     44.48 kB
out/renderer/assets/one-dark-pro-Dxut-F67.js                            33.78 kB │ gzip:     5.50 kB │ map:     44.46 kB
out/renderer/assets/bsl-C0vBUB-X.js                                     33.86 kB │ gzip:     8.34 kB │ map:     37.56 kB
out/renderer/assets/bsl-DW52rvKZ.js                                     33.86 kB │ gzip:     8.34 kB │ map:     37.58 kB
out/renderer/assets/haxe-BdtPmmUJ.js                                    35.15 kB │ gzip:     5.90 kB │ map:     49.48 kB
out/renderer/assets/haxe-DcrJ1jtH.js                                    35.15 kB │ gzip:     5.90 kB │ map:     49.49 kB
out/renderer/assets/nginx-BOMcEKJs.js                                   35.35 kB │ gzip:     4.45 kB │ map:     48.45 kB
out/renderer/assets/nginx-D1SPQp5l.js                                   35.35 kB │ gzip:     4.45 kB │ map:     48.43 kB
out/renderer/assets/houston-BT91RjGN.js                                 35.41 kB │ gzip:     5.76 kB │ map:     46.35 kB
out/renderer/assets/houston-CfB7bFI5.js                                 35.41 kB │ gzip:     5.76 kB │ map:     46.37 kB
out/renderer/assets/tokyo-night-B0alwLyn.js                             35.66 kB │ gzip:     6.22 kB │ map:     45.30 kB
out/renderer/assets/tokyo-night-DPoKnR0W.js                             35.66 kB │ gzip:     6.22 kB │ map:     45.32 kB
out/renderer/assets/chunk-OYMX7WX6-B4bvQwB7.js                          36.59 kB │ gzip:    11.80 kB │ map:    115.48 kB
out/renderer/assets/src-0P0RVort.js                                     37.29 kB │ gzip:    12.43 kB │ map:    155.90 kB
out/renderer/assets/erlang-CDnT_keP.js                                  37.47 kB │ gzip:     4.36 kB │ map:     51.53 kB
out/renderer/assets/erlang-CvrytvND.js                                  37.47 kB │ gzip:     4.36 kB │ map:     51.51 kB
out/renderer/assets/skillStore-DymDpdtr.js                              38.66 kB │ gzip:    10.43 kB │ map:    232.22 kB
out/renderer/assets/xychartDiagram-5P7HB3ND-B8LCzYxv.js                 38.76 kB │ gzip:    10.72 kB │ map:    121.16 kB
out/renderer/assets/cobol-C2cMifTt.js                                   39.07 kB │ gzip:    10.89 kB │ map:     47.30 kB
out/renderer/assets/cobol-hlzAeQn1.js                                   39.09 kB │ gzip:    10.89 kB │ map:     47.35 kB
out/renderer/assets/vennDiagram-DHZGUBPP-B9R3mUoY.js                    40.62 kB │ gzip:    14.89 kB │ map:    171.05 kB
out/renderer/assets/asm-CBDQys3Y.js                                     40.71 kB │ gzip:     8.16 kB │ map:     52.97 kB
out/renderer/assets/asm-DoxhxgbQ.js                                     40.71 kB │ gzip:     8.16 kB │ map:     52.96 kB
out/renderer/assets/haskell-CCuygOet.js                                 41.48 kB │ gzip:     6.41 kB │ map:     57.82 kB
out/renderer/assets/haskell-CJ_4i7gU.js                                 41.48 kB │ gzip:     6.41 kB │ map:     57.81 kB
out/renderer/assets/shellscript-B16RAc1i.js                             41.53 kB │ gzip:     6.12 kB │ map:     56.48 kB
out/renderer/assets/shellscript-B3Qor6bK.js                             41.53 kB │ gzip:     6.12 kB │ map:     56.49 kB
out/renderer/assets/chunk-XPW4576I-WRclkXmw.js                          41.85 kB │ gzip:    14.22 kB │ map:    147.73 kB
out/renderer/assets/perl-90DuRW11.js                                    43.14 kB │ gzip:     4.64 kB │ map:     60.72 kB
out/renderer/assets/perl-By-9OMB2.js                                    43.14 kB │ gzip:     4.65 kB │ map:     60.70 kB
out/renderer/assets/d-BGZHfQqV.js                                       43.78 kB │ gzip:     8.43 kB │ map:     62.67 kB
out/renderer/assets/d-DsowZ9wc.js                                       43.78 kB │ gzip:     8.43 kB │ map:     62.65 kB
out/renderer/assets/ruby-BP1Nz-eK.js                                    45.83 kB │ gzip:     5.56 kB │ map:     65.27 kB
out/renderer/assets/ruby-ne4oES8q.js                                    46.60 kB │ gzip:     5.71 kB │ map:     66.14 kB
out/renderer/assets/go-C0dq6Pbt.js                                      46.80 kB │ gzip:     5.15 kB │ map:     66.57 kB
out/renderer/assets/go-B3QAI299.js                                      46.81 kB │ gzip:     5.14 kB │ map:     66.56 kB
out/renderer/assets/chunk-4TB4RGXK-BMy0hDFf.js                          46.88 kB │ gzip:    15.12 kB │ map:    138.06 kB
out/renderer/assets/apex-DKR9c5FU.js                                    46.97 kB │ gzip:     6.72 kB │ map:     65.67 kB
out/renderer/assets/apex-gNJ1Bx35.js                                    46.97 kB │ gzip:     6.72 kB │ map:     65.69 kB
out/renderer/assets/catppuccin-mocha-FdNqxYTA.js                        47.25 kB │ gzip:     7.98 kB │ map:     61.98 kB
out/renderer/assets/catppuccin-mocha-K8_38pRo.js                        47.25 kB │ gzip:     7.98 kB │ map:     61.99 kB
out/renderer/assets/catppuccin-latte-B3t8cJFY.js                        47.25 kB │ gzip:     7.98 kB │ map:     61.98 kB
out/renderer/assets/catppuccin-latte-CtZg79cP.js                        47.25 kB │ gzip:     7.98 kB │ map:     62.00 kB
out/renderer/assets/catppuccin-frappe-BCkIRwXo.js                       47.25 kB │ gzip:     7.99 kB │ map:     62.00 kB
out/renderer/assets/catppuccin-frappe-EIJZeR9R.js                       47.25 kB │ gzip:     7.99 kB │ map:     61.98 kB
out/renderer/assets/catppuccin-macchiato-C88LvWc5.js                    47.26 kB │ gzip:     7.99 kB │ map:     62.00 kB
out/renderer/assets/catppuccin-macchiato-iqtNZVWN.js                    47.26 kB │ gzip:     7.99 kB │ map:     62.01 kB
out/renderer/assets/ada--7nYYz82.js                                     48.07 kB │ gzip:     5.96 kB │ map:     70.94 kB
out/renderer/assets/ada-DcbgPlcv.js                                     48.07 kB │ gzip:     5.96 kB │ map:     70.92 kB
out/renderer/assets/css-BKVbGbWG.js                                     49.07 kB │ gzip:    11.94 kB │ map:     60.60 kB
out/renderer/assets/css-8n7LzW54.js                                     49.09 kB │ gzip:    11.95 kB │ map:     60.60 kB
out/renderer/assets/imba-CrFcIUup.js                                    49.92 kB │ gzip:     9.47 kB │ map:     68.04 kB
out/renderer/assets/imba-DE-j_Iq7.js                                    49.92 kB │ gzip:     9.47 kB │ map:     68.06 kB
out/renderer/assets/chunk-U2HBQHQK-CeLylaUW.js                          52.52 kB │ gzip:    17.15 kB │ map:    132.10 kB
out/renderer/assets/everforest-dark-B3i4hdCC.js                         53.74 kB │ gzip:     8.37 kB │ map:     68.22 kB
out/renderer/assets/everforest-dark-xbiULhRn.js                         53.74 kB │ gzip:     8.37 kB │ map:     68.24 kB
out/renderer/assets/everforest-light-0x68gTT9.js                        53.74 kB │ gzip:     8.36 kB │ map:     68.25 kB
out/renderer/assets/everforest-light-LyBFq3W4.js                        53.74 kB │ gzip:     8.36 kB │ map:     68.23 kB
out/renderer/assets/ganttDiagram-T4ZO3ILL-QqPPqm96.js                   54.44 kB │ gzip:    18.21 kB │ map:    163.46 kB
out/renderer/assets/wikitext-B6hF5cSD.js                                55.87 kB │ gzip:     4.81 kB │ map:     77.59 kB
out/renderer/assets/wikitext-BYSSerwa.js                                55.87 kB │ gzip:     4.81 kB │ map:     77.61 kB
out/renderer/assets/stata-CPYT9qo0.js                                   56.99 kB │ gzip:    12.39 kB │ map:     74.15 kB
out/renderer/assets/stata-D53S43KC.js                                   56.99 kB │ gzip:    12.39 kB │ map:     74.13 kB
out/renderer/assets/html-BxMm1rjx.js                                    57.31 kB │ gzip:    11.78 kB │ map:     72.97 kB
out/renderer/assets/html-DBNSOOWE.js                                    57.31 kB │ gzip:    11.78 kB │ map:     72.95 kB
out/renderer/assets/ballerina-CcUJFTfY.js                               58.68 kB │ gzip:     8.10 kB │ map:     81.49 kB
out/renderer/assets/ballerina-CwIT9-8X.js                               58.68 kB │ gzip:     8.10 kB │ map:     81.51 kB
out/renderer/assets/markdown-C7MIiMXp.js                                59.32 kB │ gzip:     5.66 kB │ map:     82.30 kB
out/renderer/assets/markdown-CTk_8fSH.js                                59.32 kB │ gzip:     5.66 kB │ map:     82.28 kB
out/renderer/assets/flowDiagram-DWJPFMVM-CQeD24v5.js                    60.22 kB │ gzip:    19.51 kB │ map:    180.37 kB
out/renderer/assets/ocaml-B0t7cijK.js                                   62.44 kB │ gzip:     5.04 kB │ map:     81.06 kB
out/renderer/assets/ocaml-BZKDHu4y.js                                   62.44 kB │ gzip:     5.04 kB │ map:     81.08 kB
out/renderer/assets/c4Diagram-AHTNJAMY-vdlzJqpW.js                      69.17 kB │ gzip:    19.33 kB │ map:    191.40 kB
out/renderer/assets/mojo-JJiYVinI.js                                    69.79 kB │ gzip:     9.21 kB │ map:     94.89 kB
out/renderer/assets/mojo-xrDVAgnH.js                                    69.79 kB │ gzip:     9.21 kB │ map:     94.91 kB
out/renderer/assets/blockDiagram-DXYQGD6D-b_zVUC_d.js                   69.90 kB │ gzip:    19.67 kB │ map:    228.24 kB
out/renderer/assets/python-C1rJE4hA.js                                  69.94 kB │ gzip:     9.09 kB │ map:     95.21 kB
out/renderer/assets/python-DVijHMQ5.js                                  69.94 kB │ gzip:     9.09 kB │ map:     95.19 kB
out/renderer/assets/c-BBVltRmi.js                                       72.16 kB │ gzip:    10.55 kB │ map:     95.34 kB
out/renderer/assets/c-TGXoDdPO.js                                       72.16 kB │ gzip:    10.55 kB │ map:     95.36 kB
out/renderer/assets/latex-DpU9kMWm.js                                   72.61 kB │ gzip:     6.68 kB │ map:    100.55 kB
out/renderer/assets/latex-el5AYrVb.js                                   72.61 kB │ gzip:     6.68 kB │ map:    100.53 kB
out/renderer/assets/vyper-BN0U6i8-.js                                   74.64 kB │ gzip:    10.69 kB │ map:    100.66 kB
out/renderer/assets/vyper-DJOJSTeb.js                                   74.64 kB │ gzip:    10.69 kB │ map:    100.68 kB
out/renderer/assets/hack-CDNcjDfC.js                                    80.18 kB │ gzip:    26.27 kB │ map:     97.26 kB
out/renderer/assets/hack-CZ-XZmAF.js                                    80.18 kB │ gzip:    26.27 kB │ map:     97.28 kB
out/renderer/assets/cose-bilkent-S5V4N54A-DgunwCfw.js                   81.39 kB │ gzip:    21.55 kB │ map:    285.22 kB
out/renderer/assets/swift-BrjXICAR.js                                   86.68 kB │ gzip:    14.69 kB │ map:    114.49 kB
out/renderer/assets/swift-CDNrS-Ux.js                                   86.68 kB │ gzip:    14.69 kB │ map:    114.47 kB
out/renderer/assets/fortran-free-form-BBcTzodD.js                       88.96 kB │ gzip:    11.18 kB │ map:    124.03 kB
out/renderer/assets/fortran-free-form-lgeOwXAb.js                       88.96 kB │ gzip:    11.18 kB │ map:    124.01 kB
out/renderer/assets/csharp-CcRBRZ5_.js                                  89.68 kB │ gzip:    10.64 kB │ map:    125.65 kB
out/renderer/assets/csharp-DoTZZB0x.js                                  89.68 kB │ gzip:    10.64 kB │ map:    125.63 kB
out/renderer/assets/racket-CzcpkPfW.js                                  92.38 kB │ gzip:    15.07 kB │ map:    106.14 kB
out/renderer/assets/racket-DVQseE62.js                                  92.38 kB │ gzip:    15.07 kB │ map:    106.16 kB
out/renderer/assets/less-BfUOMTlM.js                                    97.62 kB │ gzip:    14.84 kB │ map:    131.83 kB
out/renderer/assets/less-Bz3p4OZk.js                                    97.62 kB │ gzip:    14.84 kB │ map:    131.81 kB
out/renderer/assets/chunk-5FUZZQ4R-q1P3hNJC.js                          97.91 kB │ gzip:    23.96 kB │ map:    356.35 kB
out/renderer/assets/blade-0eGkZFCG.js                                  104.97 kB │ gzip:    28.30 kB │ map:    130.91 kB
out/renderer/assets/blade-C2R7itWj.js                                  104.97 kB │ gzip:    28.30 kB │ map:    130.93 kB
out/renderer/assets/objective-c-BL4B2x-I.js                            105.40 kB │ gzip:    23.63 kB │ map:    129.60 kB
out/renderer/assets/objective-c-oXPOdHBo.js                            105.40 kB │ gzip:    23.63 kB │ map:    129.62 kB
out/renderer/assets/php-CnnzP7B0.js                                    111.05 kB │ gzip:    28.65 kB │ map:    139.35 kB
out/renderer/assets/php-CsbC9Npv.js                                    111.31 kB │ gzip:    28.65 kB │ map:    139.69 kB
out/renderer/assets/sequenceDiagram-FGHM5R23-BbQLWTpk.js               115.51 kB │ gzip:    30.46 kB │ map:    328.59 kB
out/renderer/assets/asciidoc-By6m7AG3.js                               131.52 kB │ gzip:     9.31 kB │ map:    189.08 kB
out/renderer/assets/asciidoc-C9B-3Cie.js                               131.52 kB │ gzip:     9.31 kB │ map:    189.06 kB
out/renderer/assets/mdx-BT5gJV76.js                                    136.10 kB │ gzip:    23.54 kB │ map:    176.70 kB
out/renderer/assets/mdx-DF2CD0uo.js                                    136.10 kB │ gzip:    23.54 kB │ map:    176.68 kB
out/renderer/assets/architectureDiagram-Q4EWVU46-CJCTrV1-.js           146.77 kB │ gzip:    40.22 kB │ map:    547.73 kB
out/renderer/assets/objective-cpp-B994thkO.js                          171.96 kB │ gzip:    30.98 kB │ map:    218.51 kB
out/renderer/assets/objective-cpp-BtHCpTya.js                          171.96 kB │ gzip:    30.98 kB │ map:    218.49 kB
out/renderer/assets/previewPaneOfficeDocxContent-CvooVaoE.js           174.66 kB │ gzip:    50.22 kB │ map:    421.98 kB
out/renderer/assets/javascript-D5LXzOFG.js                             174.88 kB │ gzip:    16.67 kB │ map:    236.01 kB
out/renderer/assets/javascript-DVK83UQ8.js                             174.88 kB │ gzip:    16.67 kB │ map:    236.03 kB
out/renderer/assets/tsx-D1Z_mpt3.js                                    175.59 kB │ gzip:    16.67 kB │ map:    236.70 kB
out/renderer/assets/tsx-VZIzIliQ.js                                    175.59 kB │ gzip:    16.67 kB │ map:    236.69 kB
out/renderer/assets/jsx-FSynhZbh.js                                    177.84 kB │ gzip:    16.76 kB │ map:    238.96 kB
out/renderer/assets/jsx-TNONOo2D.js                                    177.84 kB │ gzip:    16.76 kB │ map:    238.94 kB
out/renderer/assets/typescript-CCvbI3Jd.js                             181.13 kB │ gzip:    16.28 kB │ map:    244.35 kB
out/renderer/assets/typescript-CSokzBsc.js                             181.13 kB │ gzip:    16.28 kB │ map:    244.37 kB
out/renderer/assets/angular-ts-0D_qzATt.js                             183.73 kB │ gzip:    16.78 kB │ map:    249.31 kB
out/renderer/assets/angular-ts-CNmR_JQc.js                             183.73 kB │ gzip:    16.78 kB │ map:    249.37 kB
out/renderer/assets/vue-vine-BwRmM9Wx.js                               190.05 kB │ gzip:    18.07 kB │ map:    255.13 kB
out/renderer/assets/vue-vine-DZcHuPqp.js                               190.05 kB │ gzip:    18.08 kB │ map:    255.11 kB
out/renderer/assets/chunk-ICPOFSXX-Gc-riwLZ.js                         214.90 kB │ gzip:    33.82 kB │ map:    514.12 kB
out/renderer/assets/imeComposition-CRAIzg9I.js                         249.18 kB │ gzip:    80.93 kB │ map:  1,122.23 kB
out/renderer/assets/katex-DOz-PNy3.js                                  257.04 kB │ gzip:    76.96 kB │ map:    922.26 kB
out/renderer/assets/chart-CFH4vF61.js                                  261.02 kB │ gzip:    77.83 kB │ map:  1,336.49 kB
out/renderer/assets/wolfram-BFYMjtP8.js                                262.38 kB │ gzip:    77.63 kB │ map:    279.61 kB
out/renderer/assets/wolfram-e8AViCth.js                                262.38 kB │ gzip:    77.63 kB │ map:    279.63 kB
out/renderer/assets/src-CAVCeqBz.js                                    329.62 kB │ gzip:    92.14 kB │ map:  1,829.21 kB
out/renderer/assets/pdf-viewer-Ztps_m0E.js                             427.00 kB │ gzip:   126.51 kB │ map:  1,355.40 kB
out/renderer/assets/cytoscape.esm-DnoSKcoC.js                          434.14 kB │ gzip:   137.50 kB │ map:  1,682.36 kB
out/renderer/assets/chunk-BO2N2NFS-D777VUhY.js                         448.66 kB │ gzip:   135.63 kB │ map:  1,685.51 kB
out/renderer/assets/chunk-K5T4RW27-DEh1TXuF.js                         474.01 kB │ gzip:   102.05 kB │ map:  1,677.46 kB
out/renderer/assets/wasm-Btj3CMzE.js                                   622.32 kB │ gzip:   232.09 kB │ map:    622.80 kB
out/renderer/assets/wasm-CGUKjyBG.js                                   622.32 kB │ gzip:   232.09 kB │ map:    622.82 kB
out/renderer/assets/cpp-C9aJdd3j.js                                    626.12 kB │ gzip:    48.09 kB │ map:    816.12 kB
out/renderer/assets/cpp-DYEao8Py.js                                    626.12 kB │ gzip:    48.09 kB │ map:    816.08 kB
out/renderer/assets/emacs-lisp-Bv7CC5lR.js                             779.84 kB │ gzip:   197.53 kB │ map:    789.78 kB
out/renderer/assets/emacs-lisp-DmyGYv_I.js                             779.87 kB │ gzip:   197.55 kB │ map:    789.80 kB
out/renderer/assets/IntlProvider-C7s60iiN.js                           809.52 kB │ gzip:   196.11 kB │ map:  1,142.94 kB
out/renderer/assets/previewPaneOfficeLegacyDocContent-Ceax39L3.js      900.63 kB │ gzip:   261.94 kB │ map:  4,062.94 kB
out/renderer/assets/pptxRendererPreviewEngine-CRs7RtN4.js            1,042.71 kB │ gzip:   328.59 kB │ map:  2,972.02 kB
out/renderer/assets/previewPaneOfficeXlsxContent-DEcCr42E.js         2,154.74 kB │ gzip:   697.32 kB │ map:  7,239.51 kB
out/renderer/assets/styles-BigkIEdi.js                               6,002.50 kB │ gzip: 1,687.60 kB │ map: 21,626.91 kB

[33m[plugin builtin:vite-reporter] 
(!) Some chunks are larger than 500 kB after minification. Consider:
- Using dynamic import() to code-split the application
- Use build.rolldownOptions.output.codeSplitting to improve chunking: https://rolldown.rs/reference/OutputOptions.codeSplitting
- Adjust chunk size limit for this warning via build.chunkSizeWarningLimit.[39m
[33m[33m[PLUGIN_TIMINGS] Warning:[0m Your build spent significant time in plugins. Here is a breakdown:
  - vite:build-import-analysis (35%)
  - vite:css-post (24%)
  - vite:terser (18%)
  - vite:asset (13%)
  - vite:worker (9%)
See https://rolldown.rs/options/checks#plugintimings for more details.
[39m
[32m✓ built in 31.84s[39m
  • electron-builder  version=26.8.1 os=10.0.26100
  • loaded configuration  file=C:\Users\qianmengyys\Desktop\agent\ZCode\packages\desktop\electron-builder.config.js
  • @electron/rebuild already used by electron-builder, please consider to remove excess dependency from devDependencies

To ensure your native dependencies are always matched electron version, simply add script `"postinstall": "electron-builder install-app-deps" to your `package.json`
[ci][timer] beforePack:restoreTargetNodePtyPrebuild start
[beforePack] node-pty prebuild restore skipped for win32-x64
[ci][timer] beforePack:restoreTargetNodePtyPrebuild end duration_ms=1
[ci][timer] beforePack:patchNsisInstallSection start
[ci][timer] beforePack:patchNsisInstallSection end duration_ms=4
  • skipped dependencies rebuild  reason=npmRebuild is set to false
  • packaging       platform=win32 arch=x64 electron=41.0.3 appOutDir=dist\win-unpacked
  • packageManager not detected by file, falling back to environment detection  resolvedPackageManager=npm detected=C:\Users\qianmengyys\Desktop\agent\ZCode\packages\desktop
  • searching for node modules  pm=npm searchDir=C:\Users\qianmengyys\Desktop\agent\ZCode\packages\desktop
(node:39836) [DEP0190] DeprecationWarning: Passing args to a child process with shell option true can lead to security vulnerabilities, as the arguments are not escaped, only concatenated.
(Use `node --trace-deprecation ...` to show where the warning was created)
  • collector stderr output  dependencies=["npm error code ELSPROBLEMS\nnpm error invalid: @zcode/client@ C:\\Users\\qianmengyys\\Desktop\\agent\\ZCode\\packages\\desktop\\node_modules\\@zcode\\client\nnpm error invalid: @zcode/companion@ C:\\Users\\qianmengyys\\Desktop\\agent\\ZCode\\packages\\desktop\\node_modules\\@zcode\\companion\nnpm error invalid: @zcode/provider-node@ C:\\Users\\qianmengyys\\Desktop\\agent\\ZCode\\packages\\desktop\\node_modules\\@zcode\\provider-node\nnpm error invalid: @zcode/provider@ C:\\Users\\qianmengyys\\Desktop\\agent\\ZCode\\packages\\desktop\\node_modules\\@zcode\\provider\nnpm error invalid: @zcode/rpc@1.0.0 C:\\Users\\qianmengyys\\Desktop\\agent\\ZCode\\packages\\desktop\\node_modules\\@zcode\\rpc\nnpm error invalid: @zcode/server@ C:\\Users\\qianmengyys\\Desktop\\agent\\ZCode\\packages\\desktop\\node_modules\\@zcode\\server\nnpm error invalid: @zcode/services@ C:\\Users\\qianmengyys\\Desktop\\agent\\ZCode\\packages\\desktop\\node_modules\\@zcode\\services\nnpm error invalid: @zcode/shared@ C:\\Users\\qianmengyys\\Desktop\\agent\\ZCode\\packages\\desktop\\node_modules\\@zcode\\shared\nnpm error invalid: @zcode/ui@ C:\\Users\\qianmengyys\\Desktop\\agent\\ZCode\\packages\\desktop\\node_modules\\@zcode\\ui\nnpm error invalid: @zcode/zcode-cua@0.6.3 C:\\Users\\qianmengyys\\Desktop\\agent\\ZCode\\packages\\desktop\\node_modules\\@zcode\\zcode-cua\nnpm error invalid: @types/node@25.6.0 C:\\Users\\qianmengyys\\Desktop\\agent\\ZCode\\node_modules\\@types\\node\nnpm error invalid: electron@41.0.3 C:\\Users\\qianmengyys\\Desktop\\agent\\ZCode\\node_modules\\electron\nnpm error invalid: rollup@4.60.1 C:\\Users\\qianmengyys\\Desktop\\agent\\ZCode\\node_modules\\rollup\nnpm error invalid: typescript@6.0.2 C:\\Users\\qianmengyys\\Desktop\\agent\\ZCode\\node_modules\\typescript\nnpm error missing: vite-plugin-dts@^4.3.0, required by @arms/rum-electron@0.0.3\nnpm error invalid: vite@8.0.8 C:\\Users\\qianmengyys\\Desktop\\agent\\ZCode\\node_modules\\vite\nnpm error missing: vitest@^2.1.8, required by @arms/rum-electron@0.0.3\nnpm error missing: @fiahfy/eslint-config@^0.0.11, required by @fiahfy/icns@0.0.7\nnpm error missing: @types/jest@^26.0.19, required by @fiahfy/icns@0.0.7\nnpm error missing: @types/pngjs@^3.4.2, required by @fiahfy/icns@0.0.7\nnpm error missing: eslint@^7.16.0, required by @fiahfy/icns@0.0.7\nnpm error missing: jest@^26.6.3, required by @fiahfy/icns@0.0.7\nnpm error missing: prettier@^2.2.1, required by @fiahfy/icns@0.0.7\nnpm error missing: ts-jest@^26.4.4, required by @fiahfy/icns@0.0.7\nnpm error missing: @koa/router@^12.0.0, required by @larksuiteoapi/node-sdk@1.61.1\nnpm error missing: @rollup/plugin-alias@^3.1.9, required by @larksuiteoapi/node-sdk@1.61.1\nnpm error missing: @rollup/plugin-typescript@^8.3.2, required by @larksuiteoapi/node-sdk@1.61.1\nnpm error missing: @types/jest@^28.1.3, required by @larksuiteoapi/node-sdk@1.61.1\nnpm error missing: @types/lodash.merge@^4.6.7, required by @larksuiteoapi/node-sdk@1.61.1\nnpm error missing: @types/lodash.pick@^4.4.7, required by @larksuiteoapi/node-sdk@1.61.1\nnpm error missing: @types/qs@^6.9.16, required by @larksuiteoapi/node-sdk@1.61.1\nnpm error missing: @typescript-eslint/parser@^5.27.1, required by @larksuiteoapi/node-sdk@1.61.1\nnpm error invalid: body-parser@2.2.2 C:\\Users\\qianmengyys\\Desktop\\agent\\ZCode\\node_modules\\body-parser\nnpm error missing: eslint-config-airbnb-base@^15.0.0, required by @larksuiteoapi/node-sdk@1.61.1\nnpm error missing: eslint-config-prettier@^8.5.0, required by @larksuiteoapi/node-sdk@1.61.1\nnpm error missing: eslint-plugin-import@^2.26.0, required by @larksuiteoapi/node-sdk@1.61.1\nnpm error missing: eslint@^8.17.0, required by @larksuiteoapi/node-sdk@1.61.1\nnpm error invalid: express@5.2.1 C:\\Users\\qianmengyys\\Desktop\\agent\\ZCode\\node_modules\\express\nnpm error missing: jest@^28.1.1, required by @larksuiteoapi/node-sdk@1.61.1\nnpm error missing: koa-body@^5.0.0, required by @larksuiteoapi/node-sdk@1.61.1\nnpm error missing: koa@^2.13.4, required by @larksuiteoapi/node-sdk@1.61.1\nnpm error missing: prettier@2.6.2, required by @larksuiteoapi/node-sdk@1.61.1\nnpm error missing: rollup-plugin-dts@^4.2.2, required by @larksuiteoapi/node-sdk@1.61.1\nnpm error missing: rollup-plugin-license@^2.8.1, required by @larksuiteoapi/node-sdk@1.61.1\nnpm error missing: ts-jest@^28.0.5, required by @larksuiteoapi/node-sdk@1.61.1\nnpm error missing: ws@^8.19.0, required by @larksuiteoapi/node-sdk@1.61.1\nnpm error missing: @types/mocha@10.0.10, required by @opentelemetry/api@1.9.1\nnpm error missing: @types/sinon@17.0.4, required by @opentelemetry/api@1.9.1\nnpm error missing: @types/webpack-env@1.16.3, required by @opentelemetry/api@1.9.1\nnpm error missing: @types/webpack@5.28.5, required by @opentelemetry/api@1.9.1\nnpm error missing: babel-plugin-istanbul@7.0.1, required by @opentelemetry/api@1.9.1\nnpm error missing: dpdm@4.0.1, required by @opentelemetry/api@1.9.1\nnpm error missing: karma-chrome-launcher@3.1.0, required by @opentelemetry/api@1.9.1\nnpm error missing: karma-coverage@2.2.1, required by @opentelemetry/api@1.9.1\nnpm error missing: karma-mocha-webworker@1.3.0, required by @opentelemetry/api@1.9.1\nnpm error missing: karma-mocha@2.0.1, required by @opentelemetry/api@1.9.1\nnpm error missing: karma-spec-reporter@0.0.36, required by @opentelemetry/api@1.9.1\nnpm error missing: karma-webpack@5.0.1, required by @opentelemetry/api@1.9.1\nnpm error missing: karma@6.4.4, required by @opentelemetry/api@1.9.1\nnpm error missing: memfs@3.5.3, required by @opentelemetry/api@1.9.1\nnpm error missing: mocha@11.7.5, required by @opentelemetry/api@1.9.1\nnpm error missing: nyc@17.1.0, required by @opentelemetry/api@1.9.1\nnpm error missing: sinon@18.0.1, required by @opentelemetry/api@1.9.1\nnpm error missing: ts-loader@9.5.4, required by @opentelemetry/api@1.9.1\nnpm error missing: unionfs@4.5.4, required by @opentelemetry/api@1.9.1\nnpm error missing: webpack@5.104.1, required by @opentelemetry/api@1.9.1\nnpm error invalid: @babel/core@7.29.0 C:\\Users\\qianmengyys\\Desktop\\agent\\ZCode\\node_modules\\@babel\\core\nnpm error missing: @babel/preset-env@7.27.2, required by @opentelemetry/exporter-metrics-otlp-proto@0.214.0\nnpm error missing: @opentelemetry/api@1.9.1, required by @opentelemetry/exporter-metrics-otlp-proto@0.214.0\nnpm error missing: @opentelemetry/resources@2.6.1, required by @opentelemetry/exporter-metrics-otlp-proto@0.214.0\nnpm error missing: @opentelemetry/sdk-metrics@2.6.1, required by @opentelemetry/exporter-metrics-otlp-proto@0.214.0\nnpm error missing: @types/mocha@10.0.10, required by @opentelemetry/exporter-metrics-otlp-proto@0.214.0\nnpm error missing: @types/sinon@17.0.4, required by @opentelemetry/exporter-metrics-otlp-proto@0.214.0\nnpm error missing: @types/webpack-env@1.16.3, required by @opentelemetry/exporter-metrics-otlp-proto@0.214.0\nnpm error missing: babel-loader@10.0.0, required by @opentelemetry/exporter-metrics-otlp-proto@0.214.0\nnpm error missing: babel-plugin-istanbul@7.0.1, required by @opentelemetry/exporter-metrics-otlp-proto@0.214.0\nnpm error missing: karma-chrome-launcher@3.1.0, required by @opentelemetry/exporter-metrics-otlp-proto@0.214.0\nnpm error missing: karma-coverage@2.2.1, required by @opentelemetry/exporter-metrics-otlp-proto@0.214.0\nnpm error missing: karma-mocha@2.0.1, required by @opentelemetry/exporter-metrics-otlp-proto@0.214.0\nnpm error missing: karma-spec-reporter@0.0.36, required by @opentelemetry/exporter-metrics-otlp-proto@0.214.0\nnpm error missing: karma-webpack@5.0.1, required by @opentelemetry/exporter-metrics-otlp-proto@0.214.0\nnpm error missing: karma@6.4.4, required by @opentelemetry/exporter-metrics-otlp-proto@0.214.0\nnpm error missing: mocha@11.7.5, required by @opentelemetry/exporter-metrics-otlp-proto@0.214.0\nnpm error missing: nyc@17.1.0, required by @opentelemetry/exporter-metrics-otlp-proto@0.214.0\nnpm error missing: sinon@18.0.1, required by @opentelemetry/exporter-metrics-otlp-proto@0.214.0\nnpm error missing: ts-loader@9.5.4, required by @opentelemetry/exporter-metrics-otlp-proto@0.214.0\nnpm error missing: webpack-cli@7.0.2, required by @opentelemetry/exporter-metrics-otlp-proto@0.214.0\nnpm error missing: webpack@5.104.1, required by @opentelemetry/exporter-metrics-otlp-proto@0.214.0\nnpm error missing: @babel/preset-env@7.27.2, required by @opentelemetry/exporter-trace-otlp-proto@0.214.0\nnpm error missing: @opentelemetry/api@1.9.1, required by @opentelemetry/exporter-trace-otlp-proto@0.214.0\nnpm error missing: @opentelemetry/resources@2.6.1, required by @opentelemetry/exporter-trace-otlp-proto@0.214.0\nnpm error missing: @opentelemetry/sdk-trace-base@2.6.1, required by @opentelemetry/exporter-trace-otlp-proto@0.214.0\nnpm error missing: @types/mocha@10.0.10, required by @opentelemetry/exporter-trace-otlp-proto@0.214.0\nnpm error missing: @types/sinon@17.0.4, required by @opentelemetry/exporter-trace-otlp-proto@0.214.0\nnpm error missing: babel-plugin-istanbul@7.0.1, required by @opentelemetry/exporter-trace-otlp-proto@0.214.0\nnpm error missing: karma-chrome-launcher@3.1.0, required by @opentelemetry/exporter-trace-otlp-proto@0.214.0\nnpm error missing: karma-coverage@2.2.1, required by @opentelemetry/exporter-trace-otlp-proto@0.214.0\nnpm error missing: karma-mocha@2.0.1, required by @opentelemetry/exporter-trace-otlp-proto@0.214.0\nnpm error missing: karma-spec-reporter@0.0.36, required by @opentelemetry/exporter-trace-otlp-proto@0.214.0\nnpm error missing: karma-webpack@5.0.1, required by @opentelemetry/exporter-trace-otlp-proto@0.214.0\nnpm error missing: karma@6.4.4, required by @opentelemetry/exporter-trace-otlp-proto@0.214.0\nnpm error missing: mocha@11.7.5, required by @opentelemetry/exporter-trace-otlp-proto@0.214.0\nnpm error missing: nyc@17.1.0, required by @opentelemetry/exporter-trace-otlp-proto@0.214.0\nnpm error missing: sinon@18.0.1, required by @opentelemetry/exporter-trace-otlp-proto@0.214.0\nnpm error missing: ts-loader@9.5.4, required by @opentelemetry/exporter-trace-otlp-proto@0.214.0\nnpm error missing: webpack-cli@7.0.2, required by @opentelemetry/exporter-trace-otlp-proto@0.214.0\nnpm error missing: webpack@5.104.1, required by @opentelemetry/exporter-trace-otlp-proto@0.214.0\nnpm error missing: @opentelemetry/api@>=1.3.0 <1.10.0, required by @opentelemetry/resources@2.6.1\nnpm error missing: @types/mocha@10.0.10, required by @opentelemetry/resources@2.6.1\nnpm error missing: @types/sinon@17.0.4, required by @opentelemetry/resources@2.6.1\nnpm error missing: @types/webpack-env@1.16.3, required by @opentelemetry/resources@2.6.1\nnpm error missing: karma-chrome-launcher@3.1.0, required by @opentelemetry/resources@2.6.1\nnpm error missing: karma-coverage@2.2.1, required by @opentelemetry/resources@2.6.1\nnpm error missing: karma-mocha-webworker@1.3.0, required by @opentelemetry/resources@2.6.1\nnpm error missing: karma-mocha@2.0.1, required by @opentelemetry/resources@2.6.1\nnpm error missing: karma-spec-reporter@0.0.36, required by @opentelemetry/resources@2.6.1\nnpm error missing: karma-webpack@5.0.1, required by @opentelemetry/resources@2.6.1\nnpm error missing: karma@6.4.4, required by @opentelemetry/resources@2.6.1\nnpm error missing: mocha@11.7.5, required by @opentelemetry/resources@2.6.1\nnpm error missing: nock@13.5.6, required by @opentelemetry/resources@2.6.1\nnpm error missing: nyc@17.1.0, required by @opentelemetry/resources@2.6.1\nnpm error missing: sinon@18.0.1, required by @opentelemetry/resources@2.6.1\nnpm error missing: webpack-cli@7.0.2, required by @opentelemetry/resources@2.6.1\nnpm error missing: webpack@5.104.1, required by @opentelemetry/resources@2.6.1\nnpm error missing: @babel/preset-env@7.27.2, required by @opentelemetry/sdk-metrics@2.6.1\nnpm error missing: @opentelemetry/api@>=1.9.0 <1.10.0, required by @opentelemetry/sdk-metrics@2.6.1\nnpm error missing: @opentelemetry/resources@2.6.1, required by @opentelemetry/sdk-metrics@2.6.1\nnpm error missing: @types/mocha@10.0.10, required by @opentelemetry/sdk-metrics@2.6.1\nnpm error missing: @types/sinon@17.0.4, required by @opentelemetry/sdk-metrics@2.6.1\nnpm error missing: babel-plugin-istanbul@7.0.1, required by @opentelemetry/sdk-metrics@2.6.1\nnpm error missing: karma-chrome-launcher@3.1.0, required by @opentelemetry/sdk-metrics@2.6.1\nnpm error missing: karma-coverage@2.2.1, required by @opentelemetry/sdk-metrics@2.6.1\nnpm error missing: karma-mocha@2.0.1, required by @opentelemetry/sdk-metrics@2.6.1\nnpm error missing: karma-spec-reporter@0.0.36, required by @opentelemetry/sdk-metrics@2.6.1\nnpm error missing: karma-webpack@5.0.1, required by @opentelemetry/sdk-metrics@2.6.1\nnpm error missing: karma@6.4.4, required by @opentelemetry/sdk-metrics@2.6.1\nnpm error missing: mocha@11.7.5, required by @opentelemetry/sdk-metrics@2.6.1\nnpm error missing: nyc@17.1.0, required by @opentelemetry/sdk-metrics@2.6.1\nnpm error missing: sinon@18.0.1, required by @opentelemetry/sdk-metrics@2.6.1\nnpm error missing: ts-loader@9.5.4, required by @opentelemetry/sdk-metrics@2.6.1\nnpm error missing: webpack-cli@7.0.2, required by @opentelemetry/sdk-metrics@2.6.1\nnpm error missing: webpack@5.104.1, required by @opentelemetry/sdk-metrics@2.6.1\nnpm error missing: @opentelemetry/api@>=1.3.0 <1.10.0, required by @opentelemetry/sdk-trace-base@2.6.1\nnpm error missing: @opentelemetry/resources@2.6.1, required by @opentelemetry/sdk-trace-base@2.6.1\nnpm error missing: @opentelemetry/sdk-metrics@2.6.1, required by @opentelemetry/sdk-trace-base@2.6.1\nnpm error missing: @types/benchmark@2.1.5, required by @opentelemetry/sdk-trace-base@2.6.1\nnpm error missing: @types/mocha@10.0.10, required by @opentelemetry/sdk-trace-base@2.6.1\nnpm error missing: @types/sinon@17.0.4, required by @opentelemetry/sdk-trace-base@2.6.1\nnpm error missing: @types/webpack-env@1.16.3, required by @opentelemetry/sdk-trace-base@2.6.1\nnpm error missing: babel-plugin-istanbul@7.0.1, required by @opentelemetry/sdk-trace-base@2.6.1\nnpm error missing: karma-chrome-launcher@3.1.0, required by @opentelemetry/sdk-trace-base@2.6.1\nnpm error missing: karma-coverage@2.2.1, required by @opentelemetry/sdk-trace-base@2.6.1\nnpm error missing: karma-mocha-webworker@1.3.0, required by @opentelemetry/sdk-trace-base@2.6.1\nnpm error missing: karma-mocha@2.0.1, required by @opentelemetry/sdk-trace-base@2.6.1\nnpm error missing: karma-spec-reporter@0.0.36, required by @opentelemetry/sdk-trace-base@2.6.1\nnpm error missing: karma-webpack@5.0.1, required by @opentelemetry/sdk-trace-base@2.6.1\nnpm error missing: karma@6.4.4, required by @opentelemetry/sdk-trace-base@2.6.1\nnpm error missing: mocha@11.7.5, required by @opentelemetry/sdk-trace-base@2.6.1\nnpm error missing: nyc@17.1.0, required by @opentelemetry/sdk-trace-base@2.6.1\nnpm error missing: sinon@18.0.1, required by @opentelemetry/sdk-trace-base@2.6.1\nnpm error missing: ts-loader@9.5.4, required by @opentelemetry/sdk-trace-base@2.6.1\nnpm error missing: webpack@5.104.1, required by @opentelemetry/sdk-trace-base@2.6.1\nnpm error invalid: @zcode/rpc@1.0.0 C:\\Users\\qianmengyys\\Desktop\\agent\\ZCode\\packages\\client\\node_modules\\@zcode\\rpc\nnpm error invalid: @zcode/services@ C:\\Users\\qianmengyys\\Desktop\\agent\\ZCode\\packages\\client\\node_modules\\@zcode\\services\nnpm error invalid: @zcode/shared@ C:\\Users\\qianmengyys\\Desktop\\agent\\ZCode\\packages\\client\\node_modules\\@zcode\\shared\nnpm error missing: @hono/node-server@^1.19.11, required by companion@npm:@zcode/companion@\nnpm error missing: @hono/node-ws@^1.3.0, required by companion@npm:@zcode/companion@\nnpm error invalid: @zcode/client@ C:\\Users\\qianmengyys\\Desktop\\agent\\ZCode\\packages\\companion\\node_modules\\@zcode\\client\nnpm error invalid: @zcode/rpc@1.0.0 C:\\Users\\qianmengyys\\Desktop\\agent\\ZCode\\packages\\companion\\node_modules\\@zcode\\rpc\nnpm error invalid: @zcode/services@ C:\\Users\\qianmengyys\\Desktop\\agent\\ZCode\\packages\\companion\\node_modules\\@zcode\\services\nnpm error invalid: @zcode/shared@ C:\\Users\\qianmengyys\\Desktop\\agent\\ZCode\\packages\\companion\\node_modules\\@zcode\\shared\nnpm error missing: hono@^4.12.9, required by companion@npm:@zcode/companion@\nnpm error missing: tsx@^4.19.4, required by companion@npm:@zcode/companion@\nnpm error missing: ws@^8.20.0, required by companion@npm:@zcode/companion@\nnpm error invalid: @zcode/model-option-map@ C:\\Users\\qianmengyys\\Desktop\\agent\\ZCode\\packages\\provider-node\\node_modules\\@zcode\\model-option-map\nnpm error invalid: @zcode/provider@ C:\\Users\\qianmengyys\\Desktop\\agent\\ZCode\\packages\\provider-node\\node_modules\\@zcode\\provider\nnpm error invalid: @zcode/shared@ C:\\Users\\qianmengyys\\Desktop\\agent\\ZCode\\packages\\provider-node\\node_modules\\@zcode\\shared\nnpm error missing: zod@4.6.5, required by provider-node@npm:@zcode/provider-node@\nnpm error invalid: @zcode/model-option-map@ C:\\Users\\qianmengyys\\Desktop\\agent\\ZCode\\packages\\provider\\node_modules\\@zcode\\model-option-map\nnpm error invalid: @zcode/shared@ C:\\Users\\qianmengyys\\Desktop\\agent\\ZCode\\packages\\provider\\node_modules\\@zcode\\shared\nnpm error missing: zod@4.6.5, required by provider@npm:@zcode/provider@\nnpm error missing: @hono/node-server@^1.19.11, required by server@npm:@zcode/server@\nnpm error missing: @hono/node-ws@^1.3.0, required by server@npm:@zcode/server@\nnpm error missing: @lydell/node-pty-darwin-arm64@1.2.0-beta.10, required by server@npm:@zcode/server@\nnpm error missing: @lydell/node-pty-darwin-x64@1.2.0-beta.10, required by server@npm:@zcode/server@\nnpm error missing: @lydell/node-pty-linux-arm64@1.2.0-beta.10, required by server@npm:@zcode/server@\nnpm error missing: @lydell/node-pty-linux-x64@1.2.0-beta.10, required by server@npm:@zcode/server@\nnpm error missing: @types/ssh2@^1.15.5, required by server@npm:@zcode/server@\nnpm error invalid: @zcode/client@ C:\\Users\\qianmengyys\\Desktop\\agent\\ZCode\\packages\\server\\node_modules\\@zcode\\client\nnpm error invalid: @zcode/companion@ C:\\Users\\qianmengyys\\Desktop\\agent\\ZCode\\packages\\server\\node_modules\\@zcode\\companion\nnpm error invalid: @zcode/rpc@1.0.0 C:\\Users\\qianmengyys\\Desktop\\agent\\ZCode\\packages\\server\\node_modules\\@zcode\\rpc\nnpm error invalid: @zcode/services@ C:\\Users\\qianmengyys\\Desktop\\agent\\ZCode\\packages\\server\\node_modules\\@zcode\\services\nnpm error invalid: @zcode/shared@ C:\\Users\\qianmengyys\\Desktop\\agent\\ZCode\\packages\\server\\node_modules\\@zcode\\shared\nnpm error missing: hono@^4.12.9, required by server@npm:@zcode/server@\nnpm error missing: node-forge@^1.4.0, required by server@npm:@zcode/server@\nnpm error missing: node-pty@^1.0.0, required by server@npm:@zcode/server@\nnpm error missing: ssh2@^1.17.0, required by server@npm:@zcode/server@\nnpm error missing: tsup@^8.4.0, required by server@npm:@zcode/server@\nnpm error missing: tsx@^4.19.4, required by server@npm:@zcode/server@\nnpm error missing: undici@^6.24.1, required by server@npm:@zcode/server@\nnpm error missing: ws@^8.20.0, required by server@npm:@zcode/server@\nnpm error missing: yaml@^2.9.0, required by server@npm:@zcode/server@\nnpm error missing: yauzl@^3.3.0, required by server@npm:@zcode/server@\nnpm error missing: yazl@^3.3.1, required by server@npm:@zcode/server@\nnpm error missing: @pierre/diffs@^1.1.22, required by services@npm:@zcode/services@\nnpm error invalid: @zcode/provider-node@ C:\\Users\\qianmengyys\\Desktop\\agent\\ZCode\\packages\\services\\node_modules\\@zcode\\provider-node\nnpm error invalid: @zcode/provider@ C:\\Users\\qianmengyys\\Desktop\\agent\\ZCode\\packages\\services\\node_modules\\@zcode\\provider\nnpm error invalid: @zcode/rpc@1.0.0 C:\\Users\\qianmengyys\\Desktop\\agent\\ZCode\\packages\\services\\node_modules\\@zcode\\rpc\nnpm error invalid: @zcode/shared@ C:\\Users\\qianmengyys\\Desktop\\agent\\ZCode\\packages\\services\\node_modules\\@zcode\\shared\nnpm error invalid: @zcode/zcode-cua@0.6.3 C:\\Users\\qianmengyys\\Desktop\\agent\\ZCode\\packages\\services\\node_modules\\@zcode\\zcode-cua\nnpm error missing: croner@^10.0.1, required by services@npm:@zcode/services@\nnpm error missing: ignore@^5.3.2, required by services@npm:@zcode/services@\nnpm error missing: node-forge@^1.4.0, required by services@npm:@zcode/services@\nnpm error missing: node-pty@^1.0.0, required by services@npm:@zcode/services@\nnpm error missing: smol-toml@^1.6.1, required by services@npm:@zcode/services@\nnpm error missing: undici@^6.23.0, required by services@npm:@zcode/services@\nnpm error missing: yaml@^2.9.0, required by services@npm:@zcode/services@\nnpm error missing: yazl@^3.3.1, required by services@npm:@zcode/services@\nnpm error missing: zod@4.6.5, required by services@npm:@zcode/services@\nnpm error invalid: @zcode/model-option-map@ C:\\Users\\qianmengyys\\Desktop\\agent\\ZCode\\packages\\shared\\node_modules\\@zcode\\model-option-map\nnpm error missing: zod@4.6.5, required by shared@npm:@zcode/shared@\nnpm error missing: @aiden0z/pptx-renderer@1.2.4, required by ui@npm:@zcode/ui@\nnpm error missing: @dnd-kit/core@^6.3.1, required by ui@npm:@zcode/ui@\nnpm error missing: @dnd-kit/dom@^0.4.0, required by ui@npm:@zcode/ui@\nnpm error missing: @dnd-kit/helpers@^0.4.0, required by ui@npm:@zcode/ui@\nnpm error missing: @dnd-kit/react@^0.4.0, required by ui@npm:@zcode/ui@\nnpm error missing: @dnd-kit/sortable@^10.0.0, required by ui@npm:@zcode/ui@\nnpm error missing: @dnd-kit/utilities@^3.2.2, required by ui@npm:@zcode/ui@\nnpm error missing: @extend-ai/react-docx@^0.8.1, required by ui@npm:@zcode/ui@\nnpm error missing: @extend-ai/react-xlsx@^0.16.0, required by ui@npm:@zcode/ui@\nnpm error missing: @lexical/react@^0.42.0, required by ui@npm:@zcode/ui@\nnpm error missing: @pierre/diffs@^1.1.22, required by ui@npm:@zcode/ui@\nnpm error missing: @radix-ui/react-radio-group@^1.3.8, required by ui@npm:@zcode/ui@\nnpm error missing: @radix-ui/react-use-controllable-state@^1.2.2, required by ui@npm:@zcode/ui@\nnpm error missing: @rive-app/react-webgl2@^4.27.3, required by ui@npm:@zcode/ui@\nnpm error missing: @streamdown/cjk@^1.0.3, required by ui@npm:@zcode/ui@\nnpm error missing: @streamdown/code@^1.1.1, required by ui@npm:@zcode/ui@\nnpm error missing: @streamdown/math@^1.0.2, required by ui@npm:@zcode/ui@\nnpm error missing: @streamdown/mermaid@^1.0.2, required by ui@npm:@zcode/ui@\nnpm error missing: @stripe/react-stripe-js@^6.4.0, required by ui@npm:@zcode/ui@\nnpm error missing: @stripe/stripe-js@^9.6.0, required by ui@npm:@zcode/ui@\nnpm error missing: @tailwindcss/typography@^0.5.19, required by ui@npm:@zcode/ui@\nnpm error missing: @tanstack/react-virtual@^3.13.23, required by ui@npm:@zcode/ui@\nnpm error missing: @types/qrcode@^1.5.5, required by ui@npm:@zcode/ui@\nnpm error missing: @types/react-dom@^19.2.3, required by ui@npm:@zcode/ui@\nnpm error missing: @types/react@^19.2.14, required by ui@npm:@zcode/ui@\nnpm error missing: @xterm/addon-clipboard@^0.2.0, required by ui@npm:@zcode/ui@\nnpm error missing: @xterm/addon-fit@^0.10.0, required by ui@npm:@zcode/ui@\nnpm error missing: @xterm/xterm@^5.5.0, required by ui@npm:@zcode/ui@\nnpm error missing: @xyflow/react@^12.10.1, required by ui@npm:@zcode/ui@\nnpm error invalid: @zcode/provider@ C:\\Users\\qianmengyys\\Desktop\\agent\\ZCode\\packages\\ui\\node_modules\\@zcode\\provider\nnpm error invalid: @zcode/rpc@1.0.0 C:\\Users\\qianmengyys\\Desktop\\agent\\ZCode\\packages\\ui\\node_modules\\@zcode\\rpc\nnpm error invalid: @zcode/services@ C:\\Users\\qianmengyys\\Desktop\\agent\\ZCode\\packages\\ui\\node_modules\\@zcode\\services\nnpm error invalid: @zcode/shared@ C:\\Users\\qianmengyys\\Desktop\\agent\\ZCode\\packages\\ui\\node_modules\\@zcode\\shared\nnpm error missing: ansi-to-react@^6.2.6, required by ui@npm:@zcode/ui@\nnpm error missing: class-variance-authority@^0.7.1, required by ui@npm:@zcode/ui@\nnpm error missing: clsx@^2.1.1, required by ui@npm:@zcode/ui@\nnpm error missing: cmdk@^1.1.1, required by ui@npm:@zcode/ui@\nnpm error missing: docx-preview@^0.4.0, required by ui@npm:@zcode/ui@\nnpm error missing: embla-carousel-react@^8.6.0, required by ui@npm:@zcode/ui@\nnpm error missing: highlight.js@^11.11.1, required by ui@npm:@zcode/ui@\nnpm error missing: katex@^0.16.45, required by ui@npm:@zcode/ui@\nnpm error missing: lexical@^0.42.0, required by ui@npm:@zcode/ui@\nnpm error missing: lucide-react@^1.17.0, required by ui@npm:@zcode/ui@\nnpm error missing: marked@16.4.2, required by ui@npm:@zcode/ui@\nnpm error missing: media-chrome@^4.18.2, required by ui@npm:@zcode/ui@\nnpm error missing: motion@^12.38.0, required by ui@npm:@zcode/ui@\nnpm error missing: pdfjs-dist@5.4.296, required by ui@npm:@zcode/ui@\nnpm error missing: pinyin-pro@3.29.4, required by ui@npm:@zcode/ui@\nnpm error missing: qrcode@^1.5.4, required by ui@npm:@zcode/ui@\nnpm error missing: radix-ui@^1.4.3, required by ui@npm:@zcode/ui@\nnpm error missing: react-dom@^19.2.0, required by ui@npm:@zcode/ui@\nnpm error missing: react-jsx-parser@^2.4.1, required by ui@npm:@zcode/ui@\nnpm error missing: react-pdf@^10.4.1, required by ui@npm:@zcode/ui@\nnpm error missing: react-resizable-panels@^4.8.0, required by ui@npm:@zcode/ui@\nnpm error missing: react@^19.2.0, required by ui@npm:@zcode/ui@\nnpm error missing: recharts@^3.8.0, required by ui@npm:@zcode/ui@\nnpm error missing: remark-cjk-friendly-gfm-strikethrough@^2.0.1, required by ui@npm:@zcode/ui@\nnpm error missing: shadcn@4.1.1, required by ui@npm:@zcode/ui@\nnpm error missing: streamdown@^2.5.0, required by ui@npm:@zcode/ui@\nnpm error missing: swr@^2.5.1, required by ui@npm:@zcode/ui@\nnpm error missing: tailwind-merge@^3.5.0, required by ui@npm:@zcode/ui@\nnpm error missing: tailwind-scrollbar-hide@^4.0.0, required by ui@npm:@zcode/ui@\nnpm error missing: tailwindcss@^4.2.2, required by ui@npm:@zcode/ui@\nnpm error missing: tokenlens@^1.3.1, required by ui@npm:@zcode/ui@\nnpm error missing: tw-animate-css@^1.4.0, required by ui@npm:@zcode/ui@\nnpm error missing: unified@^11.0.5, required by ui@npm:@zcode/ui@\nnpm error missing: use-stick-to-bottom@^1.1.3, required by ui@npm:@zcode/ui@\nnpm error missing: @types/js-yaml@4.0.3, required by electron-updater@6.8.3\nnpm error missing: @types/lodash.escaperegexp@4.1.6, required by electron-updater@6.8.3\nnpm error missing: @types/lodash.isequal@4.5.5, required by electron-updater@6.8.3\nnpm error missing: semver@~7.7.3, required by electron-updater@6.8.3\nnpm error missing: bench-node@^0.5.4, required by module-details-from-path@1.0.4\nnpm error missing: standard@^15.0.1, required by module-details-from-path@1.0.4\nnpm error missing: tape@^4.6.0, required by module-details-from-path@1.0.4\nnpm error missing: browserify@^16.5.2, required by node-forge@1.4.0\nnpm error missing: cross-env@^5.2.1, required by node-forge@1.4.0\nnpm error missing: eslint-config-digitalbazaar@^2.8.0, required by node-forge@1.4.0\nnpm error missing: eslint@^7.27.0, required by node-forge@1.4.0\nnpm error missing: karma-browserify@^7.0.0, required by node-forge@1.4.0\nnpm error missing: karma-chrome-launcher@^3.1.0, required by node-forge@1.4.0\nnpm error missing: karma-edge-launcher@^0.4.2, required by node-forge@1.4.0\nnpm error missing: karma-firefox-launcher@^1.3.0, required by node-forge@1.4.0\nnpm error missing: karma-ie-launcher@^1.0.0, required by node-forge@1.4.0\nnpm error missing: karma-mocha-reporter@^2.2.5, required by node-forge@1.4.0\nnpm error missing: karma-mocha@^1.3.0, required by node-forge@1.4.0\nnpm error missing: karma-safari-launcher@^1.0.0, required by node-forge@1.4.0\nnpm error missing: karma-sauce-launcher@^2.0.2, required by node-forge@1.4.0\nnpm error missing: karma-sourcemap-loader@^0.3.8, required by node-forge@1.4.0\nnpm error missing: karma-tap-reporter@0.0.6, required by node-forge@1.4.0\nnpm error missing: karma-webpack@^4.0.2, required by node-forge@1.4.0\nnpm error missing: karma@^4.4.1, required by node-forge@1.4.0\nnpm error missing: mocha-lcov-reporter@^1.2.0, required by node-forge@1.4.0\nnpm error missing: mocha@^5.2.0, required by node-forge@1.4.0\nnpm error missing: nodejs-websocket@^1.7.1, required by node-forge@1.4.0\nnpm error missing: nyc@^15.1.0, required by node-forge@1.4.0\nnpm error missing: opts@^1.2.7, required by node-forge@1.4.0\nnpm error missing: webpack-cli@^3.3.12, required by node-forge@1.4.0\nnpm error missing: webpack@^4.44.1, required by node-forge@1.4.0\nnpm error missing: worker-loader@^2.0.0, required by node-forge@1.4.0\nnpm error missing: @types/mocha@^7.0.2, required by node-pty@1.1.0\nnpm error missing: @typescript-eslint/eslint-plugin@^2.27.0, required by node-pty@1.1.0\nnpm error missing: @typescript-eslint/parser@^2.27.0, required by node-pty@1.1.0\nnpm error missing: cross-env@^5.1.4, required by node-pty@1.1.0\nnpm error missing: eslint@^6.8.0, required by node-pty@1.1.0\nnpm error missing: mocha@10, required by node-pty@1.1.0\nnpm error missing: ps-list@^6.0.0, required by node-pty@1.1.0\nnpm error missing: react@^19.2.7, required by react-dom@19.2.7\nnpm error missing: @npmcli/eslint-config@^6.0.0, required by semver@7.7.4\nnpm error missing: @npmcli/template-oss@4.29.0, required by semver@7.7.4\nnpm error missing: benchmark@^2.1.4, required by semver@7.7.4\nnpm error missing: tap@^16.0.0, required by semver@7.7.4\nnpm error missing: @mscdex/eslint-config@^1.1.0, required by ssh2@1.17.0\nnpm error missing: eslint@^7.32.0, required by ssh2@1.17.0\nnpm error missing: @fastify/busboy@2.1.1, required by undici@6.24.1\nnpm error missing: @matteo.collina/tspl@^0.1.1, required by undici@6.24.1\nnpm error missing: @metcoder95/https-pem@^1.0.0, required by undici@6.24.1\nnpm error missing: @sinonjs/fake-timers@^11.1.0, required by undici@6.24.1\nnpm error missing: abort-controller@^3.0.0, required by undici@6.24.1\nnpm error missing: borp@^0.15.0, required by undici@6.24.1\nnpm error invalid: c8@11.0.0 C:\\Users\\qianmengyys\\Desktop\\agent\\ZCode\\node_modules\\c8\nnpm error missing: cross-env@^7.0.3, required by undici@6.24.1\nnpm error missing: dns-packet@^5.4.0, required by undici@6.24.1\nnpm error missing: fast-check@^3.17.1, required by undici@6.24.1\nnpm error missing: formdata-node@^6.0.3, required by undici@6.24.1\nnpm error missing: jest@^29.0.2, required by undici@6.24.1\nnpm error missing: jsdom@^24.0.0, required by undici@6.24.1\nnpm error missing: node-forge@^1.3.1, required by undici@6.24.1\nnpm error missing: pre-commit@^1.2.2, required by undici@6.24.1\nnpm error missing: proxy@^2.1.1, required by undici@6.24.1\nnpm error missing: snazzy@^9.0.0, required by undici@6.24.1\nnpm error missing: standard@^17.0.0, required by undici@6.24.1\nnpm error missing: tsd@^0.31.0, required by undici@6.24.1\nnpm error missing: ws@^8.11.0, required by undici@6.24.1\nnpm error missing: @eslint/js@^10.0.1, required by ws@8.20.0\nnpm error missing: benchmark@^2.1.4, required by ws@8.20.0\nnpm error missing: bufferutil@^4.0.1, required by ws@8.20.0\nnpm error missing: eslint-config-prettier@^10.0.1, required by ws@8.20.0\nnpm error missing: eslint-plugin-prettier@^5.0.0, required by ws@8.20.0\nnpm error missing: eslint@^10.0.1, required by ws@8.20.0\nnpm error missing: globals@^17.0.0, required by ws@8.20.0\nnpm error missing: mocha@^8.4.0, required by ws@8.20.0\nnpm error missing: nyc@^15.0.0, required by ws@8.20.0\nnpm error missing: prettier@^3.0.0, required by ws@8.20.0\nnpm error missing: utf-8-validate@^6.0.0, required by ws@8.20.0\nnpm error missing: @babel/preset-env@^7.12.11, required by yaml@2.9.0\nnpm error missing: @eslint/js@^9.9.1, required by yaml@2.9.0\nnpm error missing: @rollup/plugin-babel@^6.0.3, required by yaml@2.9.0\nnpm error missing: @rollup/plugin-replace@^6.0.3, required by yaml@2.9.0\nnpm error missing: @rollup/plugin-typescript@^12.1.1, required by yaml@2.9.0\nnpm error missing: @types/jest@^29.2.4, required by yaml@2.9.0\nnpm error missing: babel-jest@^29.0.1, required by yaml@2.9.0\nnpm error missing: eslint-config-prettier@^10.1.8, required by yaml@2.9.0\nnpm error missing: eslint@^9.9.1, required by yaml@2.9.0\nnpm error missing: fast-check@^2.12.0, required by yaml@2.9.0\nnpm error missing: jest-resolve@^29.7.0, required by yaml@2.9.0\nnpm error missing: jest-ts-webcompat-resolver@^1.0.0, required by yaml@2.9.0\nnpm error missing: jest@^29.0.1, required by yaml@2.9.0\nnpm error missing: prettier@^3.0.2, required by yaml@2.9.0\nnpm error missing: typescript-eslint@^8.4.0, required by yaml@2.9.0\nnpm error invalid: bl@4.1.0 C:\\Users\\qianmengyys\\Desktop\\agent\\ZCode\\node_modules\\bl\nnpm error missing: yauzl@^3.2.0, required by yazl@3.3.1\nnpm error missing: ws@^8.19.0, required by @larksuiteoapi/node-sdk@1.64.0\nnpm error missing: zod@^3.25.76 || ^4.1.8, required by ai@6.0.159\nnpm error missing: @shikijs/vscode-textmate@^10.0.2, required by shiki@4.0.2\nnpm error missing: @types/hast@^3.0.4, required by shiki@4.0.2\nnpm error missing: zod@^3.25.76 || ^4.1.8, required by @ai-sdk/gateway@3.0.96\nnpm error missing: @standard-schema/spec@^1.1.0, required by @ai-sdk/provider-utils@4.0.23\nnpm error missing: eventsource-parser@^3.0.6, required by @ai-sdk/provider-utils@4.0.23\nnpm error missing: zod@^3.25.76 || ^4.1.8, required by @ai-sdk/provider-utils@4.0.23\nnpm error missing: json-schema@^0.4.0, required by @ai-sdk/provider@3.0.8\nnpm error missing: @shikijs/vscode-textmate@^10.0.2, required by @shikijs/core@4.0.2\nnpm error missing: @types/hast@^3.0.4, required by @shikijs/core@4.0.2\nnpm error missing: hast-util-to-html@^9.0.5, required by @shikijs/core@4.0.2\nnpm error missing: @shikijs/vscode-textmate@^10.0.2, required by @shikijs/engine-javascript@4.0.2\nnpm error missing: oniguruma-to-es@^4.3.4, required by @shikijs/engine-javascript@4.0.2\nnpm error missing: @shikijs/vscode-textmate@^10.0.2, required by @shikijs/engine-oniguruma@4.0.2\nnpm error missing: @shikijs/vscode-textmate@^10.0.2, required by @shikijs/types@4.0.2\nnpm error missing: @types/hast@^3.0.4, required by @shikijs/types@4.0.2\nnpm error missing: @shikijs/vscode-textmate@^10.0.2, required by @shikijs/primitive@4.0.2\nnpm error missing: @types/hast@^3.0.4, required by @shikijs/primitive@4.0.2\nnpm error A complete log of this run can be found in: C:\\Users\\qianmengyys\\AppData\\Local\\npm-cache\\_logs\\2026-10-07T06_56_45_010Z-debug-0.log\n"]
  • duplicate dependency references  dependencies=["rrweb-snapshot@2.1.6","postcss@8.5.9","debug@4.4.3","@types/node@25.6.0","@types/node@25.6.0","@types/responselike@1.0.3","@types/node@25.6.0","get-stream@5.2.0","responselike@2.0.1","debug@4.4.3","debug@4.4.3","once@1.4.0","once@1.4.0","@types/node@25.6.0","@babel/core@7.29.0","@babel/plugin-transform-typescript@7.28.6","@types/node@25.6.0","rollup@4.60.1","@types/node@25.6.0","@types/node@25.6.0","form-data@4.0.5","qs@6.15.1","http-errors@2.0.1","mime-types@3.0.2","mime-types@3.0.2","body-parser@2.2.2","debug@4.4.3","debug@4.4.3","on-finished@2.4.1","http-errors@2.0.1","on-finished@2.4.1","qs@6.15.1","debug@4.4.3","debug@4.4.3","http-errors@2.0.1","mime-types@3.0.2","on-finished@2.4.1","send@1.2.1","type-is@2.0.1","@types/node@25.6.0","call-bind-apply-helpers@1.0.2","get-intrinsic@1.3.0","get-intrinsic@1.3.0","call-bound@1.0.4","get-intrinsic@1.3.0","side-channel-map@1.0.1","rollup@4.60.1","@types/node@25.6.0","@types/node@25.6.0","@babel/parser@7.29.2","@babel/types@7.29.0","@jridgewell/trace-mapping@0.3.31","browserslist@4.28.2","@babel/core@7.29.0","@babel/traverse@7.29.0","@babel/types@7.29.0","@babel/traverse@7.29.0","@babel/template@7.28.6","@babel/types@7.29.0","@babel/types@7.29.0","@babel/code-frame@7.29.0","@babel/parser@7.29.2","@babel/types@7.29.0","@babel/code-frame@7.29.0","@babel/generator@7.29.1","@babel/parser@7.29.2","@babel/template@7.28.6","@babel/types@7.29.0","debug@4.4.3","@jridgewell/gen-mapping@0.3.13","@jridgewell/trace-mapping@0.3.31","debug@4.4.3","@types/node@25.6.0","@opentelemetry/core@2.6.1","@opentelemetry/otlp-exporter-base@0.214.0","@opentelemetry/otlp-transformer@0.214.0","@opentelemetry/core@2.6.1","@types/node@25.6.0","@babel/core@7.29.0","@opentelemetry/core@2.6.1","@types/node@25.6.0","@opentelemetry/core@2.6.1","@opentelemetry/otlp-transformer@0.214.0","@opentelemetry/core@2.6.1","@opentelemetry/resources@2.6.1","@opentelemetry/api-logs@0.214.0","@opentelemetry/core@2.6.1","@opentelemetry/resources@2.6.1","@opentelemetry/sdk-metrics@2.6.1","@opentelemetry/core@2.6.1","@types/node@25.6.0","protobufjs@7.5.5","@types/node@25.6.0","@babel/core@7.29.0","@opentelemetry/core@2.6.1","@opentelemetry/otlp-exporter-base@0.214.0","@opentelemetry/otlp-transformer@0.214.0","@types/node@25.6.0","@opentelemetry/core@2.6.1","@types/node@25.6.0","@babel/core@7.29.0","@opentelemetry/core@2.6.1","@types/node@25.6.0","@opentelemetry/core@2.6.1","@types/node@25.6.0","ts-node@10.9.2","@larksuiteoapi/node-sdk@1.64.0","@types/node@25.6.0","@zcode/provider-node@undefined","@zcode/provider@undefined","@zcode/shared@undefined","esbuild@0.25.12","@types/node@25.6.0","@types/ws@8.18.1","@zcode/services@undefined","@zcode/shared@undefined","ts-node@10.9.2","@larksuiteoapi/node-sdk@1.64.0","@types/node@25.6.0","@zcode/provider-node@undefined","@zcode/provider@undefined","@zcode/shared@undefined","esbuild@0.25.12","@types/node@25.6.0","@zcode/shared@undefined","ts-node@10.9.2","@types/node@25.6.0","@types/ws@8.18.1","@zcode/services@undefined","@zcode/shared@undefined","@types/node@25.6.0","@types/ws@8.18.1","@zcode/client@undefined","@zcode/services@undefined","@zcode/shared@undefined","ts-node@10.9.2","@larksuiteoapi/node-sdk@1.64.0","@types/node@25.6.0","@zcode/provider-node@undefined","@zcode/provider@undefined","@zcode/shared@undefined","esbuild@0.25.12","axios@1.13.6","combined-stream@1.0.8","call-bind-apply-helpers@1.0.2","es-object-atoms@1.1.1","hasown@2.0.2","hasown@2.0.2","axios@1.13.6","protobufjs@7.5.5","qs@6.15.1","@types/node@25.6.0","@types/node@25.6.0","@zcode/provider@undefined","@zcode/shared@undefined","@zcode/shared@undefined","ts-node@10.9.2","@zcode/shared@undefined","ts-node@10.9.2","@larksuiteoapi/node-sdk@1.64.0","@types/node@25.6.0","@zcode/provider-node@undefined","@zcode/provider@undefined","@zcode/shared@undefined","esbuild@0.25.12","@ai-sdk/provider-utils@4.0.23","@ai-sdk/provider@3.0.8","@ai-sdk/provider@3.0.8","@shikijs/types@4.0.2","@shikijs/types@4.0.2","@shikijs/types@4.0.2","@shikijs/types@4.0.2","@shikijs/types@4.0.2","@shikijs/types@4.0.2","@types/node@25.6.0","debug@4.4.3","electron@41.0.3","express@5.2.1","@types/node@25.6.0","debug@4.4.3","debug@4.4.3","debug@4.4.3","foreground-child@3.3.1","strip-ansi@7.2.0","ansi-styles@4.3.0","string-width@4.2.3","string-width@5.1.2","strip-ansi@7.2.0","minipass-flush@1.0.7","minipass-pipeline@1.2.4","ssri@12.0.0","tar@7.5.13","minizlib@3.1.0","tinyglobby@0.2.16","@types/node@25.6.0","istanbul-lib-report@3.0.1","minimatch@10.2.5","@jridgewell/trace-mapping@0.3.31","string-width@4.2.3","string-width@4.2.3","strip-ansi@6.0.1","form-data@4.0.5","@babel/core@7.29.0","@babel/core@7.29.0","@babel/types@7.29.0","@babel/core@7.29.0","@babel/helper-annotate-as-pure@7.27.3","@babel/traverse@7.29.0","@babel/types@7.29.0","@babel/types@7.29.0","@babel/core@7.29.0","@babel/helper-member-expression-to-functions@7.28.5","@babel/helper-optimise-call-expression@7.27.1","@babel/traverse@7.29.0","@babel/helper-skip-transparent-expression-wrappers@7.27.1","@babel/traverse@7.29.0","@babel/traverse@7.29.0","@babel/types@7.29.0","@babel/core@7.29.0","@types/node@25.6.0","rollup@4.60.1"]
  • cannot find path for dependency  dependencies=["ws@undefined","@opentelemetry/resources@undefined","@opentelemetry/sdk-metrics@undefined","@opentelemetry/resources@undefined","@opentelemetry/sdk-trace-base@undefined","@opentelemetry/resources@undefined","@opentelemetry/resources@undefined","ws@undefined","@lydell/node-pty-linux-arm64@undefined","@lydell/node-pty-linux-x64@undefined","node-forge@undefined","node-pty@undefined","ssh2@undefined","undici@undefined","ws@undefined","yaml@undefined","yauzl@undefined","yazl@undefined","node-forge@undefined","node-pty@undefined","undici@undefined","yaml@undefined","yazl@undefined","ws@undefined","semver@undefined","@hono/node-server@undefined","@hono/node-ws@undefined","hono@undefined","zod@undefined","@lydell/node-pty-darwin-arm64@undefined","@lydell/node-pty-darwin-x64@undefined","croner@undefined","ignore@undefined","smol-toml@undefined","@aiden0z/pptx-renderer@undefined","@dnd-kit/core@undefined","@dnd-kit/dom@undefined","@dnd-kit/helpers@undefined","@dnd-kit/react@undefined","@dnd-kit/sortable@undefined","@dnd-kit/utilities@undefined","@extend-ai/react-docx@undefined","@extend-ai/react-xlsx@undefined","@lexical/react@undefined","@pierre/diffs@undefined","@radix-ui/react-radio-group@undefined","@radix-ui/react-use-controllable-state@undefined","@rive-app/react-webgl2@undefined","@streamdown/cjk@undefined","@streamdown/code@undefined","@streamdown/math@undefined","@streamdown/mermaid@undefined","@stripe/react-stripe-js@undefined","@stripe/stripe-js@undefined","@xterm/addon-clipboard@undefined","@xterm/addon-fit@undefined","@xterm/xterm@undefined","@xyflow/react@undefined","ansi-to-react@undefined","class-variance-authority@undefined","clsx@undefined","cmdk@undefined","docx-preview@undefined","embla-carousel-react@undefined","highlight.js@undefined","katex@undefined","lexical@undefined","lucide-react@undefined","marked@undefined","media-chrome@undefined","motion@undefined","pdfjs-dist@undefined","pinyin-pro@undefined","qrcode@undefined","radix-ui@undefined","react-jsx-parser@undefined","react-pdf@undefined","react-resizable-panels@undefined","recharts@undefined","remark-cjk-friendly-gfm-strikethrough@undefined","shadcn@undefined","streamdown@undefined","swr@undefined","tailwind-merge@undefined","tailwind-scrollbar-hide@undefined","tokenlens@undefined","tw-animate-css@undefined","use-stick-to-bottom@undefined","@shikijs/vscode-textmate@undefined","@types/hast@undefined","@standard-schema/spec@undefined","eventsource-parser@undefined","json-schema@undefined","hast-util-to-html@undefined","oniguruma-to-es@undefined"]
  • updating asar integrity executable resource  executablePath=dist\win-unpacked\ZCode Preview.exe
  • signing with signtool.exe  path=dist\win-unpacked\resources\tools\ugrep\ugrep.exe
  • signing with signtool.exe  path=dist\win-unpacked\resources\tools\ripgrep\rg.exe
[ci][timer] afterPack:injectHoistedRuntimeModulesIntoAsar start
[ci][timer] afterPack:scan-missing-runtime-modules start
[ci][timer] afterPack:scan-missing-runtime-modules end duration_ms=380
[afterPack] runtime modules already complete, skip app.asar rewrite
[ci][timer] afterPack:injectHoistedRuntimeModulesIntoAsar end duration_ms=382
[ci][timer] afterPack:stripPackagedSourcemapReferences start
[ci][timer] afterPack:sourcemap-cleanup:asar-extract start
[ci][timer] afterPack:sourcemap-cleanup:asar-extract end duration_ms=11502
[afterPack] stripped sourceMappingURL references=1675 files=1673 maps=0
[ci][timer] afterPack:sourcemap-cleanup:asar-pack start
[ci][timer] afterPack:sourcemap-cleanup:asar-pack end duration_ms=14963
[afterPack] resources sourcemap cleanup references=0 files=0 maps=0
[ci][timer] afterPack:stripPackagedSourcemapReferences end duration_ms=33384
[ci][timer] afterPack:assertPackagedNativeResourcePolicy start
[ci][timer] afterPack:assertPackagedNativeResourcePolicy end duration_ms=310
[ci][timer] afterPack:assertPackagedNodePtyPrebuild start
[ci][timer] afterPack:assertPackagedNodePtyPrebuild end duration_ms=1
[ci][timer] afterPack:writeWindowsInstallManifest start
[ci][timer] afterPack:writeWindowsInstallManifest end duration_ms=11
  • signing with signtool.exe  path=dist\win-unpacked\ZCode Preview.exe
  • signing with signtool.exe  path=dist\win-unpacked\resources\app.asar.unpacked\node_modules\ssh2\util\pagent.exe
  • signing with signtool.exe  path=dist\win-unpacked\resources\app.asar.unpacked\node_modules\node-pty\third_party\conpty\1.23.251008001\win10-x64\OpenConsole.exe
  • signing with signtool.exe  path=dist\win-unpacked\resources\app.asar.unpacked\node_modules\node-pty\third_party\conpty\1.23.251008001\win10-arm64\OpenConsole.exe
  • signing with signtool.exe  path=dist\win-unpacked\resources\app.asar.unpacked\node_modules\node-pty\prebuilds\win32-x64\winpty-agent.exe
  • signing with signtool.exe  path=dist\win-unpacked\resources\app.asar.unpacked\node_modules\node-pty\prebuilds\win32-x64\conpty\OpenConsole.exe
  • building        target=nsis file=dist\ZCode Preview-3.14.3-win-x64.exe archs=x64 oneClick=false perMachine=false
  • signing with signtool.exe  path=dist\win-unpacked\resources\elevate.exe
  • signing with signtool.exe  path=dist\ZCode Preview-3.14.3-win-x64.__uninstaller.exe
  • signing with signtool.exe  path=dist\ZCode Preview-3.14.3-win-x64.exe
  • building block map  blockMapFile=dist\ZCode Preview-3.14.3-win-x64.exe.blockmap
EXIT=0
